SMILES,Td
*C*,382.5
*C(C*)C,394.6125
*C(C*)c1ccccc1,331.8933333
*C(C*)c1ccc(cc1)C,318.0
*C(C*)c1ccc(cc1)F,368.0
*C(C*)c1ccncc1,325.0
*C(C*)C#N,212.0
*C1c2c(CC1*)cccc2,357.0
*C(=C(*)C)[Si](C)(C)C,390.0
*C(C*)C(=O)O,425.0
*C(C*)C(=O)OCCCC,327.5
*C(C*)C(=O)OC(C)(C)C,241.0
*C(C*)(C(=O)OC)C,269.575
*C(C*)(C(=O)OCC)C,231.6666667
*C(C*)(C(=O)OCCC)C,246.0
*C(C*)(C(=O)OC(C)C)C,217.0
*C(C*)(C(=O)OCCCC)C,179.0
*C(C*)(C(=O)OC(CC)C)C,223.0
*C(C*)(C(=O)OCC(C)C)C,166.0
*C(C*)(C(=O)OC(C)(C)C)C,224.0
*C(C*)(C(=O)Oc1ccccc1)C,242.0
*C(C*)(C(=O)OCCO)C,286.0
*C(C*)(C(=O)OCCN(C)C)C,159.1
*C(C*)(C(=O)OCCCCC)C,285.0
*C(C*)(C(=O)N)C,291.0
*C(C*)(C(=O)OCCCCCCOc1ccc(cc1)c1ccc(cc1)OC)C,323.0
*C(C*)(C(=O)OCC#C)C,280.0
*C(C*)Cl,240.6666667
*C(*)(F)F,522.5571429
*OCC*,310.81
*OC(C*)c1ccccc1,310.0
*Oc1c(cc(cc1C)*)C,430.0
*Oc1c(cc(cc1OC)*)OC,350.0
*Oc1ccc(cc1)C(=O)NCC(CCCNC(=O)c1ccc(cc1)*)(C)C,316.0
*Oc1ccc(cc1)NC(=O)c1cc(ccc1)C(=O)Nc1ccc(cc1)*,427.0
*Oc1ccc(cc1)NC(=O)c1ccc(cc1)C(=O)Nc1ccc(cc1)*,460.0
*Oc1ccc(cc1)S(=O)(=O)c1ccc(cc1)*,500.5
*Oc1ccc(cc1)S(=O)(=O)c1ccc(cc1)Oc1ccc(cc1)C(c1ccc(cc1)*)(C)C,483.4
*c1oc2c(n1)ccc(c2)c1ccc2c(oc(n2)CCCCCCCC*)c1,300.0
*Oc1ccc(cc1)Oc1ccc(cc1)C(=O)c1ccc(cc1)*,572.325
*Oc1ccc(cc1)C(c1ccc(cc1)Oc1ccc(cc1)C(=O)c1ccc(cc1)*)(C)C,501.0
*Oc1ccc(cc1)C(c1ccc(cc1)Oc1ccc(cc1)C(=O)c1ccc(cc1)*)(C(F)(F)F)C(F)(F)F,521.0
*Oc1ccc(cc1)S(=O)(=O)c1ccc(cc1)Oc1ccc(cc1)c1ccc(cc1)*,523.0
*Oc1ccc(cc1)Oc1ccc(cc1)S(=O)(=O)c1ccc(cc1)*,494.0
*Oc1cc(ccc1)NC(=O)CCCCC(=O)Nc1ccc(cc1)*,340.0
*Oc1ccc(cc1)NC(=O)CCCCC(=O)Nc1ccc(cc1)*,370.0
*Oc1cc(ccc1)NC(=O)CCCCCCCC(=O)Nc1ccc(cc1)*,370.0
*Oc1ccc(cc1)NC(=O)CCCCCCCC(=O)Nc1ccc(cc1)*,340.0
*Oc1cc(ccc1)NC(=O)CCCCCCCCCCC(=O)Nc1ccc(cc1)*,360.0
*Oc1ccc(cc1)NC(=O)CCCCCCCCCCC(=O)Nc1ccc(cc1)*,370.0
*Oc1ccc(cc1)N=Cc1cc(c(cc1)OC(=O)CCCCC(=O)Oc1c(cc(cc1)C=Nc1ccc(cc1)*)OC)OC,200.0
*Oc1ccc(cc1)N=Cc1cc(c(cc1)OC(=O)c1cc(ccc1)C(=O)Oc1c(cc(cc1)C=Nc1ccc(cc1)*)OC)OC,190.0
*Oc1ccc(cc1)N=Cc1cc(c(cc1)OC(=O)CCCCCCCCC(=O)Oc1c(cc(cc1)C=Nc1ccc(cc1)*)OC)OC,280.0
*Oc1cc(ccc1)NC(=O)CCCCCC(=O)Nc1ccc(cc1)*,340.0
*Oc1ccc(cc1)NC(=O)CCCCCC(=O)Nc1ccc(cc1)*,340.0
*Oc1cc(ccc1)NC(=O)CCCCCCCCC(=O)Nc1ccc(cc1)*,370.0
*Oc1ccc(cc1)NC(=O)CCCCCCCCC(=O)Nc1ccc(cc1)*,370.0
*Oc1cc(ccc1)NC(=O)CCCCCCC(=O)Nc1ccc(cc1)*,360.0
*Oc1ccc(cc1)NC(=O)CCCCCCC(=O)Nc1ccc(cc1)*,340.0
*Oc1cc(ccc1)NC(=O)CCCCCCCCCC(=O)Nc1ccc(cc1)*,360.0
*Oc1ccc(cc1)NC(=O)CCCCCCCCCC(=O)Nc1ccc(cc1)*,360.0
*c1nc2c(c(c1)c1ccccc1)cc(cc2)Oc1cc2c(nc(cc2c2ccccc2)c2ccc(cc2)Oc2ccc(cc2)*)cc1,630.0
*OC(COC(=O)c1cc(ccc1)C(C(C(c1cc(ccc1)C(=O)OCC(*)(F)F)(F)F)(F)F)(F)F)(F)F,340.0
*OC(COC(=O)c1cc(ccc1)C(=O)OCC(*)(F)F)(F)F,380.0
*OC(COC(=O)c1cc(cc(c1)OCCCCC)C(=O)OCC(*)(F)F)(F)F,380.0
*c1sc(c(c1OCCCC)OCCCC)C=C*,300.0
*Oc1ccc(cc1)C(c1ccc(cc1)Oc1ccc(cc1)C(=O)c1c(cccc1)c1c(cccc1)C(=O)c1ccc(cc1)*)(C)C,491.0
*Oc1ccc(cc1)C(c1ccc(cc1)Oc1ccc(cc1)C(=O)c1c(cccc1)c1c(cccc1)C(=O)c1ccc(cc1)*)(C(F)(F)F)C(F)(F)F,523.0
*Oc1ccc(cc1)c1ccc(cc1)Oc1ccc(cc1)C(=O)c1c(cccc1)c1c(cccc1)C(=O)c1ccc(cc1)*,500.0
*Oc1ccc(cc1)Oc1ccc(cc1)C(=O)c1c(cccc1)c1c(cccc1)C(=O)c1ccc(cc1)*,493.0
*Oc1cc(c(cc1)C(=O)c1ccccc1)c1c(ccc(c1)Oc1ccc(cc1)C(c1ccc(cc1)*)(C)C)C(=O)c1ccccc1,475.0
*Oc1cc(c(cc1)C(=O)c1ccccc1)c1c(ccc(c1)Oc1ccc(cc1)C(c1ccc(cc1)*)(C(F)(F)F)C(F)(F)F)C(=O)c1ccccc1,500.0
*Oc1cc(c(cc1)C(=O)c1ccccc1)c1c(ccc(c1)Oc1ccc(cc1)c1ccc(cc1)*)C(=O)c1ccccc1,473.0
*Oc1ccc(cc1)Oc1cc(c(cc1)C(=O)c1ccccc1)c1c(ccc(c1)*)C(=O)c1ccccc1,462.0
*c1sc(cc1)Oc1ccc(cc1)C(c1ccc(cc1)Oc1ccc(cc1)S(=O)(=O)*)(C)C,393.8
*n1c(nc2c1cccc2)c1ccc(cc1)Oc1ccc(cc1)S(=O)(=O)c1ccc(cc1)Oc1ccc(cc1)c1nc2c(n1c1ccc(cc1)c1ccc(cc1)*)cccc2,493.0
*c1nc2c(n1c1ccc(cc1)n1c(nc3c1cccc3)c1ccc(cc1)Oc1ccc(cc1)S(=O)(=O)c1ccc(cc1)Oc1ccc(cc1)*)cccc2,467.0
*n1c(nc2c1cccc2)c1ccc(cc1)Oc1ccc(cc1)C(=O)c1ccc(cc1)Oc1ccc(cc1)c1nc2c(n1c1ccc(cc1)c1ccc(cc1)*)cccc2,484.0
*c1nc2c(n1c1ccc(cc1)n1c(nc3c1cccc3)c1ccc(cc1)Oc1ccc(cc1)C(=O)c1ccc(cc1)Oc1ccc(cc1)*)cccc2,522.0
*n1c(nc2c1cccc2)c1ccc(cc1)Oc1ccc(cc1)C(=O)c1ccc(cc1)C(=O)c1ccc(cc1)Oc1ccc(cc1)c1nc2c(n1c1ccc(cc1)c1ccc(cc1)*)cccc2,510.0
*c1nc2c(n1c1ccc(cc1)n1c(nc3c1cccc3)c1ccc(cc1)Oc1ccc(cc1)C(=O)c1ccc(cc1)C(=O)c1ccc(cc1)Oc1ccc(cc1)*)cccc2,513.0
*n1c(nc2c1cccc2)c1ccc(cc1)Oc1ccc(cc1)C(=O)c1cc(ccc1)C(=O)c1ccc(cc1)Oc1ccc(cc1)c1nc2c(n1c1ccc(cc1)c1ccc(cc1)*)cccc2,515.0
*c1nc2c(n1c1ccc(cc1)n1c(nc3c1cccc3)c1ccc(cc1)Oc1ccc(cc1)C(=O)c1cc(ccc1)C(=O)c1ccc(cc1)Oc1ccc(cc1)*)cccc2,512.0
*n1c(nc2c1cccc2)c1ccc(cc1)Oc1ccc(cc1)C(=O)c1ccc(cc1)Oc1ccc(cc1)C(=O)c1ccc(cc1)Oc1ccc(cc1)c1nc2c(n1c1ccc(cc1)c1ccc(cc1)*)cccc2,502.0
*c1nc2c(n1c1ccc(cc1)n1c(nc3c1cccc3)c1ccc(cc1)Oc1ccc(cc1)C(=O)c1ccc(cc1)Oc1ccc(cc1)C(=O)c1ccc(cc1)Oc1ccc(cc1)*)cccc2,514.0
*Oc1cc(ccc1)NC(=O)c1cc(ccc1)C(=O)Nc1ccc(cc1)*,410.0
*Oc1cc(ccc1)NC(=O)c1ccc(cc1)C(=O)c1cc(ccc1)C(=O)Nc1ccc(cc1)*,430.0
*c1oc(cc1)CC*,356.5
*Oc1ccc(cc1)NC(=O)c1ccc(cc1)P(=O)(c1ccc(cc1)C(=O)Nc1ccc(cc1)*)c1ccccc1,435.0
*Oc1cc(ccc1)NC(=O)c1ccc(cc1)P(=O)(c1ccc(cc1)C(=O)Nc1cc(ccc1)Oc1ccc(cc1)P(=O)(c1ccc(cc1)*)c1ccccc1)c1ccccc1,450.0
*Oc1ccc(cc1)NC(=O)c1ccc(cc1)P(=O)(c1ccc(cc1)C(=O)Nc1ccc(cc1)Oc1ccc(cc1)P(=O)(c1ccc(cc1)*)c1ccccc1)c1ccccc1,440.0
*Oc1c(cc(c(c1)OC)*)OC,245.0
*c1sc2c(n1)ccc(c2)c1ccc2c(sc(n2)CCCCCCCC*)c1,300.0
*c1sc(cc1)CC*,398.0
*OC(=O)CCC(=O)OCCCC*,363.1428571
*OC(=O)CCCCCCCCC(=O)OCCCC*,350.0
*OC(=O)CCCCCCCCC(=O)OCCCCCC*,338.5
*OC(=O)c1ccc(cc1)C(=O)OCC*,408.7625
*OC(=O)c1ccc(cc1)C(=O)OCCCC*,373.5666667
*OC(=O)c1ccc(cc1)C(=O)OCCCCCC*,370.0
*Oc1ccc(cc1)C(c1ccc(cc1)OC(=O)c1ccc(cc1)C(=O)*)(C)C,486.0
*OC(=O)c1cc2c(cc1)cc(cc2)C(=O)OCC*,410.5
*OC(=O)CCC(=O)OCCCCCC*,361.0
*OC(=O)CCCCC*,355.6666667
*OC(CC(=O)*)C,251.0
*OC(C(=O)*)C,331.456
*Oc1c(cc(cc1)C=Nc1c2c(ccc1)c(ccc2)N=Cc1cc(c(cc1)OC(=O)c1cc(ccc1)C(=O)*)OC)OC,240.0
*Oc1c(cc(cc1)C=Nc1c2c(ccc1)c(ccc2)N=Cc1cc(c(cc1)OC(=O)c1ccc(cc1)C(=O)*)OC)OC,250.0
*Oc1c(cc(cc1)C=Nc1c2c(ccc1)c(ccc2)N=Cc1cc(c(cc1)OC(=O)CCCCCCCCC(=O)*)OC)OC,230.0
*Oc1c(cc(cc1)C=Nc1ccc(cc1)N=Cc1cc(c(cc1)OC(=O)CCCCC(=O)*)OC)OC,190.0
*Oc1c(cc(cc1)C=Nc1ccc(cc1)N=Cc1cc(c(cc1)OC(=O)c1cc(ccc1)C(=O)*)OC)OC,235.0
*Oc1c(cc(cc1)C=Nc1ccc(cc1)N=Cc1cc(c(cc1)OC(=O)CCCCCCCCC(=O)*)OC)OC,190.0
*OC(=O)CCCCCCCC(=O)OCCCC*,350.0
*OC(=O)COCC(=O)OCCCC*,380.0
*OC(=O)c1cc(ccc1)c1cc(ccc1)C(=O)OCC(C(C(C*)(F)F)(F)F)(F)F,446.0
*OC(=O)c1cc(ccc1)C(C(C(c1cc(ccc1)C(=O)OCC(C(C(C*)(F)F)(F)F)(F)F)(F)F)(F)F)(F)F,437.0
*OC(=O)c1cc2c(cc1)cc(cc2)C(=O)OCCC*,379.0
*Oc1c(cc(cc1)C=Nc1ccc(cc1)c1ccc(cc1)N=Cc1cc(c(cc1)OC(=O)CCCCCCCCC(=O)*)OC)OC,320.0
*Oc1c(cc(cc1)C=Nc1ccc(cc1)c1ccc(cc1)N=Cc1cc(c(cc1)OC(=O)CCCCC(=O)*)OC)OC,320.0
*c1cc2c(C(=O)N(C2=O)c2ccc(cc2)C(=O)Nc2ccc(cc2)C(=O)OCCCCOC(=O)*)cc1,415.0
*c1cc2c(C(=O)N(C2=O)c2ccc(cc2)C(=O)Nc2ccc(cc2)C(=O)OCCCCCOC(=O)*)cc1,410.0
*c1cc2c(C(=O)N(C2=O)c2ccc(cc2)C(=O)Nc2ccc(cc2)C(=O)OCCCCCCOC(=O)*)cc1,413.0
*c1cc2c(C(=O)N(C2=O)c2ccc(cc2)C(=O)Nc2ccc(cc2)C(=O)OCCCCCCCOC(=O)*)cc1,410.0
*c1cc2c(C(=O)N(C2=O)c2ccc(cc2)C(=O)Nc2ccc(cc2)C(=O)OCCCCCCCCOC(=O)*)cc1,412.0
*c1cc2c(C(=O)N(C2=O)c2ccc(cc2)C(=O)Nc2ccc(cc2)C(=O)OCCCCCCCCCOC(=O)*)cc1,405.0
*c1cc2c(C(=O)N(C2=O)c2ccc(cc2)C(=O)Nc2ccc(cc2)C(=O)OCCCCCCCCCCOC(=O)*)cc1,402.0
*c1cc2c(C(=O)N(C2=O)c2ccc(cc2)C(=O)Nc2ccc(cc2)C(=O)OCCCCCCCCCCCCOC(=O)*)cc1,405.0
*c1ccc2c(c1)c(=O)oc(n2)c1cc(cc(c1)N1C(=O)c2c(C1=O)cccc2)c1oc(=O)c2c(ccc(c2)C*)n1,415.0
*NC(=O)CCCCC(=O)NCCCC*,404.0
*NC(=O)CCCCC*,390.3909091
*NC(=O)CCCCC(=O)NCCCCCC*,410.5
*NC(=O)CCCCC(=O)NCCCCCCCCC*,372.5
*Nc1ccc(cc1)c1ccc(cc1)NC(=O)c1cc(ccc1)C(=O)*,370.0
*NC(=O)c1cc(ccc1)C(=O)NCC(CCC*)(C)C,302.0
*NC(=O)CCCCC(=O)NCc1cc(ccc1)C*,396.8
*NC(=O)CCCCC(=O)NCC(CCC*)(C)C,305.0
*NC(=O)CCCCCCCC(=O)NCC(CCC*)(C)C,346.0
*NC(=O)CCCCCC(=O)NCC(CCC*)(C)C,341.0
*NC(=O)c1ccc(cc1)C(=O)NCC(CCC*)(C)C,285.0
*NC(=O)C(=O)NCC(CCC*)(C)C,286.0
*Nc1ccc(cc1)NC(=O)c1ccc(cc1)C(=O)*,522.5
*NC(=O)c1ccc(cc1)C(=O)NCCCCCC*,479.0
*NC(=O)CCCCC(=O)NC*,480.0
*NC(=O)CCCCCCCCC(=O)NC*,530.0
*Nc1ccc(cc1)NC(=O)c1ccc(cc1)P(=O)(c1ccc(cc1)C(=O)*)c1ccccc1,425.0
*NC(=O)c1c(c(c(c(c1Cl)Cl)C(=O)NCCCCCC*)Cl)Cl,364.0
*Nc1ccc(cc1)NC(=O)c1cc(ccc1)C(=O)c1ccc(cc1)C(=O)*,457.0
*Nc1cc(ccc1)C(=O)c1ccc(cc1)NC(=O)c1cc(ccc1)C(=O)c1ccc(cc1)C(=O)*,388.0
*Nc1ccc(cc1)NC(=O)c1ccc(cc1)NC(=O)c1ccc(cc1)P(=O)(c1ccc(cc1)C(=O)*)c1ccccc1,430.0
*NC(=O)NCCCCCC*,370.0
*Nc1ccc(cc1)Cc1ccc(cc1)NC(=O)NCCCCCCNC(=O)*,330.0
*n1c(=O)c2cc3c(cc2c1=O)c(=O)n(c3=O)c1ccc(cc1)Oc1ccc(cc1)*,529.1076923
*c1cc2c(C(=O)N(C2=O)c2ccc(cc2)Oc2ccc(cc2)N2C(=O)c3c(C2=O)cc(cc3)C(=O)Oc2ccc(cc2)OC(=O)*)cc1,433.5
*N1C(=O)c2c(C1=O)cc(cc2)Oc1cc2c(C(=O)N(C2=O)c2ccc(cc2)Oc2ccc(cc2)*)cc1,478.074
*N1C(=O)c2c(C1=O)cc(cc2)Oc1cc(ccc1)Oc1cc2c(C(=O)N(C2=O)c2ccc(cc2)Oc2cc(ccc2)Oc2ccc(cc2)*)cc1,476.85
*c1cc2c(C(=O)N(C2=O)c2ccc(cc2)Cc2ccc(cc2)N2C(=O)c3c(C2=O)cc(cc3)C(C(C(*)(F)F)(F)F)(F)F)cc1,496.0
*c1cc2c(C(=O)N(C2=O)c2ccc(cc2)Oc2ccc(cc2)N2C(=O)c3c(C2=O)cc(cc3)C(C(C(*)(F)F)(F)F)(F)F)cc1,510.0
*n1c(=O)c2cc3c(cc2c1=O)c(=O)n(c3=O)c1cc(ccc1)Oc1ccc(cc1)S(=O)(=O)c1ccc(cc1)Oc1cc(ccc1)*,570.0
*N1C(=O)c2c(C1=O)cc(cc2)c1cc2c(C(=O)N(C2=O)c2ccc(cc2)Oc2ccc(cc2)*)cc1,554.0966667
*N1C(=O)c2c(C1=O)c(ccc2)c1cc2c(C(=O)N(C2=O)c2ccc(cc2)Oc2ccc(cc2)*)cc1,543.0
*N1C(=O)c2c(C1=O)cc(cc2)Oc1cc2c(C(=O)N(C2=O)CCCCCCCC*)cc1,467.0
*N1C(=O)c2c(C1=O)cc(cc2)Oc1cc2c(C(=O)N(C2=O)c2ccc(cc2)Oc2cc(ccc2)Oc2ccc(cc2)*)cc1,478.425
*N1C(=O)c2c(C1=O)cc(cc2)Oc1cc2c(C(=O)N(C2=O)c2ccc(cc2)Oc2ccc(cc2)Oc2ccc(cc2)*)cc1,515.0
*c1cc2c(C(=O)N(C2=O)c2cc(ccc2)Oc2ccc(cc2)N2C(=O)c3c(C2=O)cc(cc3)C(*)(C(F)(F)F)C(F)(F)F)cc1,545.6
*c1cc2c(C(=O)N(C2=O)c2ccc(cc2)Oc2ccc(cc2)N2C(=O)c3c(C2=O)cc(cc3)C(*)(C(F)(F)F)C(F)(F)F)cc1,515.2322222
*c1cc2c(C(=O)N(C2=O)c2ccc(cc2)Oc2ccc(cc2)Oc2ccc(cc2)N2C(=O)c3c(C2=O)cc(cc3)C(*)(C(F)(F)F)C(F)(F)F)cc1,494.0
*c1cc2c(C(=O)N(C2=O)c2ccc(cc2)Oc2cc(ccc2)Oc2ccc(cc2)N2C(=O)c3c(C2=O)cc(cc3)C(*)(C(F)(F)F)C(F)(F)F)cc1,489.0
*c1cc2c(C(=O)N(C2=O)c2ccc(cc2)Oc2ccc(cc2)C(=O)c2cc(ccc2)C(=O)c2ccc(cc2)Oc2ccc(cc2)N2C(=O)c3c(C2=O)cc(cc3)C(=O)*)cc1,500.3333333
*N1C(=O)c2c(C1=O)cc(cc2)C(=O)c1cc2c(C(=O)N(C2=O)CCCCCC*)cc1,455.0
*c1cc2c(C(=O)N(C2=O)c2cc(ccc2)N2C(=O)c3c(C2=O)cc(cc3)C(=O)*)cc1,490.0
*c1cc2c(C(=O)N(C2=O)c2ccc(cc2)Oc2ccc(cc2)N2C(=O)c3c(C2=O)cc(cc3)C(=O)*)cc1,468.1218182
*c1cc2c(C(=O)N(C2=O)c2ccc(cc2)Cc2ccc(cc2)N2C(=O)c3c(C2=O)cc(cc3)C(=O)*)cc1,490.0
*c1cc2c(C(=O)N(C2=O)c2cc(ccc2)OCCOCCOc2cc(ccc2)N2C(=O)c3c(C2=O)cc(cc3)C(=O)*)cc1,408.0
*c1cc2c(C(=O)N(C2=O)c2ccc(cc2)OCCOc2ccc(cc2)N2C(=O)c3c(C2=O)cc(cc3)C(=O)*)cc1,485.0
*c1cc2c(C(=O)N(C2=O)c2ccc(cc2)OCCOCCOc2ccc(cc2)N2C(=O)c3c(C2=O)cc(cc3)C(=O)*)cc1,432.0
*c1cc2c(C(=O)N(C2=O)c2ccc(cc2)OCCOCCOCCOc2ccc(cc2)N2C(=O)c3c(C2=O)cc(cc3)C(=O)*)cc1,432.0
*N1C(=O)c2c(C1=O)cc(cc2)Oc1ccc(cc1)C(c1ccc(cc1)Oc1cc2c(C(=O)N(C2=O)c2cc(ccc2)*)cc1)(C)C,522.0
*N1C(=O)c2c(C1=O)cc(cc2)Oc1cc(ccc1)Oc1cc2c(C(=O)N(C2=O)c2ccc(cc2)Oc2ccc(cc2)*)cc1,466.85
*c1cc2c(C(=O)N(C2=O)c2ccc(cc2)Cc2ccc(cc2)N2C(=O)c3c(C2=O)cc(cc3)C(*)(C(F)(F)F)C(F)(F)F)cc1,500.0
*c1cc2c(C(=O)N(C2=O)c2ccc(cc2)C(c2ccc(cc2)N2C(=O)c3c(C2=O)cc(cc3)C(*)(C(F)(F)F)C(F)(F)F)(C)C)cc1,480.0
*c1cc2c(C(=O)N(C2=O)c2ccc(cc2)C(=O)NC2CCC(CC2)CC2CCC(CC2)NC(=O)*)cc1,365.0
*N1C(=O)C(CC1=O)Nc1ccc(cc1)Cc1ccc(cc1)NC1C(=O)N(C(=O)C1)c1ccc(cc1)Cc1ccc(cc1)*,405.0
*N1C(=O)c2c(C1=O)cc(cc2)c1cc2c(C(=O)N(C2=O)c2cc(ccc2)Oc2ccc(cc2)*)cc1,580.0
*c1cc2c(C(=O)N(C2=O)c2ccc(cc2)OCCOCCOCCOCCOc2ccc(cc2)N2C(=O)c3c(C2=O)cc(cc3)C(=O)*)cc1,400.0
*c1cc2c(C(=O)N(C2=O)c2cc(ccc2)C=CC(=O)OCCOC(=O)*)cc1,325.0
*c1cc2c(C(=O)N(C2=O)c2ccc(cc2)C(c2ccc(cc2)N2C(=O)c3c(C2=O)cc(cc3)C(=O)*)(C(F)(F)F)C(F)(F)F)cc1,510.0
*c1cc2c(C(=O)N(C2=O)c2ccc(cc2)N2C(=O)c3c(C2=O)cc(cc3)C(*)(C(F)(F)F)C(F)(F)F)cc1,525.0
*c1cc2c(C(=O)N(C2=O)c2ccc(cc2)C(c2ccc(cc2)N2C(=O)c3c(C2=O)cc(cc3)C(*)(C(F)(F)F)C(F)(F)F)(C(F)(F)F)C(F)(F)F)cc1,500.0
*c1cc2c(C(=O)N(C2=O)c2c(cc(c(c2C)N2C(=O)c3c(C2=O)cc(cc3)C(*)(C(F)(F)F)C(F)(F)F)C)C)cc1,510.0
*c1cc2c(C(=O)N(C2=O)c2c(c(c(c(c2C)C)N2C(=O)c3c(C2=O)cc(cc3)C(*)(C(F)(F)F)C(F)(F)F)C)C)cc1,500.0
*c1cc2c(C(=O)N(C2=O)c2cc3c(C(CC3(c3ccc(cc3)N3C(=O)c4c(C3=O)cc(cc4)C(=O)*)C)(C)C)cc2)cc1,500.0
*OC(=O)c1ccc(cc1)C(C(C(c1ccc(cc1)C(=O)*)(F)F)(F)F)(F)F,335.0
*Oc1ccc(cc1)C(c1ccc(cc1)OC(=O)*)(C)C,506.92
*Oc1cc(ccc1)C(C(C(c1cc(ccc1)OC(=O)*)(F)F)(F)F)(F)F,395.0
*N(CC*)C(=O)c1ccccc1,351.0
*c1nc2c(nc1c1ccccc1)cc(cc2)c1cc2c(nc(c(n2)c2ccc(cc2)*)c2ccccc2)cc1,555.0
*c1nc2c(nc1c1ccccc1)cc(cc2)c1cc2c(nc(c(n2)c2cc(ccc2)*)c2ccccc2)cc1,568.0
*c1nc2c(nc1c1cc3c(cc1)cccc3)cc(cc2)c1cc2c(nc(c(n2)c2ccc(cc2)*)c2cc3c(cc2)cccc3)cc1,577.0
*c1nc2c(nc1c1cc3c(cc1)cccc3)cc(cc2)c1cc2c(nc(c(n2)c2cc(ccc2)*)c2cc3c(cc2)cccc3)cc1,564.0
*[Si](C*)(C)C,585.0
*O[Si](*)(C)C,356.5
*O[Si](c1cc(ccc1)C(C(c1cc(ccc1)[Si](*)(C)C)(F)F)(F)F)(C)C,470.0
*O[Si](c1cc(ccc1)C(C(C(c1cc(ccc1)[Si](*)(C)C)(F)F)(F)F)(F)F)(C)C,465.0
*O[Si](c1ccc(cc1)[Si](*)(C)C)(C)C,411.0
*N=P(*)(Oc1ccccc1)Oc1ccccc1,395.0
*OS(=O)(=O)c1ccc(cc1)*,375.0
*c1ccc(cc1)*,462.5
*c1ccc(cc1)C(*)C,451.0
*c1ccc(cc1)CC*,310.0
*c1cc(ccc1)CC*,390.0
*c1cc(ccc1)*,360.0
*c1cc(ccc1)C(C(C(*)(F)F)(F)F)(F)F,450.0
*c1c(cc(cc1)*)O,470.0
*C(C*)c1ccc(cc1)Cn1c2ccccc2c2ccccc12,416.0
*C(C*)c1c(ccc(c1)C(=O)Oc1ccc(cc1)OC)C(=O)Oc1ccc(cc1)OC,396.0
*C(C*)c1c(ccc(c1)C(=O)Oc1ccc(cc1)OCCCC)C(=O)Oc1ccc(cc1)OCCCC,406.0
*C(C*)c1ccc(cc1)N(c1ccccc1)c1ccccc1,333.0
*C(C*)c1c(ccc(c1)c1ccc(cc1)C(=O)OC(CC)C)c1ccc(cc1)C(=O)OC(CC)C,331.7
*C(C*)c1c(ccc(c1)c1ccc(cc1)C(=O)OC(CCCCCC)C)c1ccc(cc1)C(=O)OC(CCCCCC)C,324.6
*C(C*)c1c(ccc(c1)c1ccc(cc1)C(=O)OC1C(CCC(C1)C)C(C)C)c1ccc(cc1)C(=O)OC1C(CCC(C1)C)C(C)C,319.0
*C(C*)c1c(ccc(c1)C(=O)OC)c1ccc(cc1)OCCCCCCCC,392.0
*C(C*)c1c(ccc(c1)C(=O)OCC)c1ccc(cc1)OCCCCCCCC,381.0
*C(C*)c1c(ccc(c1)C(=O)OCCCC)c1ccc(cc1)OCCCCCCCC,388.0
*C(C*)c1c(ccc(c1)C(=O)OCCCCCC)c1ccc(cc1)OCCCCCCCC,396.0
*C(C*)c1c(ccc(c1)C(=O)OCCCCCCCC)c1ccc(cc1)OCCCCCCCC,369.0
*C(C*)c1c(ccc(c1)C(=O)OCCCCCCCCCC)c1ccc(cc1)OCCCCCCCC,369.0
*C(C*)c1c(ccc(c1)C(=O)OCCCCCCCCCCCC)c1ccc(cc1)OCCCCCCCC,392.0
*C(C*)c1c(ccc(c1)C(=O)Oc1ccc(cc1)OCC)C(=O)Oc1ccc(cc1)OCC,398.0
*C(C*)c1c(ccc(c1)C(=O)Oc1ccc(cc1)OCCCCCC)C(=O)Oc1ccc(cc1)OCCCCCC,391.0
*C(C*)c1c(ccc(c1)C(=O)Oc1ccc(cc1)OCCCCCCCC)C(=O)Oc1ccc(cc1)OCCCCCCCC,418.0
*C(C*)c1c(ccc(c1)C(=O)Oc1ccc(cc1)OCCCCCCCCCC)C(=O)Oc1ccc(cc1)OCCCCCCCCCC,416.0
*C(C*)c1c(ccc(c1)C(=O)Oc1ccc(cc1)OCCCCCCCCCCCC)C(=O)Oc1ccc(cc1)OCCCCCCCCCCCC,418.0
*C(C*)c1c(ccc(c1)C(=O)Oc1ccc(cc1)OCCCCCCCCCCCCCC)C(=O)Oc1ccc(cc1)OCCCCCCCCCCCCCC,424.0
*C(C*)c1c(ccc(c1)C(=O)Oc1ccc(cc1)OCCCCCCCCCCCCCCCC)C(=O)Oc1ccc(cc1)OCCCCCCCCCCCCCCCC,409.0
*C(C*)c1c(ccc(c1)C(=O)Oc1ccc(cc1)OCCCCCCCCCCCCCCCCCC)C(=O)Oc1ccc(cc1)OCCCCCCCCCCCCCCCCCC,408.5
*C(C*)c1ccc(cc1)CN(N=Cc1c2c(cs1)OCCO2)c1ccccc1,240.0
*C(C*)c1c(ccc(c1)C(=O)OCC(C(C(F)(F)F)(F)F)(F)F)c1ccc(cc1)OC,352.0
*C(C*)c1c(ccc(c1)C(=O)OCC(C(C(F)(F)F)(F)F)(F)F)c1ccc(cc1)OCCCC,370.0
*C(C*)c1c(ccc(c1)C(=O)OCC(C(C(F)(F)F)(F)F)(F)F)c1ccc(cc1)OCCCCCC,376.0
*C(C*)c1c(ccc(c1)C(=O)OCC(C(C(F)(F)F)(F)F)(F)F)c1ccc(cc1)OCCCCCCCC,345.0
*C(C*)c1c(ccc(c1)C(=O)OCCCC)c1ccc(cc1)OC,380.0
*C(C*)c1c(ccc(c1)C(=O)OCCCC)c1ccc(cc1)OCCCC,383.0
*C(C*)c1c(ccc(c1)C(=O)OCCCC)c1ccc(cc1)OCCCCCC,384.0
*C(=C*)c1ccc(cc1)n1c(=O)c2cc3c(cc2c1=O)c(=O)n(c3=O)c1ccc(cc1)C#C,440.0
*C1C(C(C(C1)C=C*)(F)F)(C(F)(F)F)C(F)(F)F,342.0
*C1C(C(C(C1)C=C*)(OC(C(C(F)(F)F)(F)F)(F)F)F)(F)F,323.0
*c1cc2C(c3c(-c2cc1)ccc(c3)c1cc2C(c3c(-c2cc1)ccc(c3)*)(c1ccc(cc1)c1oc(nn1)c1ccc(cc1)C(C)(C)C)c1ccc(cc1)c1oc(nn1)c1ccc(cc1)C(C)(C)C)(CCCCCCCC)CCCCCCCC,403.0
*C=CC(C(*)C(=O)OCc1ccc(cc1)Br)C(=O)OCc1ccc(cc1)Br,298.5
*C=CC(C(*)C(=O)OCc1ccc(cc1)Cl)C(=O)OCc1ccc(cc1)Cl,299.2
*c1cc2C(c3c(-c2cc1)ccc(c3)C=Cc1cc2C(c3c(-c2cc1)ccc(c3)C=C*)(CCCCCCOc1ccc2c(c1)oc(=O)cc2)CCCCCCOc1ccc2c(c1)oc(=O)cc2)(CCCCCC)CCCCCC,440.0
*C1C2CC(C(C1*)C2)[Si](C)(C)C,420.0
*C(=C*)CCCOC(=O)c1c(ccc(c1)c1ccc(cc1)OC)c1ccc(cc1)OC,325.0
*C1C(CC(C1)C=C*)C(=O)OCCNC(C)(C)C,283.0
*C1C(CC(C1)C=C*)C(=O)OCCN(C)C,306.0
*C1C2C(C(C(C1*)C2)COCc1ccccc1)COCc1ccccc1,302.0
*C1C2C(C(C(C1*)C2)COCCCc1ccccc1)COCCCc1ccccc1,323.0
*C1C2CC(C(C1*)C2)CCCCc1ccccc1,353.0
*C(C*)OC1C2C3C(CCC3)C(C1)C2,369.0
*C(C(C(C*)OC)C(=O)OC)C(=O)OC,350.0
*C(C(C(C*)OC)(C(=O)OC)C)(C(=O)OC)C,277.0
*C(C*)(C(=O)OCCn1c2ccccc2c2ccccc12)C,305.0
*C(C*)(C(=O)OCCC(C(C(C(C(C(C(C(F)(F)F)(F)F)(F)F)(F)F)(F)F)(F)F)(F)F)(F)F)C,260.0
*C(C*)C(=O)OC12CC3CC(CC(C1)C3)C2,358.0
*C(C*)C(=O)Oc1ccc(cc1)C(=O)Oc1ccc(cc1)OC(=O)c1ccc(cc1)OCCCC,317.0
*C(C*)C(=O)Oc1ccc(cc1)C(=O)Oc1ccc(cc1)OC(=O)c1ccc(cc1)OCCCCC,323.0
*C(C*)C(=O)OCCOc1ccc(cc1)C(=O)Oc1ccc(cc1)OC(=O)c1ccc(cc1)OCCCC,337.0
*C(C*)C(=O)OCCOc1ccc(cc1)C(=O)Oc1ccc(cc1)OC(=O)c1ccc(cc1)OCCCCC,340.0
*C(C*)(C(=O)Oc1ccc(cc1)c1oc(nn1)c1ccc(cc1)C(C)(C)C)C,323.0
*C(C*)C(=O)OCCCCCCCCCCC,336.0
*C(C*)C(=O)OCCCCCCCCCCCCOc1ccc(cc1)C(=O)Oc1ccc(cc1)c1cc(ccc1)OC(=O)c1ccc(cc1)OC(=O)c1ccc(cc1)OCCCCCCCCCCCC,341.0
*C(C*)(C(=O)OCCCCCCOc1ccc(cc1)C(=O)Oc1ccc(cc1)c1cc(ccc1)OC(=O)c1ccc(cc1)OC(=O)c1ccc(cc1)OCCCCCCCCCCCC)C,346.0
*C(C*)(C(=O)OCCCCCCCCCCCCOc1ccc(cc1)C(=O)Oc1ccc(cc1)c1cc(ccc1)OC(=O)c1ccc(cc1)OC(=O)c1ccc(cc1)OCCCCCCCCCCCC)C,352.0
*C(C*)(C(=O)OCCC(C(C(C(F)(F)F)(F)F)(F)F)(F)F)C,260.0
*C(C*)(C(=O)OCCCCC(C(C(C(F)(F)F)(F)F)(F)F)(F)F)C,260.0
*C(C*)(C(=O)OCCCCCCC(C(C(C(F)(F)F)(F)F)(F)F)(F)F)C,260.0
*C(C*)(C(=O)OCCCCCCCCCCOc1ccc(cc1)C#Cc1c(cc(c(c1)C)C=Cc1ccncc1)C)C,362.75
*C(C*)C(=O)OCCCCCCCCCCOc1ccc(cc1)C(=O)O,336.5
*C(C*)C(=O)OCCCCCCCCCCOc1cc(ccc1)C(=O)O,336.5
*C(C*)C(=O)OCCCCCCCCCCOc1c(cccc1)C(=O)O,294.0
*C(C*)(C(=O)OCCCCCCCCCCOc1ccc(cc1)C#Cc1c(cc(c(c1)OC)C=Cc1ccncc1)OC)C,362.0
*C(C*)(C(=O)OCCCCC(C(C(C(C(C(F)(F)F)(F)F)(F)F)(F)F)(F)F)(F)F)C,260.0
*C1C2CC(C(C1*)C2)C(=O)OCCc1ccc(cc1)N(c1ccccc1)c1ccccc1,343.0
*C1C2CC(C(C1*)C2)C(=O)OCCc1ccc(cc1)N(c1cc(ccc1)C)c1ccccc1,348.0
*C1C2CC(C(C1*)C2)C(=O)OCCc1ccc(cc1)N(c1c2c(ccc1)cccc2)c1ccccc1,349.0
*C(C*)(C(=O)OCCCCCCCCCCOc1ccc(cc1)N1C(=O)C(=Cc2c(c3c(n2C)cccc3)C)C(=C(C)C)C1=O)C,335.0
*C(C*)(C(=O)OCCCCCCCCCCOc1ccc(cc1)N=Nc1ccc(cc1)[N+](=O)[O-])C,335.0
*C(C*)(C(=O)OCCCCCCCCCCOc1ccc(cc1)N=Nc1ccc(cc1)C#N)C,353.0
*C(C*)(C(=O)OCCCCCCCCCCOc1ccc(cc1)N=Nc1ccc(cc1)F)C,362.0
*C(C*)(C(=O)OCCCCCCCCCCOc1ccc(cc1)N=Nc1ccc(cc1)Cl)C,359.0
*C(C*)(C(=O)OCCCCCCCCCCOc1ccc(cc1)N=Nc1ccccc1)C,360.0
*C(C*)(C(=O)OCCCCCCCCCCOc1ccc(cc1)N=Nc1ccc(cc1)OC)C,365.0
*C(C*)(C(=O)OCCCCCCOc1c(cc(c(c1)c1ccc(cc1)c1ccc(cc1)OCCCCCCCC)OC)c1ccc(cc1)c1ccc(cc1)OCCCCCCCC)C,391.0
*C(C*)(C(=O)OCCCCCCOc1c(cc(c(c1)c1ccc(cc1)c1ccc(cc1)OCCCCCCCC)OCCCCCCCC)c1ccc(cc1)c1ccc(cc1)OCCCCCCCC)C,391.0
*C(C*)(C(=O)OCCCCCCOc1c(cc(c(c1)c1ccc(cc1)c1ccc(cc1)OC)OCCCCCCCC)c1ccc(cc1)c1ccc(cc1)OC)C,378.0
*C(C*)(C(=O)OCC#CO[Si](C)(C)C)C,269.0
*C(C*)(C(=O)Oc1ccc(cc1)C=Cc1ccccc1)C,288.9
*C(C*)(C(=O)Oc1c(cc(cc1OC)C=Cc1ccccc1)OC)C,284.9
*C(C*)(C(=O)OCCCCCCCCOc1ccc(cc1)C=Cc1ccccc1)C,283.5
*C1C2C(C(C(C1*)C2)C(=O)OCc1ccccc1)C(=O)OCc1ccccc1,350.0
*C1C2C(C(C(C1*)C2)C(=O)OCCc1ccccc1)C(=O)OCCc1ccccc1,348.0
*C1C2C(C(C(C1*)C2)C(=O)OCCCc1ccccc1)C(=O)OCCCc1ccccc1,333.0
*C1C2C(C(C(C1*)C2)C(=O)OCC12CC3CC(CC(C1)C3)C2)C(=O)OCC12CC3CC(CC(C1)C3)C2,308.0
*C1C2C(C(C(C1*)C2)C(=O)OCCC12CC3CC(CC(C1)C3)C2)C(=O)OCCC12CC3CC(CC(C1)C3)C2,300.0
*C1C2C(C(C(C1*)C2)C(=O)OCC1C2CCC(C1)C2)C(=O)OCC1C2CCC(C1)C2,345.0
*C1C2C(C(C(C1*)C2)C(=O)OCCC1C2CCC(C1)C2)C(=O)OCCC1C2CCC(C1)C2,315.0
*C(C*)(C(=O)OCCN(c1ccc(cc1)N=Nc1ccc(cc1)C=C(c1ccc(cc1)Br)C#N)CC)C,292.0
*C(C*)(C(=O)OCCN(c1ccc(cc1)N=Nc1ccc(cc1)C=C(c1cc(c(cc1)OC)OC)C#N)CC)C,295.0
*C(C*)(C(=O)OCCN=C=S)C,277.0
*C(C*)(C(=O)OCCNC(=S)NCc1ccccc1)C,187.0
*C(C*)(C(=O)OCCNC(=S)OCc1ccccc1)C,167.5
*C(C*)(C(=O)OCCNC(=S)SCc1ccccc1)C,154.0
*C(C*)(C(=O)OCCNC(=S)NCCO)C,184.0
*C(C*)(C(=O)OCCNC(=S)SCCO)C,142.0
*C(C*)(C(=O)OCCCCCCOc1ccc(cc1)N=Nc1sc2c(n1)ccc(c2)F)C,312.0
*C(C*)(C(=O)OCCCCCCOc1ccc(cc1)N=Nc1sc2c(n1)ccc(c2)Cl)C,308.0
*C1C2C(C(=C1)C(*)(C)C)CC=CC2,170.0
*C1(CC(c2c1cc(cc2)*)(C)C)C,450.0
*C1C2C(C=CC2)C(C1)C=C*,400.0
*C1C(CC(C1)C=C*)C1CC=CCC1,430.0
*c1cc2C(c3c(-c2cc1)ccc(c3)*)(CCCCCCCC)CCCCCCCC,399.0
*c1cc2C(c3c(-c2cc1)ccc(c3)C=C*)(CC(CCCC)CC)CC(CCCC)CC,312.0
*Oc1ccc(cc1)C(c1ccc(cc1)OC(=O)c1ccc(cc1)Oc1ccc(cc1)C(=O)*)(C)C,475.0
*Oc1ccc(cc1)N=Cc1cc(c(cc1)OC(=O)c1ccc(cc1)C(=O)Oc1c(cc(cc1)C=Nc1ccc(cc1)*)OC)OC,200.0
*Oc1cc(ccc1)NC(=O)c1ccc(cc1)C(=O)Nc1ccc(cc1)*,420.0
*Oc1c(cc(cc1Cl)*)Cl,481.6666667
*Oc1c(cc(cc1C(C)C)*)C(C)C,400.0
*Oc1ccc(cc1)Oc1ccc(cc1)Oc1ccc(cc1)Oc1ccc(cc1)OC(=O)c1cc(ccc1)C(=O)*,455.0
*Oc1ccc(cc1)Oc1ccc(cc1)Oc1ccc(cc1)Oc1ccc(cc1)OC(=O)c1ccc(cc1)Oc1ccc(cc1)C(=O)*,489.0
*Oc1ccc(cc1)Oc1cc(ccc1)C(=O)Oc1ccc(cc1)OC(=O)c1cc(ccc1)*,443.0
*Oc1ccc(cc1)Oc1cc(ccc1)C(=O)Oc1ccc(cc1)c1ccc(cc1)OC(=O)c1cc(ccc1)*,458.0
*OP(=O)(Oc1ccc(cc1)C(c1ccc(cc1)*)(C)C)Oc1ccccc1,390.0
*OP(=O)(Oc1ccc(cc1)C(c1ccc(cc1)*)(C)C)Oc1ccc(cc1)Cl,405.0
*OP(=O)(Oc1ccc(cc1)C(c1ccc(cc1)*)(C)C)Oc1c(cccc1Cl)Cl,345.0
*OP(=O)(Oc1ccc(cc1)C(c1ccc(cc1)*)(C)C)Oc1c(cc(cc1Cl)Cl)Cl,290.0
*OP(=O)(Oc1ccc(cc1)C(c1ccc(cc1)*)(C)C)Oc1c(c(c(c(c1Cl)Cl)Cl)Cl)Cl,325.0
*OP(=O)(Oc1c(c(c(c(c1Cl)Cl)*)Cl)Cl)Oc1ccccc1,285.0
*c1oc(nn1)c1cc(ccc1)*,450.0
*c1oc2c(n1)ccc(c2)c1ccc2c(oc(n2)c2cc(ccc2)*)c1,520.0
*c1oc2c(n1)cc(cc2)c1cc2c(oc(n2)c2cc(ccc2)*)cc1,425.0
*c1oc2c(n1)cc(cc2)c1cc2c(oc(n2)c2ccc(cc2)*)cc1,590.0
*c1oc2c(n1)cc(cc2)c1cc2c(oc(n2)CCCCCCCC*)cc1,300.0
*c1oc(nn1)c1ccc(cc1)*,450.0
*c1oc2c(n1)cc(cc2)c1cc2c(oc(n2)c2c3cc4c(cc3ccc2)c(ccc4)*)cc1,490.0
*O[Si](O[Si](Oc1c(cc(cc1C)c1cc(c(c(c1)C)*)C)C)(C)C)(C)C,420.0
*O[Si](O[Si](O[Si](Oc1c(cc(cc1C)c1cc(c(c(c1)C)*)C)C)(C)C)(C)C)(C)C,410.0
*O[Si](O[Si](O[Si](O[Si](Oc1c(cc(cc1C)c1cc(c(c(c1)C)*)C)C)(C)C)(C)C)(C)C)(C)C,330.0
*O[Si](O[Si](Oc1ccc(cc1)c1ccc(cc1)*)(C)C)(C)C,290.0
*Oc1ccc(cc1)C(c1ccc(cc1)Oc1c(c(c(c(c1F)F)C(=O)c1c(c(c(c(c1F)F)*)F)F)F)F)(C(F)(F)F)C(F)(F)F,445.75
*Oc1ccc(cc1)C1(c2ccccc2-c2ccccc12)c1ccc(cc1)Oc1c(c(c(c(c1F)F)C(=O)c1c(c(c(c(c1F)F)*)F)F)F)F,436.0
*C1(c2c(C(=O)O1)cccc2)c1ccc(cc1)Oc1c(c(c(c(c1F)F)C(=O)c1c(c(c(c(c1F)F)Oc1ccc(cc1)*)F)F)F)F,359.0
*Oc1ccc(cc1)C(c1ccc(cc1)Oc1c(c(c(c(c1F)F)C(=O)c1c(c(c(c(c1F)F)*)F)F)F)F)(c1ccccc1)C,442.0
*Oc1c(c(c(c(c1F)F)c1c(c(c(c(c1F)F)Oc1ccc(cc1)C(c1ccc(cc1)*)(C(F)(F)F)C(F)(F)F)F)F)F)F,514.6
*C1(c2c(C(=O)O1)cccc2)c1ccc(cc1)Oc1ccc(cc1)C(=O)c1ccc(cc1)Oc1ccc(cc1)*,480.0
*c1oc(nn1)c1ccc(cc1)Oc1ccc(cc1)NC(=O)c1cc(cc(c1)N1C(=O)c2c(C1=O)c(c(c(c2Cl)Cl)Cl)Cl)C(=O)Nc1ccc(cc1)Oc1ccc(cc1)*,400.0
*c1oc(nn1)c1ccc(cc1)Oc1cc(ccc1)NC(=O)c1cc(cc(c1)N1C(=O)c2c(C1=O)c(c(c(c2Cl)Cl)Cl)Cl)C(=O)Nc1cc(ccc1)Oc1ccc(cc1)*,400.0
*Oc1ccc(cc1)C(c1ccc(cc1)Oc1ccc(cc1)C(=O)c1c2c(ccc1)cccc2C(=O)c1ccc(cc1)*)(C)C,480.0
*Oc1ccc(cc1)C(c1ccc(cc1)Oc1ccc(cc1)C(=O)c1c2c(ccc1)cccc2C(=O)c1ccc(cc1)*)(C(F)(F)F)C(F)(F)F,522.0
*Oc1ccc(cc1)Oc1ccc(cc1)C(=O)c1c2c(ccc1)cccc2C(=O)c1ccc(cc1)*,522.0
*Oc1ccc(cc1)C1(c2ccccc2-c2ccccc12)c1ccc(cc1)Oc1ccc(cc1)C(=O)c1c2c(ccc1)cccc2C(=O)c1ccc(cc1)*,529.0
*Oc1ccc(cc1)c1ccc(cc1)Oc1ccc(cc1)C(=O)c1c2c(ccc1)cccc2C(=O)c1ccc(cc1)*,533.0
*Oc1c(cc(cc1)Oc1ccc(cc1)C(=O)c1c2c(ccc1)cccc2C(=O)c1ccc(cc1)*)C(C)(C)C,478.0
*c1cc2c(oc(n2)c2ccc(cc2)Oc2ccc(cc2)c2oc3c(n2)cc(cc3)C(*)(C(F)(F)F)C(F)(F)F)cc1,529.8333333
*c1cc2c(oc(n2)c2ccc(cc2)Oc2ccc(cc2)c2oc3c(n2)cc(cc3)C(*)(c2ccccc2)C(F)(F)F)cc1,547.0
*c1cc2c(oc(n2)c2ccc(cc2)C(c2ccc(cc2)c2oc3c(n2)cc(cc3)C(*)(C(F)(F)F)C(F)(F)F)(c2ccccc2)C(F)(F)F)cc1,529.0
*c1cc2c(oc(n2)c2ccc(cc2)C(c2ccc(cc2)c2oc3c(n2)cc(cc3)C(*)(c2ccccc2)C(F)(F)F)(c2ccccc2)C(F)(F)F)cc1,514.0
*c1cc2c(oc(n2)c2cc(ccc2)c2oc3c(n2)cc(cc3)C(*)(C(F)(F)F)C(F)(F)F)cc1,512.0
*c1cc2c(oc(n2)c2cc(ccc2)c2oc3c(n2)cc(cc3)C(*)(c2ccccc2)C(F)(F)F)cc1,524.0
*c1cc2c(oc(n2)c2ccc(cc2)c2oc3c(n2)cc(cc3)C(*)(C(F)(F)F)C(F)(F)F)cc1,527.6666667
*c1cc2c(oc(n2)c2ccc(cc2)c2oc3c(n2)cc(cc3)C(*)(c2ccccc2)C(F)(F)F)cc1,536.0
*c1cc2c(oc(n2)c2ccc(cc2)C(c2ccc(cc2)c2oc3c(n2)cc(cc3)C(*)(C(F)(F)F)C(F)(F)F)(C(F)(F)F)C(F)(F)F)cc1,531.0
*c1cc2c(oc(n2)c2ccc(cc2)C(c2ccc(cc2)c2oc3c(n2)cc(cc3)C(*)(c2ccccc2)C(F)(F)F)(C(F)(F)F)C(F)(F)F)cc1,520.0
*Oc1ccc(cc1)C(c1ccc(cc1)Oc1ccc(cc1)C(=O)c1c(c(c(c(c1c1ccc(cc1)F)c1ccc(cc1)F)c1ccc(cc1)F)c1ccc(cc1)F)C(=O)c1ccc(cc1)*)(C)C,508.0
*Oc1ccc(cc1)C(c1ccc(cc1)Oc1ccc(cc1)C(=O)c1c(c(c(c(c1c1ccc(cc1)F)c1ccc(cc1)F)c1ccc(cc1)F)c1ccc(cc1)F)C(=O)c1ccc(cc1)*)(C(F)(F)F)C(F)(F)F,518.0
*Oc1ccc(cc1)c1ccc(cc1)Oc1ccc(cc1)C(=O)c1c(c(c(c(c1c1ccc(cc1)F)c1ccc(cc1)F)c1ccc(cc1)F)c1ccc(cc1)F)C(=O)c1ccc(cc1)*,535.0
*Oc1ccc(cc1)C(=O)c1ccc(cc1)Oc1ccc(cc1)C(=O)c1c(c(c(c(c1c1ccc(cc1)F)c1ccc(cc1)F)c1ccc(cc1)F)c1ccc(cc1)F)C(=O)c1ccc(cc1)*,539.0
*Oc1ccc(cc1)C1(c2ccccc2-c2ccccc12)c1ccc(cc1)Oc1ccc(cc1)C(=O)c1c(c(c(c(c1c1ccc(cc1)F)c1ccc(cc1)F)c1ccc(cc1)F)c1ccc(cc1)F)C(=O)c1ccc(cc1)*,520.0
*Oc1ccc(cc1)Oc1ccc(cc1)C(=O)c1c(c(c(c(c1c1ccc(cc1)F)c1ccc(cc1)F)c1ccc(cc1)F)c1ccc(cc1)F)C(=O)c1ccc(cc1)*,541.0
*Oc1ccc(cc1)C(c1ccc(cc1)Oc1ccc(cc1)C(=O)c1c(c(c(c(c1c1ccccc1)c1cc2c(cc1)cccc2)c1cc2c(cc1)cccc2)c1ccccc1)C(=O)c1ccc(cc1)*)(C)C,517.0
*Oc1ccc(cc1)C(c1ccc(cc1)Oc1ccc(cc1)C(=O)c1c(c(c(c(c1c1ccccc1)c1cc2c(cc1)cccc2)c1cc2c(cc1)cccc2)c1ccccc1)C(=O)c1ccc(cc1)*)(C(F)(F)F)C(F)(F)F,529.0
*Oc1ccc(cc1)c1ccc(cc1)Oc1ccc(cc1)C(=O)c1c(c(c(c(c1c1ccccc1)c1cc2c(cc1)cccc2)c1cc2c(cc1)cccc2)c1ccccc1)C(=O)c1ccc(cc1)*,529.0
*Oc1ccc(cc1)C(=O)c1ccc(cc1)Oc1ccc(cc1)C(=O)c1c(c(c(c(c1c1ccccc1)c1cc2c(cc1)cccc2)c1cc2c(cc1)cccc2)c1ccccc1)C(=O)c1ccc(cc1)*,515.0
*Oc1ccc(cc1)C1(c2ccccc2-c2ccccc12)c1ccc(cc1)Oc1ccc(cc1)C(=O)c1c(c(c(c(c1c1ccccc1)c1cc2c(cc1)cccc2)c1cc2c(cc1)cccc2)c1ccccc1)C(=O)c1ccc(cc1)*,535.0
*c1c2c(c(nn1)c1ccc(cc1)Oc1ccc(cc1)C(c1ccc(cc1)Oc1ccc(cc1)*)(C(F)(F)F)C(F)(F)F)c(c(c(c2c1ccc(cc1)F)c1ccc(cc1)F)c1ccc(cc1)F)c1ccc(cc1)F,518.0
*c1c2c(c(nn1)c1ccc(cc1)Oc1ccc(cc1)c1ccc(cc1)Oc1ccc(cc1)*)c(c(c(c2c1ccc(cc1)F)c1ccc(cc1)F)c1ccc(cc1)F)c1ccc(cc1)F,539.0
*c1c2c(c(nn1)c1ccc(cc1)Oc1ccc(cc1)C(=O)c1ccc(cc1)Oc1ccc(cc1)*)c(c(c(c2c1ccc(cc1)F)c1ccc(cc1)F)c1ccc(cc1)F)c1ccc(cc1)F,530.0
*c1c2c(c(nn1)c1ccc(cc1)Oc1ccc(cc1)C1(c3ccccc3-c3ccccc13)c1ccc(cc1)Oc1ccc(cc1)*)c(c(c(c2c1ccc(cc1)F)c1ccc(cc1)F)c1ccc(cc1)F)c1ccc(cc1)F,523.0
*c1c2c(c(nn1)c1ccc(cc1)Oc1ccc(cc1)Oc1ccc(cc1)*)c(c(c(c2c1ccc(cc1)F)c1ccc(cc1)F)c1ccc(cc1)F)c1ccc(cc1)F,536.0
*c1c2c(c(nn1)c1ccc(cc1)Oc1ccc(cc1)C(c1ccc(cc1)Oc1ccc(cc1)*)(C)C)c(c(c(c2c1ccccc1)c1cc2c(cc1)cccc2)c1cc2c(cc1)cccc2)c1ccccc1,515.0
*c1c2c(c(nn1)c1ccc(cc1)Oc1ccc(cc1)C(c1ccc(cc1)Oc1ccc(cc1)*)(C(F)(F)F)C(F)(F)F)c(c(c(c2c1ccccc1)c1cc2c(cc1)cccc2)c1cc2c(cc1)cccc2)c1ccccc1,530.0
*c1c2c(c(nn1)c1ccc(cc1)Oc1ccc(cc1)c1ccc(cc1)Oc1ccc(cc1)*)c(c(c(c2c1ccccc1)c1cc2c(cc1)cccc2)c1cc2c(cc1)cccc2)c1ccccc1,528.0
*c1c2c(c(nn1)c1ccc(cc1)Oc1ccc(cc1)C(=O)c1ccc(cc1)Oc1ccc(cc1)*)c(c(c(c2c1ccccc1)c1cc2c(cc1)cccc2)c1cc2c(cc1)cccc2)c1ccccc1,546.0
*c1c2c(c(nn1)c1ccc(cc1)Oc1ccc(cc1)C1(c3ccccc3-c3ccccc13)c1ccc(cc1)Oc1ccc(cc1)*)c(c(c(c2c1ccccc1)c1cc2c(cc1)cccc2)c1cc2c(cc1)cccc2)c1ccccc1,542.0
*c1c2c(c(nn1)c1ccc(cc1)Oc1ccc(cc1)C(c1ccc(cc1)Oc1ccc(cc1)*)(C)C)c(c(c(c2c1ccc(cc1)F)c1ccc(cc1)F)c1ccc(cc1)F)c1ccc(cc1)F,510.0
*Oc1c(c(ccc1)Oc1ccc(cc1)c1ccc(cc1)*)C#N,547.0
*Oc1ccc(cc1)P(=O)(c1ccc(cc1)Oc1ccc(cc1)C(c1ccc(cc1)*)(C)C)C,500.0
*C1(c2c(C(=O)O1)cccc2)c1ccc(cc1)Oc1ccc(cc1)P(=O)(c1ccc(cc1)Oc1ccc(cc1)*)C,477.0
*Oc1ccc(cc1)P(=O)(c1ccc(cc1)Oc1ccc(cc1)C(c1ccc(cc1)*)(c1ccccc1)C(F)(F)F)C,505.0
*Oc1ccc(cc1)P(=O)(c1ccc(cc1)Oc1ccc(cc1)C(c1ccc(cc1)*)(C(F)(F)F)C(F)(F)F)C,530.0
*Oc1ccc(cc1)Oc1ccc(cc1)P(=O)(c1ccc(cc1)*)C,515.0
*Oc1ccc(cc1)S(=O)(=O)c1ccc(cc1)Oc1ccc(cc1)P(=O)(c1ccc(cc1)*)C,514.0
*Oc1ccc(cc1)S(=O)(=O)c1ccc(cc1)Oc1ccc(cc1)P(=O)(c1ccc(cc1)*)c1ccccc1,596.0
*c1oc2c(n1)ccc(c2)c1ccc2c(oc(n2)c2ccc(cc2)C(c2ccc(cc2)*)(C(F)(F)F)C(F)(F)F)c1,534.0
*c1oc2c(n1)ccc(c2)c1ccc2c(oc(n2)c2ccc(cc2)C(c2ccc(cc2)*)(c2ccccc2)C(F)(F)F)c1,509.0
*Oc1ccc(cc1)C(c1ccc(cc1)Oc1ccc(cc1)C(=O)C(=O)c1ccc(cc1)*)(C)C,515.0
*c1nnc(nc1c1ccc(cc1)Oc1ccc(cc1)C(c1ccc(cc1)Oc1ccc(cc1)*)(C)C)c1ncccc1,445.0
*Oc1ccc(cc1)C(c1ccc(cc1)Oc1ccc(cc1)C(=O)C(=O)c1ccc(cc1)*)(C(F)(F)F)C(F)(F)F,548.0
*c1nnc(nc1c1ccc(cc1)Oc1ccc(cc1)C(c1ccc(cc1)Oc1ccc(cc1)*)(C(F)(F)F)C(F)(F)F)c1ncccc1,436.0
*c1nnc(nc1c1ccc(cc1)Oc1ccc(cc1)C(c1ccc(cc1)Oc1ccc(cc1)*)(c1ccccc1)C)c1ncccc1,447.0
*Oc1ccc(cc1)C(c1ccc(cc1)Oc1ccc(cc1)C(=O)C(=O)c1ccc(cc1)*)(c1ccccc1)C,498.0
*Oc1ccc(cc1)C1(c2ccccc2-c2ccccc12)c1ccc(cc1)Oc1ccc(cc1)C(=O)C(=O)c1ccc(cc1)*,521.0
*c1nnc(nc1c1ccc(cc1)Oc1ccc(cc1)C1(c2ccccc2-c2ccccc12)c1ccc(cc1)Oc1ccc(cc1)*)c1ncccc1,443.0
*c1sc(cc1)Oc1ccc(cc1)C(c1ccc(cc1)Oc1sc(cc1)C(=O)*)(C)C,430.0
*Oc1ccc(cc1)S(=O)(=O)c1ccc(cc1)Oc1ccc(cc1)C(=C)c1ccc(cc1)*,483.0
*Oc1ccc(cc1)S(=O)(=O)c1ccc(cc1)Oc1ccc(cc1)C=Cc1ccc(cc1)*,450.0
*c1[nH]c(nc1c1ccc(cc1)Oc1ccc(cc1)P(=O)(c1ccc(cc1)Oc1ccc(cc1)*)c1ccccc1)c1ccccc1,500.0
*c1[nH]c(nc1c1ccc(cc1)Oc1ccc(cc1)S(=O)(=O)c1ccc(cc1)Oc1ccc(cc1)*)c1ccccc1,500.0
*c1[nH]c(nc1c1ccc(cc1)Oc1ccc(cc1)C(=O)c1ccc(cc1)Oc1ccc(cc1)*)c1ccccc1,500.0
*c1[nH]c(nc1c1ccc(cc1)Oc1ccc(cc1)C(=O)c1ccc(cc1)C(=O)c1ccc(cc1)Oc1ccc(cc1)*)c1ccccc1,500.0
*c1[nH]c(nc1c1ccc(cc1)Oc1ccc(cc1)C(=O)c1cc(ccc1)C(=O)c1ccc(cc1)Oc1ccc(cc1)*)c1ccccc1,500.0
*c1[nH]c(nc1c1ccc(cc1)Oc1ccc(cc1)C(=O)c1ccc(cc1)c1ccc(cc1)C(=O)c1ccc(cc1)Oc1ccc(cc1)*)c1ccccc1,500.0
*c1[nH]c(nc1c1ccc(cc1)Oc1ccc(cc1)C(=O)c1ccc(cc1)C(=O)c1ccc(cc1)C(=O)c1ccc(cc1)Oc1ccc(cc1)*)c1ccccc1,500.0
*c1[nH]c(nc1c1ccc(cc1)Oc1ccc(cc1)C(=O)c1ccc(cc1)Cc1ccc(cc1)C(=O)c1ccc(cc1)Oc1ccc(cc1)*)c1ccccc1,500.0
*c1[nH]c(nc1c1ccc(cc1)Oc1ccc(cc1)C(=O)c1ccc(cc1)Oc1ccc(cc1)C(=O)c1ccc(cc1)Oc1ccc(cc1)*)c1ccccc1,500.0
*c1[nH]c(nc1c1ccc(cc1)Oc1ccc(cc1)C(=O)c1cc2c(cc1)cc(cc2)C(=O)c1ccc(cc1)Oc1ccc(cc1)*)c1ccccc1,500.0
*Oc1ccc(cc1)c1ccc(cc1)Oc1ccc(cc1)C(=Nc1ccc(cc1)N=C(c1ccc(cc1)*)c1ccccc1)c1ccccc1,544.0
*Oc1ccc(cc1)Oc1ccc(cc1)C(=Nc1ccc(cc1)N=C(c1ccc(cc1)*)c1ccccc1)c1ccccc1,507.0
*Oc1ccc(cc1)C(=Nc1ccc(cc1)N=C(c1ccc(cc1)Oc1ccc(cc1)C(c1ccc(cc1)*)(C)C)c1ccccc1)c1ccccc1,487.0
*Oc1cc2c(cc1)ccc(c2)Oc1ccc(cc1)C(=Nc1ccc(cc1)N=C(c1ccc(cc1)*)c1ccccc1)c1ccccc1,512.0
*Oc1ccc(cc1)C(=Nc1ccc(cc1)N=C(c1ccc(cc1)Oc1ccc(cc1)C(c1ccc(cc1)*)(c1ccccc1)c1ccccc1)c1ccccc1)c1ccccc1,486.0
*Oc1ccc(cc1)N=C(c1ccc(cc1)Oc1ccc(cc1)c1ccc(cc1)Oc1ccc(cc1)C(=Nc1ccc(cc1)*)c1ccccc1)c1ccccc1,530.0
*Oc1ccc(cc1)Oc1ccc(cc1)C(=Nc1ccc(cc1)Oc1ccc(cc1)N=C(c1ccc(cc1)*)c1ccccc1)c1ccccc1,485.0
*Oc1ccc(cc1)N=C(c1ccc(cc1)Oc1ccc(cc1)C(c1ccc(cc1)Oc1ccc(cc1)C(=Nc1ccc(cc1)*)c1ccccc1)(C)C)c1ccccc1,485.0
*Oc1cc2c(cc1)ccc(c2)Oc1ccc(cc1)C(=Nc1ccc(cc1)Oc1ccc(cc1)N=C(c1ccc(cc1)*)c1ccccc1)c1ccccc1,513.0
*Oc1ccc(cc1)N=C(c1ccc(cc1)Oc1ccc(cc1)C(c1ccc(cc1)Oc1ccc(cc1)C(=Nc1ccc(cc1)*)c1ccccc1)(c1ccccc1)c1ccccc1)c1ccccc1,497.0
*Oc1ccc(cc1)C(=Nc1ccc(cc1)N=C(c1ccc(cc1)Oc1ccc(cc1)C(c1ccc(cc1)*)(C)C)C)C,488.0
*Oc1ccc(cc1)C(=Nc1ccc(cc1)N=C(c1ccc(cc1)Oc1ccc(cc1)C(c1ccc(cc1)*)(c1ccccc1)c1ccccc1)C)C,463.0
*Oc1ccc(cc1)N=C(c1ccc(cc1)Oc1ccc(cc1)C(c1ccc(cc1)Oc1ccc(cc1)C(=Nc1ccc(cc1)*)C)(C)C)C,446.0
*Oc1ccc(cc1)N=C(c1ccc(cc1)Oc1ccc(cc1)C(c1ccc(cc1)Oc1ccc(cc1)C(=Nc1ccc(cc1)*)C)(c1ccccc1)c1ccccc1)C,469.0
*Oc1ccc(cc1)C=Nc1ccc(cc1)N=Cc1ccc(cc1)Oc1ccc(cc1)C(c1ccc(cc1)*)(c1ccccc1)c1ccccc1,457.0
*Oc1ccc(cc1)N=Cc1ccc(cc1)Oc1ccc(cc1)C(c1ccc(cc1)Oc1ccc(cc1)C=Nc1ccc(cc1)*)(c1ccccc1)c1ccccc1,445.0
*c1oc(cc1)Sc1oc(cc1)C=C1C(=O)C(=C*)CCC1,250.0
*c1oc(cc1)Sc1oc(cc1)C=C1C(=O)C(=C*)CCCC1,250.0
*Oc1cc(ccc1)Oc1ccc(cc1)S(=O)(=O)c1ccc(cc1)*,469.0
*c1nc(nc(n1)c1ccc(cc1)Oc1ccc(cc1)c1ccc(cc1)Oc1ccc(cc1)*)c1ccccc1,602.0
*c1nc(nc(n1)c1ccc(cc1)Oc1ccc(cc1)Oc1ccc(cc1)*)c1ccccc1,585.0
*c1nc(nc(n1)c1ccc(cc1)Oc1ccc(cc1)C(c1ccc(cc1)Oc1ccc(cc1)*)(C)C)c1ccccc1,494.0
*c1nc(nc(n1)c1ccc(cc1)Oc1cc2c(cc1)ccc(c2)Oc1ccc(cc1)*)c1ccccc1,580.0
*c1nc(nc(n1)c1ccc(cc1)Oc1ccc(cc1)Sc1ccc(cc1)Oc1ccc(cc1)*)c1ccccc1,546.0
*c1nc(nc(n1)c1ccc(cc1)Oc1ccc(cc1)Oc1ccc(cc1)Oc1ccc(cc1)*)c1ccccc1,559.0
*c1nc(nc(n1)c1ccc(cc1)Oc1ccc(cc1)C(c1ccc(cc1)Oc1ccc(cc1)*)(c1ccccc1)c1ccccc1)c1ccccc1,547.0
*Oc1ccc(cc1)NC(=O)c1cc(ccc1)C(=O)Nc1ccc(cc1)Oc1ccc(cc1)C(c1cc(ccc1)C(c1ccc(cc1)*)(C)C)(C)C,442.0
*Oc1ccc(cc1)C(c1ccc(cc1)OC(=O)c1ccc(cc1)Oc1ccc(cc1)C(=O)*)(C(F)(F)F)C(F)(F)F,458.0
*Oc1ccc(cc1)C(c1ccc(cc1)Oc1ccc(cc1)C(C(c1ccc(cc1)*)O)O)(C)C,368.5666667
*OP(=O)(N=Nc1ccc(cc1)c1ccc(cc1)N=NP(=O)(OCC*)OCC)OCC,182.0
*OP(=O)(N=Nc1ccc(cc1)Oc1ccc(cc1)N=NP(=O)(OCC*)OCC)OCC,185.0
*OP(=O)(N=Nc1ccc(cc1)C(=O)c1ccc(cc1)N=NP(=O)(OCC*)OCC)OCC,196.0
*OP(=O)(N=Nc1ccc(cc1)c1ccc(cc1)N=NP(=O)(OCCCCCC*)OC)OC,195.0
*OP(=O)(N=Nc1ccc(cc1)Oc1ccc(cc1)N=NP(=O)(OCCCCCC*)OC)OC,195.0
*OP(=O)(N=Nc1ccc(cc1)C(=O)c1ccc(cc1)N=NP(=O)(OCCCCCC*)OC)OC,211.0
*OP(=O)(N=Nc1ccc(cc1)c1ccc(cc1)N=NP(=O)(OCCOCC*)OC)OC,188.0
*OP(=O)(N=Nc1ccc(cc1)Oc1ccc(cc1)N=NP(=O)(OCCOCC*)OC)OC,193.0
*OP(=O)(N=Nc1ccc(cc1)C(=O)c1ccc(cc1)N=NP(=O)(OCCOCC*)OC)OC,199.0
*OP(=O)(N=Nc1ccc(cc1)c1ccc(cc1)N=NP(=O)(OCC1CCC(CC1)C*)OC)OC,193.0
*OP(=O)(N=Nc1ccc(cc1)Oc1ccc(cc1)N=NP(=O)(OCC1CCC(CC1)C*)OC)OC,198.0
*OP(=O)(N=Nc1ccc(cc1)C(=O)c1ccc(cc1)N=NP(=O)(OCC1CCC(CC1)C*)OC)OC,202.0
*OP(=O)(N=Nc1ccc(cc1)c1ccc(cc1)N=NP(=O)(OCc1ccc(cc1)C*)OC)OC,185.0
*OP(=O)(N=Nc1ccc(cc1)Oc1ccc(cc1)N=NP(=O)(OCc1ccc(cc1)C*)OC)OC,186.0
*OP(=O)(N=Nc1ccc(cc1)C(=O)c1ccc(cc1)N=NP(=O)(OCc1ccc(cc1)C*)OC)OC,198.0
*Oc1ccc(cc1)C1(c2ccccc2-c2ccccc12)c1ccc(cc1)Oc1ccc(cc1)C(=O)c1c(cccc1)c1c(cccc1)C(=O)c1ccc(cc1)*,523.0
*Oc1ccc(cc1)C1(c2ccccc2-c2ccccc12)c1ccc(cc1)Oc1cc(c(cc1)C(=O)c1ccccc1)c1c(ccc(c1)*)C(=O)c1ccccc1,490.0
*Oc1ccc(cc1)Oc1ccc(cc1)NC(=O)c1c(cc(cc1)c1cc(c(cc1)C(=O)Nc1ccc(cc1)*)C)C,456.0
*Oc1cc(ccc1)Oc1ccc(cc1)NC(=O)c1c(cc(cc1)c1cc(c(cc1)C(=O)Nc1ccc(cc1)*)C)C,454.0
*Oc1ccc(cc1)Oc1ccc(cc1)Oc1ccc(cc1)NC(=O)c1c(cc(cc1)c1cc(c(cc1)C(=O)Nc1ccc(cc1)*)C)C,456.0
*Oc1ccc(cc1)S(=O)(=O)c1ccc(cc1)Oc1ccc(cc1)NC(=O)c1c(cc(cc1)c1cc(c(cc1)C(=O)Nc1ccc(cc1)*)C)C,447.0
*Oc1ccc(cc1)S(=O)(=O)c1ccc(cc1)Oc1cc(ccc1)NC(=O)c1c(cc(cc1)c1cc(c(cc1)C(=O)Nc1cc(ccc1)*)C)C,449.0
*Oc1ccc(cc1)NC(=O)c1c(cc(cc1)c1cc(c(cc1)C(=O)Nc1ccc(cc1)Oc1ccc(cc1)C(c1ccc(cc1)*)(C)C)C)C,462.0
*Oc1ccc(cc1)C(c1ccc(cc1)Oc1c(cc(cc1)C(=O)c1ccc(cc1)C(=O)c1cc(c(cc1)*)C(F)(F)F)C(F)(F)F)(C)C,500.0
*Oc1ccc(cc1)C1(c2ccccc2-c2ccccc12)c1ccc(cc1)Oc1c(cc(cc1)C(=O)c1ccc(cc1)C(=O)c1cc(c(cc1)*)C(F)(F)F)C(F)(F)F,502.0
*Oc1ccc(cc1)c1ccc(cc1)Oc1c(cc(cc1)C(=O)c1ccc(cc1)C(=O)c1cc(c(cc1)*)C(F)(F)F)C(F)(F)F,521.0
*Oc1ccc(cc1)C(c1ccc(cc1)OC(=O)c1ccc(cc1)OCCCCCCCCCCOc1ccc(cc1)C(=O)*)(C)C,395.0
*Oc1ccc(cc1)C(c1ccc(cc1)OC(=O)c1ccc(cc1)OCCCCCCCCCCOc1ccc(cc1)C(=O)*)(C(F)(F)F)C(F)(F)F,402.0
*Oc1c(cc(cc1Br)C(c1cc(c(c(c1)Br)OC(=O)c1ccc(cc1)OCCCCCCCCCCOc1ccc(cc1)C(=O)*)Br)(C)C)Br,398.0
*Oc1c(cc(cc1Cl)C(c1cc(c(c(c1)Cl)OC(=O)c1ccc(cc1)OCCCCCCCCCCOc1ccc(cc1)C(=O)*)Cl)(C)C)Cl,365.0
*c1oc(nn1)c1ccc(cc1)c1oc(nn1)c1ccc(cc1)OC(=O)c1ccc(cc1)C(=O)Oc1ccc(cc1)*,380.0
*c1oc(nn1)c1ccc(cc1)c1oc(nn1)c1ccc(cc1)OC(=O)c1cc(ccc1)C(=O)Oc1ccc(cc1)*,370.0
*c1oc(nn1)c1c(cc(cc1)c1oc(nn1)c1ccc(cc1)OC(=O)c1ccc(cc1)C(=O)Oc1ccc(cc1)*)Oc1ccccc1,360.0
*c1oc(nn1)c1c(cc(cc1)c1oc(nn1)c1ccc(cc1)OC(=O)c1cc(ccc1)C(=O)Oc1ccc(cc1)*)Oc1ccccc1,365.0
*Oc1c(cc(cc1)c1ccc(cc1)c1cc(c(cc1)Oc1ccc(cc1)C(c1ccc(cc1)*)(C(F)(F)F)C(F)(F)F)C(F)(F)F)C(F)(F)F,520.0
*Oc1c(cc(cc1)c1ccc(cc1)c1cc(c(cc1)Oc1ccc(cc1)C(c1ccc(cc1)*)(C)C)C(F)(F)F)C(F)(F)F,464.0
*Oc1ccc(cc1)C1(c2ccccc2-c2ccccc12)c1ccc(cc1)Oc1c(cc(cc1)c1ccc(cc1)c1cc(c(cc1)*)C(F)(F)F)C(F)(F)F,530.0
*Oc1ccc(cc1)c1ccc(cc1)Oc1c(cc(cc1)c1ccc(cc1)c1cc(c(cc1)*)C(F)(F)F)C(F)(F)F,514.0
*Oc1ccc(cc1)S(=O)(=O)c1ccc(cc1)Oc1c(cc(cc1)c1ccc(cc1)c1cc(c(cc1)*)C(F)(F)F)C(F)(F)F,422.0
*c1nc(ccc1)c1cc(c(cc1)Oc1ccc(cc1)C(c1ccc(cc1)Oc1c(cc(cc1)*)C(F)(F)F)(C(F)(F)F)C(F)(F)F)C(F)(F)F,512.0
*c1nc(ccc1)c1cc(c(cc1)Oc1ccc(cc1)C(c1ccc(cc1)Oc1c(cc(cc1)*)C(F)(F)F)(C)C)C(F)(F)F,461.0
*c1nc(ccc1)c1cc(c(cc1)Oc1ccc(cc1)C1(c2ccccc2-c2ccccc12)c1ccc(cc1)Oc1c(cc(cc1)*)C(F)(F)F)C(F)(F)F,536.0
*c1sc(cc1)c1cc(c(cc1)Oc1ccc(cc1)C(c1ccc(cc1)Oc1c(cc(cc1)*)C(F)(F)F)(C(F)(F)F)C(F)(F)F)C(F)(F)F,521.0
*c1sc(cc1)c1cc(c(cc1)Oc1ccc(cc1)C(c1ccc(cc1)Oc1c(cc(cc1)*)C(F)(F)F)(C)C)C(F)(F)F,444.0
*c1sc(cc1)c1cc(c(cc1)Oc1ccc(cc1)C1(c2ccccc2-c2ccccc12)c1ccc(cc1)Oc1c(cc(cc1)*)C(F)(F)F)C(F)(F)F,494.0
*C1COC2C1OCC2OC(=O)O*,283.0
*c1c2c(c(s1)*)OCCO2,50.0
*n1nc(c2c(c1=O)cc(cc2)Oc1cc2c(c(nn(c2=O)c2ccc(cc2)S(=O)(=O)c2ccc(cc2)*)c2ccccc2)cc1)c1ccccc1,499.0
*n1nc(c2c(c1=O)cc(cc2)Oc1ccc(cc1)C(c1ccc(cc1)Oc1ccc2c(c(nn(c2=O)c2ccc(cc2)S(=O)(=O)c2ccc(cc2)*)c2ccccc2)c1)(C)C)c1ccccc1,489.0
*n1nc(c2c(c1=O)cc(cc2)Oc1ccc2c(c(nn(c2=O)c2ccc(cc2)C(=O)c2ccc(cc2)*)c2ccccc2)c1)c1ccccc1,497.0
*n1nc(c2c(c1=O)cc(cc2)Oc1ccc(cc1)C(c1ccc(cc1)Oc1ccc2c(c(nn(c2=O)c2ccc(cc2)C(=O)c2ccc(cc2)*)c2ccccc2)c1)(C)C)c1ccccc1,486.0
*n1nc(c2c(c1=O)cc(cc2)Oc1ccc2c(c(nn(c2=O)c2c(c(ccc2)*)C#N)c2ccccc2)c1)c1ccccc1,526.0
*n1nc(c2c(c1=O)cc(cc2)Oc1ccc(cc1)C(c1ccc(cc1)Oc1ccc2c(c(nn(c2=O)c2c(c(ccc2)*)C#N)c2ccccc2)c1)(C)C)c1ccccc1,501.0
*n1nc(c2c(c1=O)cccc2)c1ccc(cc1)Oc1ccc(cc1)c1c2c(c(=O)n(n1)c1ccc(cc1)S(=O)(=O)c1ccc(cc1)*)cccc2,476.0
*n1nc(c2c(c1=O)cccc2)c1ccc(cc1)Oc1ccc(cc1)c1c2c(c(=O)n(n1)c1ccc(cc1)C(=O)c1ccc(cc1)*)cccc2,468.0
*N1C(N2N(C1=O)C(N(C2=O)c1ccc(cc1)Oc1ccc(cc1)*)c1ccc(cc1)OC)c1ccc(cc1)OC,244.0
*[Si]1(O[Si](O[Si](O1)(C)C)(C)C)O[Si](CC*)(C)C,375.0
*c1oc(nc1)c1cc(c(cc1)Oc1ccc(cc1)C(c1ccc(cc1)Oc1c(cc(cc1)*)C(F)(F)F)(C(F)(F)F)C(F)(F)F)C(F)(F)F,441.0
*c1oc(nc1)c1cc(c(cc1)Oc1ccc(cc1)C(c1ccc(cc1)Oc1c(cc(cc1)*)C(F)(F)F)(C)C)C(F)(F)F,443.0
*c1oc(nc1)c1cc(c(cc1)Oc1ccc(cc1)c1ccc(cc1)Oc1c(cc(cc1)*)C(F)(F)F)C(F)(F)F,460.0
*c1oc(nc1)c1cc(c(cc1)Oc1ccc(cc1)S(=O)(=O)c1ccc(cc1)Oc1c(cc(cc1)*)C(F)(F)F)C(F)(F)F,441.0
*n1nc(c2c(c1=O)cccc2)c1ccc(cc1)Oc1ccc(cc1)S(=O)(=O)c1ccc(cc1)*,526.85
*n1nc(c2c(c1=O)cccc2)c1ccc(cc1)Oc1ccc(cc1)C(=O)c1ccc(cc1)*,487.0
*Oc1ccc(cc1)NC(=O)Nc1ccc(cc1)CCc1ccc(cc1)NC(=O)Nc1ccc(cc1)*,325.0
*Oc1ccc(cc1)NC(=O)Nc1c(cccc1)CCc1ccc(cc1)NC(=O)Nc1ccc(cc1)*,330.0
*Oc1ccc(cc1)NC(=O)Nc1c(cccc1)CCc1c(cccc1)NC(=O)Nc1ccc(cc1)*,300.0
*Oc1cc(ccc1)Oc1ccc(cc1)C(=O)c1ccc(cc1)*,509.3333333
*C1OC(C(C(C1N)O)O*)CO,228.0
*C1OC(C(C(C1NC(=O)C)O)O*)CO,200.0
*Oc1c(cc(cc1)Oc1ccc(cc1)C(=O)c1ccc(cc1)*)S(=O)(=O)O,310.0
*c1oc(nn1)c1ccc(cc1)Oc1ccc(cc1)C=Cc1ccc(cc1)Oc1ccc(cc1)*,473.0
*c1oc(nn1)c1ccc(cc1)Oc1c2c(c(cc1)C=Cc1ccc(cc1)Oc1ccc(cc1)*)cccc2,480.0
*c1oc(nn1)c1c2c(c(cc1)Oc1ccc(cc1)C=Cc1ccc(cc1)Oc1c3c(c(cc1)*)cccc3)cccc2,482.0
*c1oc(nn1)c1c2c(c(cc1)Oc1c3c(c(cc1)C=Cc1ccc(cc1)Oc1c4c(c(cc1)*)cccc4)cccc3)cccc2,490.0
*Oc1ccc(cc1)C=Cc1ccc(cc1)OCCCCCC*,387.0
*Oc1c2c(c(cc1)C=Cc1ccc(cc1)OCCCCCC*)cccc2,402.0
*C1COC2C1OCC2OC(=O)CCCCCCCCC(=O)O*,386.0
*C1(c2c(C(=O)N1C)cccc2)c1ccc(cc1)Oc1ccc(cc1)C(=O)c1ccc(cc1)Oc1ccc(cc1)*,525.0
*Oc1ccc(cc1)NC(=O)NCCCCCCNC(=O)Nc1ccc(cc1)*,360.0
*c1ccc2n(c3c(c2c1)cc(cc3)/C=C/c1ccc(cc1)Oc1c(cc(cc1)c1ccc(cc1)c1ccc(cc1)c1cc(c(cc1)Oc1ccc(cc1)/C=C/*)C(F)(F)F)C(F)(F)F)CC(CCCC)CC,561.0
*c1ccc2n(c3c(c2c1)cc(cc3)/C=C/c1ccc(cc1)Oc1c(cc(cc1)c1ccc(cc1)c1ccc(cc1)c1cc(c(cc1)Oc1ccc(cc1)/C=C/*)C#N)C#N)CC(CCCC)CC,502.0
*Oc1c(cc(cc1)c1ccc(cc1)c1ccc(cc1)c1cc(c(cc1)Oc1ccc(cc1)/C=C/c1cc2C(c3c(-c2cc1)ccc(c3)/C=C/c1ccc(cc1)*)(CCCCCC)CCCCCC)C(F)(F)F)C(F)(F)F,578.0
*Oc1c(cc(cc1)c1ccc(cc1)c1ccc(cc1)c1cc(c(cc1)Oc1ccc(cc1)/C=C/c1cc2C(c3c(-c2cc1)ccc(c3)/C=C/c1ccc(cc1)*)(CCCCCC)CCCCCC)C#N)C#N,501.0
*Oc1c(c(c(c(c1F)F)Sc1c(c(c(c(c1F)F)Oc1ccc(cc1)C(c1ccc(cc1)*)(C(F)(F)F)C(F)(F)F)F)F)F)F,480.5
*Oc1ccc(cc1)c1ccc(cc1)Oc1ccc(cc1)C(=O)c1ccc(cc1)C(=O)c1ccc(cc1)*,523.0
*Oc1c(cc(cc1)Oc1ccc(cc1)C(=O)c1ccc(cc1)C(=O)c1ccc(cc1)*)c1cc(c(cc1)Cl)C(F)(F)F,524.0
*Oc1ccc(cc1)N(c1ccc(cc1)c1ccc(cc1)N(c1ccc(cc1)OCCCCCC*)c1ccccc1)c1ccccc1,430.0
*Oc1ccc(cc1)N(c1ccc(cc1)c1ccc(cc1)N(c1ccc(cc1)OCCCCCCCCCCCC*)c1ccccc1)c1ccccc1,420.0
*OP(=O)(N=Nc1ccc(cc1)COC(=O)c1cc(cc(c1)C(C)(C)C)C(=O)OCc1ccc(cc1)N=NP(=O)(OCC*)OC)OC,115.0
*OP(=O)(N=Nc1ccc(cc1)CCOC(=O)c1cc(cc(c1)C(C)(C)C)C(=O)OCCc1ccc(cc1)N=NP(=O)(OCC*)OC)OC,162.0
*[NH+]1C(C=C(C=C1c1ccccc1)c1ccc(cc1)C1=CC([NH+](C(=C1)c1ccccc1)c1ccc(cc1)Oc1ccc(cc1)*)c1ccccc1)c1ccccc1,450.0
*Oc1c2c(ccc1)c(ccc2)OC1(C(C(C1(F)F)(F)F)(*)F)F,359.4
*Oc1ccc(cc1)OC1(C(C(C1(F)F)(F)F)(*)F)F,397.0
*c1ccc2n(c3c(c2c1)cc(cc3)Oc1c(cc(cc1)c1ccc(cc1)c1ccc(cc1)c1cc(c(cc1)O*)C#N)C#N)CC(CCCC)CC,435.0
*c1ccc2n(c3c(c2c1)cc(cc3)Oc1c(cc(cc1)c1ccc(cc1)c1ccc(cc1)c1cc(c(cc1)O*)C(F)(F)F)C(F)(F)F)CC(CCCC)CC,505.0
*c1ccc2n(c3c(c2c1)cc(cc3)C=Cc1ccc(cc1)Oc1c(cc(cc1)c1ccc(cc1)c1ccc(cc1)c1cc(c(cc1)Oc1ccc(cc1)C=C*)C#N)C#N)CC(CCCC)CC,502.0
*c1ccc2n(c3c(c2c1)cc(cc3)C=Cc1ccc(cc1)Oc1c(cc(cc1)c1ccc(cc1)c1ccc(cc1)c1cc(c(cc1)Oc1ccc(cc1)C=C*)C(F)(F)F)C(F)(F)F)CC(CCCC)CC,561.0
*Oc1c(c(c(c(c1F)F)c1c(c(c(c(c1F)F)Oc1c(cc(cc1)Cc1cc(c(cc1)*)C=O)C=O)F)F)F)F,347.0
*Oc1ccc(cc1)S(=O)(=O)c1ccc(cc1)Oc1ccc(cc1)C(c1ccc(cc1)*)(CCC(=O)O)C,424.0
*Oc1ccc(cc1)N=Cc1ccc(cc1)OC(=O)c1ccc(cc1)C=Nc1ccc(cc1)OCCOC(=O)NCCCCCCNC(=O)OCC*,310.0
*Oc1ccc(cc1)N=Cc1ccc(cc1)OC(=O)c1ccc(cc1)C=Nc1ccc(cc1)OCCCCOC(=O)NCCCCCCNC(=O)OCCCC*,308.0
*Oc1ccc(cc1)N=Cc1ccc(cc1)OC(=O)c1ccc(cc1)C=Nc1ccc(cc1)OCCCCCCOC(=O)NCCCCCCNC(=O)OCCCCCC*,312.0
*Oc1ccc(cc1)N=Cc1ccc(cc1)OC(=O)c1ccc(cc1)C=Nc1ccc(cc1)OCCCCCCCCOC(=O)NCCCCCCNC(=O)OCCCCCCCC*,323.0
*Oc1ccc(cc1)N=Cc1ccc(cc1)OC(=O)c1ccc(cc1)C=Nc1ccc(cc1)OCCCCCCCCCCOC(=O)NCCCCCCNC(=O)OCCCCCCCCCC*,320.0
*Oc1ccc(cc1)N=Cc1ccc(cc1)OC(=O)c1ccc(cc1)C=Nc1ccc(cc1)OCCOC(=O)NC1CCC(CC1)CC1CCC(CC1)NC(=O)OCC*,316.0
*Oc1ccc(cc1)N=Cc1ccc(cc1)OC(=O)c1ccc(cc1)C=Nc1ccc(cc1)OCCCCOC(=O)NC1CCC(CC1)CC1CCC(CC1)NC(=O)OCCCC*,314.0
*Oc1ccc(cc1)N=Cc1ccc(cc1)OC(=O)c1ccc(cc1)C=Nc1ccc(cc1)OCCCCCCOC(=O)NC1CCC(CC1)CC1CCC(CC1)NC(=O)OCCCCCC*,319.0
*Oc1ccc(cc1)N=Cc1ccc(cc1)OC(=O)c1ccc(cc1)C=Nc1ccc(cc1)OCCCCCCCCOC(=O)NC1CCC(CC1)CC1CCC(CC1)NC(=O)OCCCCCCCC*,322.0
*Oc1ccc(cc1)N=Cc1ccc(cc1)OC(=O)c1ccc(cc1)C=Nc1ccc(cc1)OCCCCCCCCCCOC(=O)NC1CCC(CC1)CC1CCC(CC1)NC(=O)OCCCCCCCCCC*,312.0
*n1nc(c2c(c1=O)cccc2)c1c(cc(cc1)Oc1ccc(cc1)C(=O)c1ccc(cc1)C(=O)c1ccc(cc1)*)F,537.0
*n1nc(c2c(c1=O)cccc2)c1c(cc(cc1)Oc1ccc(cc1)C(=O)c1ccc(cc1)*)F,543.0
*n1nc(c2c(c1=O)cccc2)c1c(cc(cc1)Oc1ccc(cc1)S(=O)(=O)c1ccc(cc1)*)F,505.0
*n1nc(c2c(c1=O)cccc2)c1c(cc(cc1)Oc1c(c(c(c(c1F)F)c1c(c(c(c(c1F)F)*)F)F)F)F)F,534.0
*C1COC2C1OCC2OC(=O)OCCCCCCOC(=O)O*,318.5
*C1COC2C1OCC2OC(=O)OCC(C(COC(=O)O*)OC)OC,292.0
*C1COC2C1OCC2OC(=O)OCC(C(COC(=O)O*)O)O,191.5
*C1COC2C1OCC2OC(=O)OCC1OC(OC1COC(=O)O*)(C)C,344.0
*Oc1c(c(c(c(c1F)F)S(=O)(=O)c1c(c(c(c(c1F)F)Oc1ccc(cc1)C(c1ccc(cc1)*)(C(F)(F)F)C(F)(F)F)F)F)F)F,473.0
*c1c2c(c(s1)c1ccc(cc1)N(c1ccc(cc1)*)c1ccc(cc1)CCCC)OCCO2,278.0
*n1nc(c2c(c1=O)cccc2)c1cc(c(cc1)Oc1ccc(cc1)C(=O)c1ccc(cc1)*)Br,530.0
*Oc1c(cc(cc1)Oc1ccc(cc1)C(=O)c1ccc(cc1)*)c1cc(cc(c1)C(F)(F)F)C(F)(F)F,527.0
*Oc1c(cc(cc1)Oc1ccc(cc1)C(=O)c1ccc(cc1)*)c1cc(ccc1)C(F)(F)F,533.0
*Oc1c(cc(cc1)Oc1ccc(cc1)C(=O)c1ccc(cc1)*)c1cc(cc(c1)C)C,444.0
*Oc1c(cc(cc1)Oc1ccc(cc1)C(=O)c1ccc(cc1)*)c1ccc(cc1)Oc1ccccc1,523.0
*Oc1c(cc(cc1)Oc1ccc(cc1)C(=O)c1ccc(cc1)C(=O)c1ccc(cc1)*)c1cc(ccc1)C,478.0
*Oc1c(cc(cc1)Oc1ccc(cc1)C(=O)c1ccc(cc1)c1ccc(cc1)C(=O)c1ccc(cc1)*)c1cc(ccc1)C,472.0
*Oc1c(cc(cc1)Oc1ccc(cc1)C(=O)c1ccc(cc1)C(=O)c1ccc(cc1)*)c1ccccc1,506.0
*Oc1c(cc(cc1)Oc1ccc(cc1)C(=O)c1ccc(cc1)c1ccc(cc1)C(=O)c1ccc(cc1)*)c1ccccc1,522.0
*Oc1c(cc(cc1)Oc1ccc(cc1)C(=O)c1ccc(cc1)C(=O)c1ccc(cc1)*)c1cc(c(cc1)S(=O)(=O)O)C,240.0
*Oc1c(cc(cc1)Oc1ccc(cc1)C(=O)c1ccc(cc1)c1ccc(cc1)C(=O)c1ccc(cc1)*)c1cc(c(cc1)S(=O)(=O)O)C,276.0
*Oc1c(cc(cc1)Oc1ccc(cc1)C(=O)c1ccc(cc1)C(=O)c1ccc(cc1)*)c1ccc(cc1)S(=O)(=O)O,251.0
*Oc1c(cc(cc1)Oc1ccc(cc1)C(=O)c1ccc(cc1)c1ccc(cc1)C(=O)c1ccc(cc1)*)c1ccc(cc1)S(=O)(=O)O,262.0
*Oc1ccc(cc1)Nc1ccc(cc1)Nc1ccc(cc1)Nc1ccc(cc1)Nc1ccc(cc1)Oc1ccc(cc1)C(=O)c1ccc(cc1)*,250.0
*C1COC2C1OCC2OC(=O)OCCCCOC(=O)O*,302.0
*C1COC2C1OCC2OC(=O)OCCCCCCCCOC(=O)O*,325.5
*C1COC2C1OCC2OC(=O)OCCCCCCCCCCOC(=O)O*,330.0
*C1COC2C1OCC2OC(=O)OCCOCCOC(=O)O*,317.0
*C1COC2C1OCC2OC(=O)OCCOCCOCCOC(=O)O*,318.0
*C1COC2C1OCC2OC(=O)OCCOCCOCCOCCOC(=O)O*,308.0
*C1=CC(=C(C#N)C#N)C=C(O1)C=Cc1sc(cc1)N(CCOC(=O)Nc1c(ccc(c1)NC(=O)OCCN(c1sc(cc1)C=C*)C)C)C,276.0
*C1CCN(CC1)c1sc(cc1)C=CC1=CC(=C(C#N)C#N)C=C(O1)C=Cc1sc(cc1)N1CCC(CC1)OC(=O)Nc1c(ccc(c1)NC(=O)O*)C,309.0
*C1=CC(=C(C#N)C#N)C=C(O1)C=Cc1ccc(cc1)N=Nc1ccc(cc1)N(CCOC(=O)Nc1c(ccc(c1)NC(=O)OCCN(c1ccc(cc1)N=Nc1ccc(cc1)C=C*)C)C)C,301.0
*c1oc(nn1)c1ccc(cc1)NC(=O)c1cc(cc(c1)NC(=O)c1ccc(cc1)OC(=O)C)C(=O)Nc1ccc(cc1)*,293.0
*c1oc(nn1)c1ccc(cc1)Oc1ccc(cc1)NC(=O)c1cc(cc(c1)NC(=O)c1ccc(cc1)OC(=O)C)C(=O)Nc1ccc(cc1)Oc1ccc(cc1)*,292.0
*c1oc(nn1)c1ccc(cc1)Oc1cc(ccc1)NC(=O)c1cc(cc(c1)NC(=O)c1ccc(cc1)OC(=O)C)C(=O)Nc1cc(ccc1)Oc1ccc(cc1)*,299.0
*n1nc(c2c(c1=O)cccc2)c1ccc(cc1)Oc1ccc(cc1)C(=O)Nc1ccc(cc1)Oc1ccc(cc1)NC(=O)c1ccc(cc1)*,570.1666667
*O[Si](Oc1c(cc(cc1)C1(c2ccccc2-c2ccccc12)c1cc(c(cc1)*)C)C)(c1ccccc1)c1ccccc1,528.0
*O[Si](Oc1ccc(cc1)C1(c2ccccc2-c2ccccc12)c1ccc(cc1)*)(c1ccccc1)c1ccccc1,544.0
*O[Si](OCCOc1ccc(cc1)C1(c2ccccc2-c2ccccc12)c1ccc(cc1)OCC*)(c1ccccc1)c1ccccc1,443.0
*C1=CC(=C(C#N)C#N)C=C(O1)C=Cc1sc(c(c1CCCCCC)CCCCCC)c1cc2C(c3c(-c2cc1)ccc(c3)c1sc(c(c1CCCCCC)CCCCCC)C=C*)(CCCCCC)CCCCCC,380.0
*c1ccc2N(c3c(Sc2c1)cc(cc3)c1sc(c(c1CCCCCC)CCCCCC)C=CC1=CC(=C(C#N)C#N)C=C(O1)C=Cc1sc(c(c1CCCCCC)CCCCCC)*)CCCCCC,384.0
*C1=CC(=C(C#N)C#N)C=C(O1)C=Cc1sc(c(c1CCCCCC)CCCCCC)c1sc(cc1)c1sc(cc1)c1sc(c(c1CCCCCC)CCCCCC)C=C*,296.0
*c1ccc2n(c3c(c2c1)cc(cc3)Nc1ccc(cc1)Oc1ccc(cc1)N*)CC(CCCC)CC,448.0
*Oc1ccc(cc1)Nc1ccc(cc1)N=Nc1ccc(cc1)Nc1ccc(cc1)*,402.0
*Oc1ccc(cc1)Nc1ccc(cc1)C(=O)c1ccc(cc1)C(=O)c1ccc(cc1)Nc1ccc(cc1)*,475.0
*n1cc(c2c1ccc(c2)c1ccc2n(c3c(c2c1)cccc3)CCCC)N=Nc1c(cc(cc1)[N+](=O)[O-])OCCOC(=O)Nc1c(ccc(c1)NC(=O)OCC*)C,258.0
*n1cc(c2c1ccc(c2)c1ccccc1)N=Nc1c(cc(cc1)[N+](=O)[O-])OCCOC(=O)Nc1c(ccc(c1)NC(=O)OCC*)C,258.0
*n1cc(c2c1cccc2)N=Nc1c(cc(cc1)[N+](=O)[O-])OCCOC(=O)Nc1c(ccc(c1)NC(=O)OCC*)C,261.0
*Oc1ccc(cc1)Nc1ccc(cc1)Nc1ccc(cc1)Nc1ccc(cc1)Nc1ccc(cc1)OCCOCCOCCOCC*,370.0
*Oc1c(c(ccc1)Oc1ccc(cc1)C(=O)Nc1cc(ccc1)NC(=O)c1ccc(cc1)*)C#N,435.0
*Oc1c(c(ccc1)Oc1ccc(cc1)C(=O)Nc1ccc(cc1)Oc1ccc(cc1)NC(=O)c1ccc(cc1)*)C#N,438.0
*Oc1c(c(ccc1)Oc1ccc(cc1)C(=O)Nc1ccc(cc1)Cc1ccc(cc1)NC(=O)c1ccc(cc1)*)C#N,409.0
*Oc1c(c(ccc1)Oc1ccc(cc1)C(=O)Nc1ccc(cc1)S(=O)(=O)c1ccc(cc1)NC(=O)c1ccc(cc1)*)C#N,416.0
*C1=CC(=C(C#N)C#N)C=C(O1)C=Cc1sc(c(c1CCCCCC)CCCCCC)c1sc(cc1)c1sc(c(c1CCCCCC)CCCCCC)C=C*,307.0
*C1=CC(=C(C#N)C#N)C=C(O1)C=Cc1sc(c(c1CCCCCC)CCCCCC)c1sc(cc1)c1sc(cc1)c1sc(cc1)c1sc(c(c1CCCCCC)CCCCCC)C=C*,369.0
*Oc1ccc(cc1)c1ccc(cc1)OCCCCCCOC(=O)Nc1c(ccc(c1)NC(=O)OCCOC(=O)Nc1cc(c(cc1)C)NC(=O)OCCCCCC*)C,302.0
*Oc1ccc(cc1)c1ccc(cc1)OCCCCCCOC(=O)Nc1c(ccc(c1)NC(=O)OCCCCOC(=O)Nc1cc(c(cc1)C)NC(=O)OCCCCCC*)C,321.0
*Oc1ccc(cc1)c1ccc(cc1)OCCCCCCOC(=O)Nc1c(ccc(c1)NC(=O)OCCCCCCOC(=O)Nc1cc(c(cc1)C)NC(=O)OCCCCCC*)C,335.0
*O[Si](Oc1ccc(cc1)c1ccc(cc1)*)(c1ccccc1)c1ccccc1,518.3333333
*c1cc2n(c3c(c2cc1)ccc(c3)c1sc(c(c1CCCCCC)CCCCCC)C=CC1=CC(=C(C#N)C#N)C=C(O1)C=Cc1sc(c(c1CCCCCC)CCCCCC)*)CCCCCCCC,300.0
*N(c1ccc(cc1)C=C(c1ccc(cc1)c1sc(cc1)C=CC1=CC(=C(C#N)C#N)C=C(O1)C=Cc1sc(cc1)c1ccc(cc1)C(=Cc1ccc(cc1)*)C#N)C#N)c1ccc(cc1)C=C(c1ccc(cc1)c1sc(cc1)C=CC1=CC(=C(C#N)C#N)C=C(O1)C=Cc1sc(cc1)c1ccc(cc1)C(=Cc1ccc(cc1)*)C#N)C#N,377.0
*c1ccc2-c3c(C(c2c1)(CC)CC)cc(cc3C=C(c1ccc(cc1)c1sc(cc1)C=CC1=CC(=C(C#N)C#N)C=C(O1)C=Cc1sc(cc1)c1ccc(cc1)C(=C*)C#N)C#N)C=C(c1ccc(cc1)c1sc(cc1)C=CC1=CC(=C(C#N)C#N)C=C(O1)C=Cc1sc(cc1)c1ccc(cc1)C(=C*)C#N)C#N,338.0
*C1=CC(=C(C#N)C#N)C=C(O1)C=Cc1sc(cc1)c1ccc(cc1)C(=Cc1ccc(cc1)N(c1ccc(cc1)C=C(c1ccc(cc1)c1sc(cc1)C=C*)C#N)c1ccccc1)C#N,343.0
*C1=CC(=C(C#N)C#N)C=C(O1)C=Cc1sc(cc1)c1ccc(cc1)C(=Cc1cc2C(c3c(-c2cc1)ccc(c3)C=C(c1ccc(cc1)c1sc(cc1)C=C*)C#N)(CC)CC)C#N,341.0
*Oc1cc(ccc1)Oc1c(c(ccc1)Oc1cc(ccc1)Oc1ccc(cc1)c1ccc(cc1)*)C(=O)c1c(cccc1)S(=O)(=O)O[Na],398.0
*Oc1ccc(cc1)Oc1c(c(ccc1)Oc1ccc(cc1)Oc1ccc(cc1)c1ccc(cc1)*)C(=O)c1c(cccc1)S(=O)(=O)O[Na],404.0
*Oc1ccc(cc1)Oc1cc(ccc1)Oc1ccc(cc1)c1ccc(cc1)Oc1cc(ccc1)Oc1ccc(cc1)Oc1c(cc(cc1)C(=O)c1cc(c(cc1)*)S(=O)(=O)O[Na])S(=O)(=O)O[Na],415.0
*Oc1cc(ccc1)Oc1ccc(cc1)Oc1c(cc(cc1)S(=O)(=O)c1cc(c(cc1)Oc1ccc(cc1)Oc1cc(ccc1)Oc1ccc(cc1)c1ccc(cc1)*)S(=O)(=O)O[Na])S(=O)(=O)O[Na],424.0
*Oc1ccc(cc1)Oc1ccc(cc1)Oc1ccc(cc1)c1ccc(cc1)Oc1ccc(cc1)Oc1ccc(cc1)Oc1c(cc(cc1)C(=O)c1cc(c(cc1)*)S(=O)(=O)O[Na])S(=O)(=O)O[Na],442.0
*Oc1cc(ccc1)Oc1c(c(ccc1)Oc1cc(ccc1)Oc1ccc(cc1)c1ccc(cc1)*)C(=O)c1c(cccc1)S(=O)(=O)O,292.0
*Oc1ccc(cc1)Oc1c(c(ccc1)Oc1ccc(cc1)Oc1ccc(cc1)c1ccc(cc1)*)C(=O)c1c(cccc1)S(=O)(=O)O,171.0
*Oc1ccc(cc1)Oc1cc(ccc1)Oc1ccc(cc1)c1ccc(cc1)Oc1cc(ccc1)Oc1ccc(cc1)Oc1c(cc(cc1)C(=O)c1cc(c(cc1)*)S(=O)(=O)O)S(=O)(=O)O,305.0
*Oc1cc(ccc1)Oc1ccc(cc1)Oc1c(cc(cc1)S(=O)(=O)c1cc(c(cc1)Oc1ccc(cc1)Oc1cc(ccc1)Oc1ccc(cc1)c1ccc(cc1)*)S(=O)(=O)O)S(=O)(=O)O,292.0
*Oc1ccc(cc1)Oc1ccc(cc1)Oc1ccc(cc1)c1ccc(cc1)Oc1ccc(cc1)Oc1ccc(cc1)Oc1c(cc(cc1)C(=O)c1cc(c(cc1)*)S(=O)(=O)O)S(=O)(=O)O,296.0
*OP(=O)(OCCOc1ccc(cc1)C=Cc1ccc(cc1)OCC*)Oc1ccccc1,307.0
*OP(=O)(OCCCCOc1ccc(cc1)C=Cc1ccc(cc1)OCCCC*)Oc1ccccc1,285.0
*OP(=O)(OCCCCCCOc1ccc(cc1)C=Cc1ccc(cc1)OCCCCCC*)Oc1ccccc1,272.0
*OP(=O)(OCCCCCCCCOc1ccc(cc1)C=Cc1ccc(cc1)OCCCCCCCC*)Oc1ccccc1,267.0
*OP(=O)(OCCCCCCCCCCOc1ccc(cc1)C=Cc1ccc(cc1)OCCCCCCCCCC*)Oc1ccccc1,253.0
*OP(=O)(OCCOc1ccc(cc1)C=Cc1ccc(cc1)OCC*)Oc1c2c(ccc1)cccc2,321.0
*OP(=O)(OCCCCOc1ccc(cc1)C=Cc1ccc(cc1)OCCCC*)Oc1c2c(ccc1)cccc2,300.0
*OP(=O)(OCCCCCCOc1ccc(cc1)C=Cc1ccc(cc1)OCCCCCC*)Oc1c2c(ccc1)cccc2,284.0
*OP(=O)(OCCCCCCCCOc1ccc(cc1)C=Cc1ccc(cc1)OCCCCCCCC*)Oc1c2c(ccc1)cccc2,272.0
*OP(=O)(OCCCCCCCCCCOc1ccc(cc1)C=Cc1ccc(cc1)OCCCCCCCCCC*)Oc1c2c(ccc1)cccc2,263.0
*OP(=O)(OCCOc1ccc(cc1)C=Cc1ccc(cc1)OCC*)Oc1ccc(cc1)c1ccccc1,347.0
*OP(=O)(OCCCCOc1ccc(cc1)C=Cc1ccc(cc1)OCCCC*)Oc1ccc(cc1)c1ccccc1,330.0
*OP(=O)(OCCCCCCOc1ccc(cc1)C=Cc1ccc(cc1)OCCCCCC*)Oc1ccc(cc1)c1ccccc1,312.0
*OP(=O)(OCCCCCCCCOc1ccc(cc1)C=Cc1ccc(cc1)OCCCCCCCC*)Oc1ccc(cc1)c1ccccc1,292.0
*OP(=O)(OCCCCCCCCCCOc1ccc(cc1)C=Cc1ccc(cc1)OCCCCCCCCCC*)Oc1ccc(cc1)c1ccccc1,271.0
*[NH+]1C(C=C(C=C1c1ccccc1)c1ccc(cc1)C1=CC([NH+](C(=C1)c1ccccc1)CCOCCOCC*)c1ccccc1)c1ccccc1,281.5
*[NH+]1C(C=C(C=C1c1ccccc1)c1ccc(cc1)C1=CC([NH+](C(=C1)c1ccccc1)CCCCOCCCCOCCCC*)c1ccccc1)c1ccccc1,267.0
*C1(COCC(C1)(C*)C(=O)OC12CC3CC(CC(C1)C3)C2)C(=O)OC12CC3CC(CC(C1)C3)C2,375.0
*c1ccc(cc1)S(=O)(=O)c1ccc(cc1)Oc1nc(nc(n1)O*)O*,255.0
*c1ccc(cc1)Oc1ccc(cc1)S(=O)(=O)c1ccc(cc1)Oc1ccc(cc1)Oc1nc(nc(n1)O*)O*,448.0
*c1ccc(cc1)C(=O)c1ccc(cc1)Oc1nc(nc(n1)O*)O*,387.0
*c1ccc(cc1)C(c1ccc(cc1)Oc1nc(nc(n1)O*)O*)(C(F)(F)F)c1ccccc1,443.0
*c1ccc(cc1)P(=O)(c1ccc(cc1)Oc1nc(nc(n1)O*)O*)c1ccccc1,371.0
*c1ccc(cc1)Oc1ccc(cc1)P(=O)(c1ccc(cc1)Oc1ccc(cc1)Oc1nc(nc(n1)O*)O*)c1ccccc1,444.0
*c1cc(ccc1)Oc1ccc(cc1)P(=O)(c1ccc(cc1)Oc1cc(ccc1)Oc1nc(nc(n1)O*)O*)c1ccccc1,425.0
*OCCOCCOCCOCCOCCCCCCC=CCCCCCC*,242.0
*OCCOCCOCCOCCOCCCCCCCCCC=CCCCCCCCCC*,215.0
*OC(C*)CN(N=Cc1c2c(cs1)OCCO2)c1ccccc1,245.0
*c1c2c(nsn2)c(cc1)c1sc(c(c1)CCCCCC)c1c2c(c(s1)c1c3c(c(s1)c1sc(cc1CCCCCC)*)OCCO3)OCCO2,369.8
*c1c2c(nsn2)c(cc1)c1sc(c(c1)CCCCCC)c1c2c(c(s1)c1sc(cc1CCCCCC)*)OCCO2,390.5
*c1c2c(nsn2)c(cc1)c1sc(cc1CCCCCC)c1c2c(c(s1)c1c3c(c(s1)c1sc(c(c1)CCCCCC)*)OCCO3)OCCO2,380.1
*c1c2c(nsn2)c(cc1)c1sc(cc1CCCCCC)c1c2c(c(s1)c1sc(c(c1)CCCCCC)*)OCCO2,383.2
*c1ccc(cc1)Oc1cc2c(nc(c(n2)c2ccc(cc2)O*)c2ccc(cc2)O*)cc1,575.0
*c1cc2c(nc(c(n2)c2ccc(cc2)O*)c2ccc(cc2)O*)cc1,517.0
*C(=O)c1cc2c(nc(c(n2)c2ccc(cc2)Oc2ccc(cc2)*)c2ccc(cc2)Oc2ccc(cc2)*)cc1,525.5
*C(=O)c1ccc(cc1C(=O)O)Oc1cc(c(cc1)C(=O)Nc1ccc(cc1)Oc1cc(cc(c1)Oc1ccc(cc1)N*)Oc1ccc(cc1)N*)C(=O)O,483.0
*n1c(nc2c1cccc2)c1ccc(cc1)Oc1ccc(cc1)c1nc2c(n1c1ccc(cc1)S(=O)(=O)c1ccc(cc1)*)cccc2,542.0
*n1c(nc2c1ccc(c2)C)c1ccc(cc1)Oc1ccc(cc1)c1nc2c(n1c1ccc(cc1)S(=O)(=O)c1ccc(cc1)*)ccc(c2)C,464.0
*n1c(nc2c1cccc2)c1ccc(cc1)Oc1ccc(cc1)c1nc2c(n1c1ccc(cc1)C(=O)c1ccc(cc1)*)cccc2,485.0
*n1c(nc2c1ccc(c2)C)c1ccc(cc1)Oc1ccc(cc1)c1nc2c(n1c1ccc(cc1)C(=O)c1ccc(cc1)*)ccc(c2)C,464.0
*Oc1ccc(cc1)Nc1ccc(cc1)C(=O)c1ccc(cc1)Nc1ccc(cc1)*,450.0
*Oc1ccc(cc1)Oc1ccc(cc1)Nc1ccc(cc1)C(=O)c1ccc(cc1)C(=O)c1ccc(cc1)Nc1ccc(cc1)*,500.0
*Oc1c(cc(cc1)Oc1ccc(cc1)S(=O)(=O)c1ccc(cc1)*)c1cc(ccc1)O,254.0
*c1sc(cc1)*,482.0
*c1sc2c(n1)ccc(c2)c1ccc2c(sc(n2)c2ccc(cc2)*)c1,500.0
*c1sc2c(n1)ccc(c2)c1ccc2c(sc(n2)c2c3cc4c(cc3ccc2)c(ccc4)*)c1,460.0
*C1SC(C=C1CCCCCC)*,300.0
*c1sc(cc1CCCCCC)*,433.6666667
*c1sc(cc1CCCCCC)C#C*,221.0
*c1sc2cc3c(cc2n1)sc(n3)c1c(cc(c(c1)OCCCC)*)OCCCC,333.0
*c1sc2cc3c(cc2n1)sc(n3)c1c(cc(c(c1)OCCCCCC)*)OCCCCCC,322.0
*c1sc2cc3c(cc2n1)sc(n3)c1c(cc(c(c1)OCCCCCCCC)*)OCCCCCCCC,324.0
*c1sc2cc3c(cc2n1)sc(n3)c1c(cc(c(c1)OCCCCCCCCCC)*)OCCCCCCCCCC,318.0
*c1sc2cc3c(cc2n1)sc(n3)c1c(cc(c(c1)OCCCCCCCCCCCC)*)OCCCCCCCCCCCC,306.0
*c1sc2cc3c(cc2n1)sc(n3)c1cc(cc(c1)OCCCCCCCCCCCC)*,320.0
*c1sc2cc3c(cc2n1)sc(n3)c1cc(cc(c1)OCCCCCCCCCC)*,323.0
*c1c2c(c(=O)n(n1)c1ccc(cc1)S(=O)(=O)c1ccc(cc1)n1nc(c3c(c1=O)cccc3)c1ccc(cc1)Sc1ccc(cc1)*)cccc2,471.0
*n1nc(c2c(c1=O)cccc2)c1ccc(cc1)Sc1ccc(cc1)c1c2c(c(=O)n(n1)c1ccc(cc1)C(=O)c1ccc(cc1)*)cccc2,461.0
*c1c2sc(nc2c(c2sc(nc12)CCCCCC)c1sc(cc1)*)CCCCCC,423.0
*c1c2c(nsn2)c(cc1)/C=C/c1c(cc(c(c1)OCCCCCCCC)/C=C/*)OCCCCCCCC,347.0
*c1ncc(cc1)c1sc(cc1)c1cc2C(c3c(-c2cc1)ccc(c3)c1sc(cc1)*)(CCCCCCCC)CCCCCCCC,411.0
*c1sc(cc1)c1ccc(cc1)N(c1ccc(cc1)*)c1ccc(cc1)CCCC,466.0
*c1sc(cc1c1ccc(cc1)OC)*,330.0
*c1sc(cc1c1ccc(cc1)OCCCC)*,315.0
*c1sc(cc1c1ccc(cc1)OCCCCCC)*,305.0
*c1sc(cc1c1ccc(cc1)OCCCCCCCC)*,300.0
*c1sc(cc1CCCCCCCCCCCC)c1sc(c(c1)CCCCCCCCCCCC)c1cc2cc3c(cc2cc1)cc(cc3)*,425.0
*SSCc1c(cccc1)C*,190.0
*SSCCCC*,140.0
*c1n(c(cc1)c1sc(cc1)*)C#Cc1ccc(cc1)CCCCCC,399.0
*c1cc2n(c3c(c2cc1)ccc(c3)c1sc(cc1)c1c2c(nsn2)c(cc1)c1sc(cc1)*)C(CCCCCCCC)CCCCCCCC,432.0
*c1cc2C(c3c(-c2s1)sc(c3)c1ccc(cc1)C(=Cc1cc2C(c3c(-c2s1)sc(c3)C=C(c1ccc(cc1)*)C#N)(CC(CCCC)CC)CC(CCCC)CC)C#N)(CC(CCCC)CC)CC(CCCC)CC,388.0
*c1cc2C(=O)c3c(-c2s1)sc(c3)c1cc2C(c3c(-c2s1)sc(c3)*)(CC(CCCC)CC)CC(CCCC)CC,311.0
*c1cc2Sc3c(Sc2cc1)cc(cc3)Sc1ccc(cc1)Sc1ccc(cc1)S*,476.5
*c1cc2Sc3c(Sc2cc1)cc(cc3)S*,484.0
*c1ccc2N(c3c(Sc2c1)cc(cc3)C=C*)CCCCCCCC,463.5
*c1ccc2N(c3c(Sc2c1)cc(cc3)C=Cc1c2c(nc(c(n2)CC)CC)c(cc1)C=C*)CCCCCCCC,459.1
*c1ccc2N(c3c(Sc2c1)cc(cc3)c1sc(cc1)c1sc(cc1)*)CCCCCC,353.0
*c1ccc2N(c3c(Sc2c1)cc(cc3)c1sc(cc1)c1sc(cc1)*)CCCCCCCCCC,378.0
*c1ccc2N(c3c(Sc2c1)cc(cc3)c1sc(cc1)c1sc(cc1)*)CCCCCCCCCCCC,389.0
*c1ccc2N(c3c(Sc2c1)cc(cc3)c1sc2c(c1CCCCC)sc(c2)*)CCCCCC,390.0
*c1ccc2N(c3c(Sc2c1)cc(cc3)c1sc2c(c1CCCCC)sc(c2)*)CCCCCCCCCC,386.0
*c1ccc2N(c3c(Sc2c1)cc(cc3)c1sc2c(c1CCCCC)sc(c2)*)CCCCCCCCCCCC,342.0
*c1ccc2N(c3c(Sc2c1)cc(cc3)C=Cc1c2c(nsn2)c(cc1)C=C*)CCCCCCCC,385.0
*c1sc2c(c1)sc(c2)c1sc(cc1CCCCCCCCCCBr)c1sc(c(c1)CCCCCCCCCCBr)*,340.0
*c1sc2c(c1)sc(c2)c1sc(cc1CCCCCCCCCC[N+](C)(C)C)c1sc(c(c1)CCCCCCCCCC[N+](C)(C)C)*,250.0
*c1ccc2N(c3c(Sc2c1)cc(cc3)C=C*)c1ccc(cc1)OCCCCCCCCCCCC,399.0
*c1ccc2N(c3c(Sc2c1)cc(cc3)C=Cc1ccc(cc1)C=C*)c1ccc(cc1)OCCCCCCCCCCCC,422.0
*c1ccc2N(c3c(Sc2c1)cc(cc3)C=Cc1sc(cc1)C=C*)c1ccc(cc1)OCCCCCCCCCCCC,423.0
*c1c2c(nsn2)c(cc1)c1sc(c(c1)CCCCCC)C=Cc1cc2C(c3c(-c2cc1)ccc(c3)C=Cc1sc(cc1CCCCCC)*)(CCCCCCCC)CCCCCCCC,279.0
*c1c2c(nsn2)c(cc1)c1sc(c(c1)CCCCCC)C=Cc1c(cc(c(c1)OC)C=Cc1sc(cc1CCCCCC)*)OCC(CCCC)CC,283.0
*c1c2c(nsn2)c(cc1)c1sc(c(c1)CCCCCC)C=Cc1sc(c(c1CCCCCC)CCCCCC)C=Cc1sc(cc1CCCCCC)*,298.0
*c1c2c(nsn2)c(cc1)c1cc2c(C(=C3c4c(N(C3=O)CC(CCCCCCCC)CCCCCC)cc(cc4)*)C(=O)N2CC(CCCCCCCC)CCCCCC)cc1,380.0
*c1c(nc(s1)c1nc(c(s1)C#Cc1ccc(cc1)N(c1ccc(cc1)C#C*)c1ccccc1)CCCCCC)CCCCCC,299.0
*c1ccc2n(c3c(c2c1)cc(cc3)c1sc(cc1)c1c2c(nsn2)c(cc1)c1sc(cc1)*)C(CCCCCCCC)CCCCCCCC,455.0
*c1cc2n(c3c(c2cc1)ccc(c3)c1sc(cc1CCCCCC)c1c2c(nsn2)c(cc1)c1sc(c(c1)CCCCCC)*)C(CCCCCCCC)CCCCCCCC,416.0
*c1ccc2n(c3c(c2c1)cc(cc3)c1sc(cc1CCCCCC)c1c2c(nsn2)c(cc1)c1sc(c(c1)CCCCCC)*)C(CCCCCCCC)CCCCCCCC,462.0
*c1sc(cc1C#Cc1ccc(cc1)N(CCCCCCCCCCCCCCCC)CCCCCCCCCCCCCCCC)c1sc(cc1)c1sc(cc1)*,252.0
*c1sc(cc1C(=C(C#N)C#N)C(=C(C#N)C#N)c1ccc(cc1)N(CCCCCCCCCCCCCCCC)CCCCCCCCCCCCCCCC)c1sc(cc1)c1sc(cc1)*,262.0
*c1sc(cc1C(=C(C#N)C#N)C(=c1ccc(=C(C#N)C#N)cc1)c1ccc(cc1)N(CCCCCCCCCCCCCCCC)CCCCCCCCCCCCCCCC)c1sc(cc1)c1sc(cc1)*,236.0
*c1sc(cc1CCCCCC)c1sc(cc1CCCCCC)c1c2ccc3ccc(c4ccc(cc1)c2c34)*,371.0
*c1sc(cc1)c1sc(cc1)c1sc(cc1)C(=O)CCC(=O)*,362.0
*c1c2c(nsn2)c(cc1)c1sc2c(sc(c2CCCCCCCCCCC)c2cc3C(c4c(-c3cc2)ccc(c4)c2sc3c(c2CCCCCCCCCCC)sc(c3)*)(CCCCCCCC)CCCCCCCC)c1,417.0
*c1ccc2N(c3c(Sc2c1)cc(cc3)c1sc(cc1CCCCCC)c1c2c(nsn2)c(cc1)c1sc(c(c1)CCCCCC)c1ccc2N(c3c(Sc2c1)cc(cc3)C=C*)c1ccc(cc1)OC)c1ccc(cc1)OC,420.3
*c1ccc2N(c3c(Sc2c1)cc(cc3)c1sc(cc1)c1c2c(nsn2)c(cc1)c1sc(cc1)c1ccc2N(c3c(Sc2c1)cc(cc3)C=C*)c1ccc(cc1)OCCCCCCCCCCCC)c1ccc(cc1)OCCCCCCCCCCCC,423.6
*SC(C*)CN(N=Cc1c2c(cs1)OCCO2)c1ccccc1,220.0
*c1c2c(c(s1)c1sc(cc1CCCCCC)c1c3c(nsn3)c(cc1)c1sc(c(c1)CCCCCC)*)nc(c(n2)C)C,390.0
*c1c2c(c(s1)c1sc(cc1CCCCCC)c1c3c(nsn3)c(cc1)c1sc(c(c1)CCCCCC)*)nccn2,354.6
*c1c2c(c(s1)c1sc(c(c1)CCCCCC)c1c3c(nsn3)c(cc1)c1sc(cc1CCCCCC)*)nc(c(n2)C)C,380.0
*c1c2c(c(s1)c1sc(c(c1)CCCCCC)c1c3c(nsn3)c(cc1)c1sc(cc1CCCCCC)*)nccn2,351.4
*c1sc2c(c1)sc(c2)c1sc(cc1CCCCCCCCCCCCCC)C#Cc1cc2C(c3c(-c2cc1)ccc(c3)C#Cc1sc(c(c1)CCCCCCCCCCCCCC)*)(CC(CCCC)CC)CC(CCCC)CC,364.0
*c1c2c(nsn2)c(cc1)c1sc(c(c1)CCCCCCCCCCCCCC)C#Cc1cc2C(c3c(-c2cc1)ccc(c3)C#Cc1sc(cc1CCCCCCCCCCCCCC)*)(CC(CCCC)CC)CC(CCCC)CC,336.0
*Sc1ccc(cc1)*,484.0
*Sc1cc(ccc1)Sc1ccc(cc1)Sc1ccc(cc1)*,495.0
*Oc1ccc(cc1)OC(=O)c1cc(ccc1)C(=O)*,446.0
*Oc1c(cc(cc1)C=Nc1c2c(ccc1)c(ccc2)N=Cc1cc(c(cc1)OC(=O)CCCCC(=O)*)OC)OC,200.0
*Oc1c(cc(cc1)C=Nc1ccc(cc1)N=Cc1cc(c(cc1)OC(=O)c1ccc(cc1)C(=O)*)OC)OC,230.0
*Oc1c(cc(cc1)C=Nc1ccc(cc1)c1ccc(cc1)N=Cc1cc(c(cc1)OC(=O)c1ccc(cc1)C(=O)*)OC)OC,230.0
*Oc1c(cc(cc1)C=Nc1ccc(cc1)c1ccc(cc1)N=Cc1cc(c(cc1)OC(=O)c1cc(ccc1)C(=O)*)OC)OC,200.0
*Oc1ccc(cc1)C(c1ccc(cc1)OC(=O)c1c(c(c(c(c1Cl)Cl)C(=O)*)Cl)Cl)(C)C,426.0
*Oc1ccc(cc1)C(c1ccc(cc1)OC(=O)c1c(c(c(c(c1F)F)C(=O)*)F)F)(C)C,264.0
*Oc1ccc(cc1)OC(=O)c1c(cc(cc1)C(=O)*)Sc1cc2c(cc1)cccc2,441.0
*Oc1ccc(cc1)c1ccc(cc1)OC(=O)c1c(cc(cc1)C(=O)*)Sc1cc2c(cc1)cccc2,441.0
*Oc1ccc(cc1)c1ccc(cc1)OC(=O)c1ccc(cc1)c1ccc(cc1)C(=O)*,530.0
*Oc1ccc(cc1)c1ccc(cc1)C(=O)*,519.0
*Oc1cc2c(cc1)cc(cc2)C(=O)*,500.0
*c1ccc2c(c1)c(=O)oc(n2)c1cc(cc(c1)N1C(=O)c2c(C1=O)c(c(c(c2Cl)Cl)Cl)Cl)c1oc(=O)c2c(ccc(c2)C*)n1,420.0
*Oc1ccc(cc1)OC(=O)c1c(cc(cc1)C(=O)*)Oc1ccccc1,388.0
*Oc1ccc(cc1)OC(=O)c1c(cc(cc1)C(=O)*)Oc1ccc(cc1)Cl,420.0
*SC(=O)CCC(=O)SCc1c(c(c(c(c1C)C)C*)C)C,250.0
*Oc1ccc(cc1)OC(=O)c1c(cc(cc1)C(=O)*)Oc1ccc(cc1)Br,425.0
*Oc1ccc(cc1)OC(=O)c1c(cc(cc1)C(=O)*)Oc1ccc(cc1)F,400.0
*Oc1ccc(cc1)OC(=O)c1c(cc(cc1)C(=O)*)Oc1ccc(cc1)C1CCCCC1,421.0
*OC(=O)c1c2c(CC2)c(cc1)C(=O)OCC*,395.0
*Oc1c(cc(cc1)c1cc(c(cc1)OC(=O)c1ccc(cc1)C(=O)c1ccc(cc1)C(=O)*)c1ccccc1)c1ccccc1,506.0
*Oc1ccc(cc1)C(c1ccc(cc1)OC(=O)c1ccc(cc1)C(c1ccc(cc1)C(=O)*)(C(F)(F)F)C(F)(F)F)(C)C,339.0
*Oc1ccc(cc1)C(c1ccc(cc1)OC(=O)c1ccc(cc1)C(c1ccc(cc1)C(=O)*)(C(F)(F)F)C(F)(F)F)(C(F)(F)F)C(F)(F)F,353.0
*Oc1ccc(cc1)C(=O)NNC(=O)c1c(cc(cc1)C(=O)NNC(=O)c1ccc(cc1)OC(=O)c1ccc(cc1)C(=O)*)Oc1ccccc1,314.0
*OC(=O)CCCCCCCCC(=O)OCC#CC(=Cc1ccc(cc1)C#Cc1ccc(cc1)C=C(C#Cc1ccccc1)C#Cc1ccccc1)C#CC*,340.0
*OC(=O)CCCCCCCCC(=O)OCC#CC(=Cc1ccc(cc1)C#Cc1ccccc1)C#CC*,240.0
*OC(=O)CCCCCCCCC(=O)OCC#CC(=Cc1ccc(cc1)C#Cc1ccc(cc1)[N+](=O)[O-])C#CC*,250.0
*OC(=O)c1ccc(cc1)C(=O)OCCN(CC*)c1ccc(cc1)C=C(C#N)C#N,369.0
*OC(=O)c1c(cc(cc1)C(=O)OCCN(CC*)c1ccc(cc1)c1oc2c(n1)ccc(c2)[N+](=O)[O-])OCCC,344.0
*OC(=O)c1ccc(cc1)C(=O)OCCN(CC*)c1ccc(cc1)c1oc2c(n1)ccc(c2)[N+](=O)[O-],316.0
*OC(=O)c1c(cc(cc1)C(=O)OCCN(CC*)c1ccc(cc1)C=C(C#N)C#N)OCCC,369.0
*OC(=O)c1c(cc(cc1)C(=O)OCCN(CC*)c1ccc(cc1)N=Nc1ccc(cc1)c1oc2c(n1)cccc2)OCCC,338.0
*OC(=O)c1ccc(cc1)C(=O)OCCCC(=O)NCCCCCCNC(=O)CCC*,250.0
*OC(=O)c1cc(ccc1)C(=O)OCCCC(=O)NCCCCCCNC(=O)CCC*,295.0
*OC(=O)c1cc(ccc1)C(=O)OCCCC(=O)NCc1ccc(cc1)CNC(=O)CCC*,248.0
*OC(=O)c1cc(ccc1)C(=O)OCCCC(=O)Nc1ccc(cc1)NC(=O)CCC*,341.0
*OC(=O)c1cc2c(cc1)cc(cc2)C(=O)OCCCC(=O)NCCCCCCNC(=O)CCC*,320.0
*OC(=O)c1cc2c(cc1)cc(cc2)C(=O)OCCCC(=O)NCc1ccc(cc1)CNC(=O)CCC*,290.0
*OC(=O)c1cc2c(cc1)cc(cc2)C(=O)OCCCC(=O)Nc1ccc(cc1)NC(=O)CCC*,245.0
*OC(=O)c1ccc(cc1)c1ccc(cc1)C(=O)OCCCC(=O)NCCCCCCNC(=O)CCC*,315.0
*OC(=O)c1ccc(cc1)c1ccc(cc1)C(=O)OCCCC(=O)NCc1ccc(cc1)CNC(=O)CCC*,310.0
*OC(=O)c1ccc(cc1)c1ccc(cc1)C(=O)OCCCC(=O)Nc1ccc(cc1)NC(=O)CCC*,319.0
*OC(=O)c1ccc(cc1)C(=O)OCCCC(=O)NCc1ccc(cc1)CNC(=O)CCC*,330.0
*OC(=O)c1ccc(cc1)C(=O)OCCCC(=O)Nc1ccc(cc1)NC(=O)CCC*,325.0
*OC(=O)c1c(cc(cc1)C(=O)OCCN(CC*)c1ccc(cc1)N=Nc1ccc(cc1)c1nc2c([nH]1)ccc(c2)[N+](=O)[O-])OCCC,285.0
*OC(=O)c1c(cc(cc1)C(=O)OCCN(CC*)c1ccc(cc1)N=Nc1[nH]c(c(n1)C#N)C#N)OCCC,305.0
*OC(=O)c1c(cc(cc1)C(=O)OCCN(CC*)c1ccc(cc1)N=Nc1[nH]c(c(n1)C#N)C#N)OCCCCC,291.0
*Oc1c(cc(cc1)OC(=O)c1ccc(cc1)C(=O)*)c1cc(ccc1)C(F)(F)F,436.3
*Oc1c(cc(cc1)OC(=O)c1ccc(cc1)C(=O)*)C(F)(F)F,436.3
*OC(=O)c1ccc(cc1)C(=O)OCCN(CC*)c1ccc(cc1)N=Nc1ccc(cc1)c1nc2c(n1CC)cc(cc2)[N+](=O)[O-],311.0
*OC(=O)c1cc(ccc1)C(=O)OCCN(CC*)c1ccc(cc1)N=Nc1ccc(cc1)c1nc2c(n1CC)cc(cc2)[N+](=O)[O-],313.0
*OC(=O)c1c(cc(cc1)C(=O)OCCN(CC*)c1ccc(cc1)N=Nc1ccc(cc1)c1nc2c(n1CC)cc(cc2)[N+](=O)[O-])OC,327.0
*OC(=O)c1c(cc(cc1)C(=O)OCCN(CC*)c1ccc(cc1)N=Nc1ccc(cc1)C=Cc1nc2c(n1CC)cc(cc2)[N+](=O)[O-])OC,292.0
*Oc1ccc(cc1)C1(c2ccccc2-c2ccccc12)c1ccc(cc1)OC(=O)C12CC3(CC(CC(C1)C3)C2)C(=O)*,400.0
*C(=O)C(=Cc1ccc(cc1)N=Nc1ccc(cc1)N(CCO*)CCO*)C#N,240.0
*NC(=O)CCCCCCCCC(=O)NCC(CCC*)(C)C,342.0
*NC(=O)c1c(c(c(c(c1F)F)C(=O)NCCCCCC*)F)F,379.0
*c1nc2c([nH]1)cc(cc2)c1cc2c(nc([nH]2)c2ccc(cc2)NC(=O)c2cc(ccc2)C(=O)Nc2ccc(cc2)*)cc1,400.0
*c1nc2c([nH]1)cc(cc2)c1cc2c(nc([nH]2)c2ccc(cc2)NC(=O)c2ccc(cc2)C(=O)Nc2ccc(cc2)*)cc1,445.0
*c1nc2c([nH]1)cc(cc2)c1cc2c(nc([nH]2)c2ccc(cc2)NC(=O)CCCCCCCCC(=O)Nc2ccc(cc2)*)cc1,320.0
*Nc1c(cc(cc1)c1cc(c(cc1)NC(=O)c1cc(ccc1)C(=O)*)O)O,628.0
*NC(=O)CCCCCC(=O)NC*,238.0
*NC(=O)CCCC(=O)NC*,238.0
*NC(=O)CCCCCCC(=O)NC*,520.0
*NC(=O)CCCCCCCCCCC(=O)NC*,275.0
*Nc1c(cc(cc1)NC(=O)c1ccc(cc1)C(=O)*)Oc1ccccc1,435.0
*Nc1ccc(cc1)Cc1ccc(cc1)NC(=O)c1c(cc(cc1)c1cc(c(cc1)C(=O)*)C)C,440.0
*Nc1ccc(cc1)C1(c2ccccc2-c2ccccc12)c1ccc(cc1)NC(=O)c1c(cc(cc1)c1cc(c(cc1)C(=O)*)C)C,435.0
*Nc1ccc(cc1)C(c1ccc(cc1)NC(=O)c1c(cc(cc1)c1cc(c(cc1)C(=O)*)C)C)(C(F)(F)F)C(F)(F)F,451.0
*S(=O)(=O)c1cc(ccc1)NC(=O)c1c(cc(cc1)c1cc(c(cc1)C(=O)Nc1cc(ccc1)*)C)C,439.0
*Nc1c(cc(cc1)NC(=O)c1ccc(cc1)NC(=O)CCCCCCCCC(=O)Nc1ccc(cc1)C(=O)*)C(=O)OCCCCCCCCCCCC,330.0
*Nc1c(cc(cc1)NC(=O)c1ccc(cc1)NC(=O)CCCCCCCCCCC(=O)Nc1ccc(cc1)C(=O)*)C(=O)OCCCCCCCCCCCC,330.0
*Nc1c(cc(cc1)NC(=O)c1ccc(cc1)NC(=O)CCCCCCCCCCCCC(=O)Nc1ccc(cc1)C(=O)*)C(=O)OCCCCCCCCCCCC,330.0
*Nc1c(cc(cc1)NC(=O)c1ccc(cc1)NC(=O)CCCCCCCCC(=O)Nc1ccc(cc1)C(=O)*)C(=O)OCCCCCCCCCCCCCC,330.0
*Nc1c(cc(cc1)NC(=O)c1ccc(cc1)NC(=O)CCCCCCCCCCC(=O)Nc1ccc(cc1)C(=O)*)C(=O)OCCCCCCCCCCCCCC,330.0
*Nc1c(cc(cc1)NC(=O)c1ccc(cc1)NC(=O)CCCCCCCCCCCCC(=O)Nc1ccc(cc1)C(=O)*)C(=O)OCCCCCCCCCCCCCC,330.0
*Nc1c(cc(cc1)NC(=O)c1ccc(cc1)NC(=O)CCCCCCCCC(=O)Nc1ccc(cc1)C(=O)*)C(=O)OCCCCCCCCCCCCCCCC,330.0
*Nc1c(cc(cc1)NC(=O)c1ccc(cc1)NC(=O)CCCCCCCCCCC(=O)Nc1ccc(cc1)C(=O)*)C(=O)OCCCCCCCCCCCCCCCC,330.0
*Nc1c(cc(cc1)NC(=O)c1ccc(cc1)NC(=O)CCCCCCCCCCCCC(=O)Nc1ccc(cc1)C(=O)*)C(=O)OCCCCCCCCCCCCCCCC,330.0
*Nc1c(cc(cc1)NC(=O)c1ccc(cc1)NC(=O)CCCCCCC(=O)Nc1ccc(cc1)C(=O)*)C(=O)OCCCCCCCCCCCCCCCCCC,330.0
*Nc1c(cc(cc1)NC(=O)c1ccc(cc1)NC(=O)CCCCCCCCCCC(=O)Nc1ccc(cc1)C(=O)*)C(=O)OCCCCCCCCCCCCCCCCCC,330.0
*Nc1c(cc(cc1)NC(=O)c1ccc(cc1)NC(=O)CCCCCCCCCCCCC(=O)Nc1ccc(cc1)C(=O)*)C(=O)OCCCCCCCCCCCCCCCCCC,330.0
*n1nc(c2c(c1=O)cc(cc2)c1cc2c(c(nn(c2=O)c2ccc(cc2)S(=O)(=O)c2ccc(cc2)*)c2ccccc2)cc1)c1ccccc1,479.0
*n1nc(c2cc3c(cc2c1=O)c(nn(c3=O)c1ccc(cc1)S(=O)(=O)c1ccc(cc1)*)c1ccccc1)c1ccccc1,488.0
*=NNC(=S)N=Cc1ccc(cc1)C=*,171.0
*NC(=O)c1c(cc(cc1)C(=O)NCCCCCC*)Oc1ccccc1,400.0
*NC(=O)c1c(cc(cc1)C(=O)NCCCCCC*)Oc1ccc(cc1)c1ccccc1,360.0
*Nc1ccc(cc1)Cc1ccc(cc1)NC(=O)c1ccc(cc1)P(=O)(c1ccc(cc1)C(=O)*)c1ccccc1,465.0
*Nc1cc(ccc1)NC(=O)C=CC(=O)*,179.0
*Nc1ccc(cc1)NC(=O)C=CC(=O)*,179.0
*c1nc(nc(n1)NC(=O)C=CC(=O)N*)N,259.0
*Nc1cc(cc(c1)C(=O)Oc1ccc(cc1)Oc1cc(c(cc1)C#N)C#N)NC(=O)c1cc(ccc1)C(=O)*,368.3333333
*=C1c2c(N(C1=O)CC(CCCCCCCC)CCCCCC)cc(cc2)c1cc2c(C(=*)C(=O)N2CC(CCCCCCCC)CCCCCC)cc1,380.0
*Nc1cc(cc(c1)C(=O)*)C(=O)*,381.8
*Nc1cc(cc(c1)C(=O)*)N*,407.44
*Nc1c(ccc(c1)NC(=O)Nc1ccc(cc1)Cc1ccc(cc1)NC(=O)C(C(=O)NCc1ccc(cc1)CNC(=O)C(C(=O)Nc1ccc(cc1)Cc1ccc(cc1)NC(=O)*)(C)C)(C)C)N=Nc1ccc(cc1)[N+](=O)[O-],277.0
*C(=O)C(C(=O)Nc1ccc(cc1)Cc1ccc(cc1)NC(=O)Nc1cc(ccc1N=Nc1ccc(cc1)[N+](=O)[O-])NC(=O)Nc1ccc(cc1)Cc1ccc(cc1)NC(=O)C(C(=O)NCCN(CCN*)CCN*)(C)C)(C)C,241.3333333
*C(=O)C(C(=O)Nc1ccc(cc1)Cc1ccc(cc1)NC(=O)Nc1cc(ccc1N=Nc1ccc(cc1)[N+](=O)[O-])NC(=O)Nc1ccc(cc1)Cc1ccc(cc1)NC(=O)C(C(=O)Nc1cc(ccc1)P(=O)(c1cc(ccc1)N*)c1cc(ccc1)N*)(C)C)(C)C,252.0
*OC(=O)Nc1c(ccc(c1)NC(=O)OCCN(CC*)c1c(cc(cc1)[N+](=O)[O-])C)C,220.0
*OC(=O)Nc1c(ccc(c1)NC(=O)OCCN(CC*)c1ccc(cc1)c1oc2c(n1)ccc(c2)[N+](=O)[O-])C,330.0
*OC(=O)Nc1c(ccc(c1)NC(=O)OCCN(CC*)c1ccc(cc1)N=Nc1ccc(cc1)c1oc2c(n1)cccc2)C,308.0
*SC(=O)N(CC*)Cc1ccccc1,315.0
*SC(=O)N(CCC*)Cc1ccccc1,353.0
*OC(=O)Nc1c(ccc(c1)NC(=O)OCCN(CC*)c1ccc(cc1)N=Nc1ccc(cc1)c1nc2c([nH]1)ccc(c2)[N+](=O)[O-])C,291.0
*OC(=O)Nc1c(ccc(c1)NC(=O)OCCN(CC*)c1ccc(cc1)N=Nc1c(cc(c(c1)OC)N=Nc1ccc(cc1)[N+](=O)[O-])OC)C,285.0
*OC(=O)Nc1c(ccc(c1)NC(=O)OCCN(CC*)c1ccc(cc1)N=Nc1cc(c(cc1)N=Nc1c(cc(c(c1)OC)N=Nc1ccc(cc1)[N+](=O)[O-])OC)C)C,272.0
*OC(=O)Nc1c(ccc(c1)NC(=O)OCCN(CC*)c1ccc(cc1)N=Nc1ccc(cc1)c1nc2c(n1CC)cc(cc2)[N+](=O)[O-])C,275.0
*OC(=O)Nc1c(ccc(c1)NC(=O)OCCN(CC*)c1ccc(cc1)N=Nc1ccc(cc1)C=Cc1nc2c(n1CC)cc(cc2)[N+](=O)[O-])C,292.0
*OC(=O)Nc1c(ccc(c1)NC(=O)OCCN(CC*)c1ccc(cc1)C=CC1=C(C(=C(C#N)C#N)OC1(C)C)C#N)C,281.0
*Nc1ccc(cc1)CCc1ccc(cc1)NC(=O)*,370.0
*Nc1c(cccc1)CCc1ccc(cc1)NC(=O)Nc1ccc(cc1)CCc1ccc(cc1)NC(=O)*,305.0
*Nc1c(cccc1)CCc1c(cccc1)NC(=O)Nc1ccc(cc1)CCc1ccc(cc1)NC(=O)*,330.0
*Nc1c(cccc1)CCc1c(cccc1)NC(=O)*,330.0
*Nc1ccc(cc1)Cc1ccc(cc1)NC(=O)Nc1ccc(cc1)CCc1ccc(cc1)NC(=O)*,320.0
*Nc1ccc(cc1)Cc1ccc(cc1)NC(=O)Nc1c(cccc1)CCc1ccc(cc1)NC(=O)*,312.5
*Nc1ccc(cc1)Cc1ccc(cc1)NC(=O)Nc1c(cccc1)CCc1c(cccc1)NC(=O)*,300.0
*Nc1c(ccc(c1)NC(=O)Nc1ccc(cc1)CCc1ccc(cc1)NC(=O)*)C,315.0
*Nc1c(ccc(c1)NC(=O)Nc1c(cccc1)CCc1c(cccc1)NC(=O)*)C,325.0
*Nc1ccc(cc1)CCc1ccc(cc1)NC(=O)NCCCCCCNC(=O)*,350.0
*Nc1c(cccc1)CCc1ccc(cc1)NC(=O)NCCCCCCNC(=O)*,310.0
*Nc1c(cccc1)CCc1c(cccc1)NC(=O)NCCCCCCNC(=O)*,280.0
*Nc1c(ccc(c1)NC(=O)NCCCCCCNC(=O)*)C,330.0
*Nc1c(cccc1)CCc1ccc(cc1)NC(=O)*,320.0
*Nc1c(ccc(c1)NC(=O)Nc1ccc(cc1)CCc1c(cccc1)NC(=O)*)C,300.0
*Nc1c(cccc1)CCc1c(cccc1)NC(=O)Nc1c(cccc1)CCc1ccc(cc1)NC(=O)*,360.0
*c1nc(ccc1)NC(=O)NCCCCCCNC(=O)N*,272.5
*c1nc(ccc1)NC(=O)Nc1ccc(cc1)Cc1ccc(cc1)NC(=O)N*,260.0
*N1C(=O)c2c(C1=O)cc(cc2)c1cc2c(C(=O)N(C2=O)c2ccc(cc2)Oc2cc(ccc2)Oc2ccc(cc2)*)cc1,572.0
*c1cc2c(C(=O)N(C2=O)c2cc(cc(c2)C(=O)O)N2C(=O)c3c(C2=O)cc(cc3)C(*)(C(F)(F)F)C(F)(F)F)cc1,420.0
*c1cc2c(C(=O)N(C2=O)c2c3c(ccc2)c(ccc3)N2C(=O)c3c(C2=O)cc(cc3)C(*)(C(F)(F)F)C(F)(F)F)cc1,525.0
*c1cc2c(C(=O)N(C2=O)c2cc(ccc2)N2C(=O)c3c(C2=O)cc(cc3)C(*)(C(F)(F)F)C(F)(F)F)cc1,535.0
*c1cc2c(C(=O)N(C2=O)c2cc(ccc2)S(=O)(=O)c2cc(ccc2)N2C(=O)c3c(C2=O)cc(cc3)C(*)(C(F)(F)F)C(F)(F)F)cc1,542.2857143
*N1C(=O)c2c(C1=O)cc(cc2)C(=O)Oc1ccc(cc1)c1ccc(cc1)OC(=O)CCCCC*,373.0
*N1C(=O)c2c(C1=O)cc(cc2)C(=O)Oc1ccc(cc1)c1ccc(cc1)OC(=O)CCCCCC*,393.0
*N1C(=O)c2c(C1=O)cc(cc2)C(=O)Oc1ccc(cc1)c1ccc(cc1)OC(=O)CCCCCCCCCC*,389.0
*N1C(=O)c2c(C1=O)cc(cc2)C(=O)Oc1ccc(cc1)c1ccc(cc1)OC(=O)CCCCCCCCCCC*,368.0
*N1C(=O)c2c(C1=O)cc(cc2)Oc1cc2c(C(=O)N(C2=O)c2c(cc(c(c2)*)O)O)cc1,350.0
*c1cc2c(C(=O)N(C2=O)c2c(cc(c(c2)N2C(=O)c3c(C2=O)cc(cc3)C(=O)*)O)O)cc1,462.0
*c1cc2c(C(=O)N(C2=O)c2c(cc(c(c2)N2C(=O)c3c(C2=O)cc(cc3)C(*)(C(F)(F)F)C(F)(F)F)O)O)cc1,493.0
*N1C(=O)c2c(C1=O)cc(cc2)c1cc2c(C(=O)N(C2=O)c2c(cc(c(c2)*)O)O)cc1,478.0
*n1c(=O)c2cc3c(cc2c1=O)c(=O)n(c3=O)c1c(cc(c(c1)*)O)O,418.0
*N1C(=O)c2c(C1=O)cc(cc2)c1cc2c(C(=O)N(C2=O)c2ccc(cc2)C(=O)Nc2ccc(cc2)Oc2ccc(cc2)S(=O)(=O)c2ccc(cc2)Oc2ccc(cc2)NC(=O)c2ccc(cc2)*)cc1,485.0
*N1C(=O)c2c(C1=O)cc(cc2)c1cc2c(C(=O)N(C2=O)c2ccc(cc2)C(=O)Nc2cc(ccc2)Oc2ccc(cc2)S(=O)(=O)c2ccc(cc2)Oc2cc(ccc2)NC(=O)c2ccc(cc2)*)cc1,467.0
*N1C(=O)c2c(C1=O)cc(cc2)c1cc2c(C(=O)N(C2=O)c2ccc(cc2)C(=O)Nc2cc(ccc2)S(=O)(=O)c2cc(ccc2)NC(=O)c2ccc(cc2)*)cc1,456.0
*N1C(=O)c2c(C1=O)cc(cc2)c1cc2c(C(=O)N(C2=O)c2cc(ccc2)C(=O)Nc2ccc(cc2)Oc2ccc(cc2)S(=O)(=O)c2ccc(cc2)Oc2ccc(cc2)NC(=O)c2cc(ccc2)*)cc1,472.0
*N1C(=O)c2c(C1=O)cc(cc2)c1cc2c(C(=O)N(C2=O)c2cc(ccc2)C(=O)Nc2ccc(cc2)Oc2ccc(cc2)c2ccc(cc2)Oc2ccc(cc2)NC(=O)c2cc(ccc2)*)cc1,470.0
*N1C(=O)c2c(C1=O)cc(cc2)c1cc2c(C(=O)N(C2=O)c2cc(ccc2)C(=O)Nc2ccc(cc2)Oc2ccc(cc2)Oc2ccc(cc2)Oc2ccc(cc2)NC(=O)c2cc(ccc2)*)cc1,462.0
*N1C(=O)c2c(C1=O)cc(cc2)c1cc2c(C(=O)N(C2=O)c2cc(ccc2)C(=O)Nc2ccc(cc2)Oc2ccc(cc2)C(c2ccc(cc2)Oc2ccc(cc2)NC(=O)c2cc(ccc2)*)(C)C)cc1,480.0
*N1C(=O)c2c(C1=O)cc(cc2)c1cc2c(C(=O)N(C2=O)c2cc(ccc2)C(=O)Nc2ccc(cc2)Oc2ccc(cc2)Oc2ccc(cc2)NC(=O)c2cc(ccc2)*)cc1,456.0
*N1C(=O)c2c(C1=O)cc(cc2)c1cc2c(C(=O)N(C2=O)c2cc(ccc2)C(=O)Nc2ccc(cc2)Oc2cc(ccc2)Oc2ccc(cc2)NC(=O)c2cc(ccc2)*)cc1,478.0
*N1C(=O)c2c(C1=O)cc(cc2)c1cc2c(C(=O)N(C2=O)c2cc(ccc2)C(=O)Nc2ccc(cc2)Oc2ccc(cc2)NC(=O)c2cc(ccc2)*)cc1,474.0
*N1C(=O)c2c(C1=O)cc(cc2)c1cc2c(C(=O)N(C2=O)c2cc(ccc2)C(=O)Nc2cc(ccc2)S(=O)(=O)c2cc(ccc2)NC(=O)c2cc(ccc2)*)cc1,472.0
*N1C(=O)c2c(C1=O)c(ccc2)c1cc2c(C(=O)N(C2=O)c2ccc(cc2)C(=O)Nc2ccc(cc2)Oc2ccc(cc2)S(=O)(=O)c2ccc(cc2)Oc2ccc(cc2)NC(=O)c2ccc(cc2)*)cc1,478.0
*N1C(=O)c2c(C1=O)c(ccc2)c1cc2c(C(=O)N(C2=O)c2ccc(cc2)C(=O)Nc2cc(ccc2)Oc2ccc(cc2)S(=O)(=O)c2ccc(cc2)Oc2cc(ccc2)NC(=O)c2ccc(cc2)*)cc1,492.0
*N1C(=O)c2c(C1=O)c(ccc2)c1cc2c(C(=O)N(C2=O)c2ccc(cc2)C(=O)Nc2ccc(cc2)Oc2ccc(cc2)c2ccc(cc2)Oc2ccc(cc2)NC(=O)c2ccc(cc2)*)cc1,496.0
*N1C(=O)c2c(C1=O)c(ccc2)c1cc2c(C(=O)N(C2=O)c2ccc(cc2)C(=O)Nc2ccc(cc2)Oc2ccc(cc2)Oc2ccc(cc2)NC(=O)c2ccc(cc2)*)cc1,491.0
*N1C(=O)c2c(C1=O)c(ccc2)c1cc2c(C(=O)N(C2=O)c2ccc(cc2)C(=O)Nc2ccc(cc2)Oc2ccc(cc2)NC(=O)c2ccc(cc2)*)cc1,487.0
*N1C(=O)c2c(C1=O)c(ccc2)c1cc2c(C(=O)N(C2=O)c2ccc(cc2)C(=O)Nc2cc(ccc2)S(=O)(=O)c2cc(ccc2)NC(=O)c2ccc(cc2)*)cc1,455.0
*N1C(=O)c2c(C1=O)c(ccc2)c1cc2c(C(=O)N(C2=O)c2cc(ccc2)C(=O)Nc2ccc(cc2)Oc2ccc(cc2)S(=O)(=O)c2ccc(cc2)Oc2ccc(cc2)NC(=O)c2cc(ccc2)*)cc1,485.0
*N1C(=O)c2c(C1=O)c(ccc2)c1cc2c(C(=O)N(C2=O)c2cc(ccc2)C(=O)Nc2ccc(cc2)Oc2ccc(cc2)c2ccc(cc2)Oc2ccc(cc2)NC(=O)c2cc(ccc2)*)cc1,507.0
*N1C(=O)c2c(C1=O)c(ccc2)c1cc2c(C(=O)N(C2=O)c2cc(ccc2)C(=O)Nc2ccc(cc2)Oc2ccc(cc2)Oc2ccc(cc2)Oc2ccc(cc2)NC(=O)c2cc(ccc2)*)cc1,491.0
*N1C(=O)c2c(C1=O)c(ccc2)c1cc2c(C(=O)N(C2=O)c2cc(ccc2)C(=O)Nc2ccc(cc2)Oc2ccc(cc2)C(c2ccc(cc2)Oc2ccc(cc2)NC(=O)c2cc(ccc2)*)(C)C)cc1,483.0
*N1C(=O)c2c(C1=O)c(ccc2)c1cc2c(C(=O)N(C2=O)c2cc(ccc2)C(=O)Nc2ccc(cc2)Oc2ccc(cc2)Oc2ccc(cc2)NC(=O)c2cc(ccc2)*)cc1,483.0
*N1C(=O)c2c(C1=O)c(ccc2)c1cc2c(C(=O)N(C2=O)c2cc(ccc2)C(=O)Nc2ccc(cc2)Oc2cc(ccc2)Oc2ccc(cc2)NC(=O)c2cc(ccc2)*)cc1,491.0
*N1C(=O)c2c(C1=O)c(ccc2)c1cc2c(C(=O)N(C2=O)c2cc(ccc2)C(=O)Nc2ccc(cc2)Oc2ccc(cc2)NC(=O)c2cc(ccc2)*)cc1,488.0
*N1C(=O)c2c(C1=O)c(ccc2)c1cc2c(C(=O)N(C2=O)c2cc(ccc2)C(=O)Nc2cc(ccc2)S(=O)(=O)c2cc(ccc2)NC(=O)c2cc(ccc2)*)cc1,480.0
*N1C(=O)c2c(C1=O)c(ccc2)c1cc2c(C(=O)N(C2=O)c2cc(ccc2)C(=O)Nc2ccc(cc2)NC(=O)c2cc(ccc2)*)cc1,474.0
*N1C(=O)c2c(C1=O)cc(cc2)Oc1cc2c(C(=O)N(C2=O)c2cc(c(cc2)c2c(cc(cc2)*)C)C)cc1,512.0
*c1cc2c(C(=O)N(C2=O)c2ccc(cc2)N2C(=O)c3c(C2=O)cc(cc3)C(=O)c2ccc(cc2)Oc2ccc(cc2)Oc2ccc(cc2)C(=O)*)cc1,528.0
*c1cc2c(C(=O)N(C2=O)c2ccc(cc2)N2C(=O)c3c(C2=O)cc(cc3)C(=O)c2ccc(cc2)Oc2ccc(cc2)c2ccc(cc2)Oc2ccc(cc2)C(=O)*)cc1,570.0
*c1cc2c(C(=O)N(C2=O)c2ccc(cc2)Cc2ccc(cc2)N2C(=O)c3c(C2=O)cc(cc3)C(=O)c2ccc(cc2)Oc2ccc(cc2)c2ccc(cc2)Oc2ccc(cc2)C(=O)*)cc1,490.0
*c1cc2c(C(=O)N(C2=O)c2ccc(cc2)Cc2ccc(cc2)N2C(=O)c3c(C2=O)cc(cc3)C(=O)c2ccc(cc2)Oc2ccc(cc2)Oc2ccc(cc2)C(=O)*)cc1,497.0
*c1cc2c(C(=O)N(C2=O)c2ccc(cc2)Cc2ccc(cc2)N2C(=O)c3c(C2=O)cc(cc3)C(=O)c2ccc(cc2)c2ccc(cc2)C(c2ccc(cc2)c2ccc(cc2)C(=O)*)(C)C)cc1,466.0
*c1cc2c(C(=O)N(C2=O)c2ccc(cc2)Cc2ccc(cc2)N2C(=O)c3c(C2=O)cc(cc3)C(=O)c2ccc(cc2)Oc2ccc(cc2)C2(c3c(C(=O)O2)cccc3)c2ccc(cc2)Oc2ccc(cc2)C(=O)*)cc1,476.0
*c1cc2c(C(=O)N(C2=O)c2ccc(cc2)Cc2ccc(cc2)N2C(=O)c3c(C2=O)cc(cc3)C(=O)c2ccc(cc2)Oc2ccc(cc2)S(=O)(=O)c2ccc(cc2)Oc2ccc(cc2)C(=O)*)cc1,466.0
*c1cc2c(C(=O)N(C2=O)c2ccc(cc2)Oc2ccc(cc2)N2C(=O)c3c(C2=O)cc(cc3)C(=O)c2ccc(cc2)Oc2ccc(cc2)Oc2ccc(cc2)C(=O)*)cc1,501.0
*c1cc2c(C(=O)N(C2=O)c2ccc(cc2)Oc2ccc(cc2)N2C(=O)c3c(C2=O)cc(cc3)C(=O)c2ccc(cc2)Oc2ccc(cc2)c2ccc(cc2)Oc2ccc(cc2)C(=O)*)cc1,527.0
*c1cc2c(C(=O)N(C2=O)c2ccc(cc2)Oc2ccc(cc2)N2C(=O)c3c(C2=O)cc(cc3)C(=O)c2ccc(cc2)Oc2ccc(cc2)C(c2ccc(cc2)Oc2ccc(cc2)C(=O)*)(C)C)cc1,461.0
*c1cc2c(C(=O)N(C2=O)c2ccc(cc2)Oc2ccc(cc2)N2C(=O)c3c(C2=O)cc(cc3)C(=O)c2ccc(cc2)Oc2ccc(cc2)C2(c3c(C(=O)O2)cccc3)c2ccc(cc2)Oc2ccc(cc2)C(=O)*)cc1,496.0
*c1cc2c(C(=O)N(C2=O)c2ccc(cc2)Oc2ccc(cc2)N2C(=O)c3c(C2=O)cc(cc3)C(=O)c2ccc(cc2)Oc2ccc(cc2)S(=O)(=O)c2ccc(cc2)Oc2ccc(cc2)C(=O)*)cc1,509.0
*c1cc2c(C(=O)N(C2=O)c2ccc(cc2)Oc2ccc(cc2)C(=O)*)cc1,496.0
*N1C(=O)c2c(C1=O)cc(cc2)c1cc2c(C(=O)N(C2=O)c2cc(c(cc2)c2c(cc(cc2)*)C(F)(F)F)C(F)(F)F)cc1,600.0
*c1cc2c(C(=O)N(C2=O)c2ccc(cc2)OCC(COc2ccc(cc2)N2C(=O)c3c(C2=O)cc(cc3)C(=O)*)(C)C)cc1,400.0
*N1C(=O)c2c(C1=O)cc(cc2)C(=O)c1cc2c(C(=O)N(C2=O)CC(=O)Nc2ccc(cc2)Oc2ccc(cc2)NC(=O)C*)cc1,405.0
*N1C(=O)c2c(C1=O)cc(cc2)C(=O)c1cc2c(C(=O)N(C2=O)CCC(=O)Nc2ccc(cc2)Oc2ccc(cc2)NC(=O)CC*)cc1,390.0
*N1C(=O)c2c(C1=O)cc(cc2)C(=O)c1cc2c(C(=O)N(C2=O)CCCC(=O)Nc2ccc(cc2)Oc2ccc(cc2)NC(=O)CCC*)cc1,402.0
*N1C(=O)c2c(C1=O)cc(cc2)C(=O)c1cc2c(C(=O)N(C2=O)CCCCCC(=O)Nc2ccc(cc2)Oc2ccc(cc2)NC(=O)CCCCC*)cc1,440.0
*N1C(=O)c2c(C1=O)cc(cc2)C(=O)c1cc2c(C(=O)N(C2=O)CCCCCCCCCCC(=O)Nc2ccc(cc2)Oc2ccc(cc2)NC(=O)CCCCCCCCCC*)cc1,445.0
*N1C(=O)c2c(C1=O)cc(cc2)C(=O)c1cc2c(C(=O)N(C2=O)CC(=O)Nc2cc(ccc2)Oc2ccc(cc2)NC(=O)C*)cc1,407.0
*N1C(=O)c2c(C1=O)cc(cc2)C(=O)c1cc2c(C(=O)N(C2=O)CCC(=O)Nc2cc(ccc2)Oc2ccc(cc2)NC(=O)CC*)cc1,399.0
*N1C(=O)c2c(C1=O)cc(cc2)C(=O)c1cc2c(C(=O)N(C2=O)CCCC(=O)Nc2cc(ccc2)Oc2ccc(cc2)NC(=O)CCC*)cc1,415.0
*N1C(=O)c2c(C1=O)cc(cc2)C(=O)c1cc2c(C(=O)N(C2=O)CCCCCC(=O)Nc2cc(ccc2)Oc2ccc(cc2)NC(=O)CCCCC*)cc1,440.0
*N1C(=O)c2c(C1=O)cc(cc2)C(=O)c1cc2c(C(=O)N(C2=O)CCCCCCCCCCC(=O)Nc2cc(ccc2)Oc2ccc(cc2)NC(=O)CCCCCCCCCC*)cc1,440.0
*N1C(=O)c2c(C1=O)cc(cc2)C(=O)c1cc2c(C(=O)N(C2=O)CC(=O)Nc2ccc(cc2)Oc2ccc(cc2)Oc2ccc(cc2)NC(=O)C*)cc1,411.0
*N1C(=O)c2c(C1=O)cc(cc2)C(=O)c1cc2c(C(=O)N(C2=O)CCC(=O)Nc2ccc(cc2)Oc2ccc(cc2)Oc2ccc(cc2)NC(=O)CC*)cc1,400.0
*N1C(=O)c2c(C1=O)cc(cc2)C(=O)c1cc2c(C(=O)N(C2=O)CCCC(=O)Nc2ccc(cc2)Oc2ccc(cc2)Oc2ccc(cc2)NC(=O)CCC*)cc1,400.0
*N1C(=O)c2c(C1=O)cc(cc2)C(=O)c1cc2c(C(=O)N(C2=O)CCCCCC(=O)Nc2ccc(cc2)Oc2ccc(cc2)Oc2ccc(cc2)NC(=O)CCCCC*)cc1,435.0
*N1C(=O)c2c(C1=O)cc(cc2)C(=O)c1cc2c(C(=O)N(C2=O)CCCCCCCCCCC(=O)Nc2ccc(cc2)Oc2ccc(cc2)Oc2ccc(cc2)NC(=O)CCCCCCCCCC*)cc1,445.0
*N1C(=O)c2c(C1=O)cc(cc2)C(=O)c1cc2c(C(=O)N(C2=O)CC(=O)Nc2ccc(cc2)Cc2ccc(cc2)NC(=O)C*)cc1,408.0
*N1C(=O)c2c(C1=O)cc(cc2)C(=O)c1cc2c(C(=O)N(C2=O)CCC(=O)Nc2ccc(cc2)Cc2ccc(cc2)NC(=O)CC*)cc1,382.0
*N1C(=O)c2c(C1=O)cc(cc2)C(=O)c1cc2c(C(=O)N(C2=O)CCCC(=O)Nc2ccc(cc2)Cc2ccc(cc2)NC(=O)CCC*)cc1,410.0
*N1C(=O)c2c(C1=O)cc(cc2)C(=O)c1cc2c(C(=O)N(C2=O)CCCCCC(=O)Nc2ccc(cc2)Cc2ccc(cc2)NC(=O)CCCCC*)cc1,428.0
*N1C(=O)c2c(C1=O)cc(cc2)C(=O)c1cc2c(C(=O)N(C2=O)CCCCCCCCCCC(=O)Nc2ccc(cc2)Cc2ccc(cc2)NC(=O)CCCCCCCCCC*)cc1,441.0
*N1C(=O)c2c(C1=O)cc(cc2)C(=O)c1cc2c(C(=O)N(C2=O)CC(=O)Nc2ccc(cc2)NC(=O)C*)cc1,416.0
*N1C(=O)c2c(C1=O)cc(cc2)C(=O)c1cc2c(C(=O)N(C2=O)CCC(=O)Nc2ccc(cc2)NC(=O)CC*)cc1,388.0
*N1C(=O)c2c(C1=O)cc(cc2)C(=O)c1cc2c(C(=O)N(C2=O)CCCC(=O)Nc2ccc(cc2)NC(=O)CCC*)cc1,405.0
*N1C(=O)c2c(C1=O)cc(cc2)C(=O)c1cc2c(C(=O)N(C2=O)CCCCCC(=O)Nc2ccc(cc2)NC(=O)CCCCC*)cc1,440.0
*N1C(=O)c2c(C1=O)cc(cc2)C(=O)c1cc2c(C(=O)N(C2=O)CCCCCCCCCCC(=O)Nc2ccc(cc2)NC(=O)CCCCCCCCCC*)cc1,436.0
*c1cc2c(C(=O)N(C2=O)c2cc(ccc2)C#Cc2cc(ccc2)N2C(=O)c3c(C2=O)cc(cc3)C(=O)*)cc1,419.1666667
*N1C(=O)c2c(C1=O)cc(cc2)Oc1cc2c(C(=O)N(C2=O)c2cc(ccc2)S(=O)(=O)c2cc(ccc2)*)cc1,546.0
*c1cc2c(C(=O)N(C2=O)c2cc(ccc2)S(=O)(=O)c2cc(ccc2)N2C(=O)c3c(C2=O)cc(cc3)C(=O)*)cc1,534.0
*c1cc2c(C(=O)N(C2=O)c2cc3Cc4c(-c3cc2)ccc(c4)N2C(=O)c3c(C2=O)cc(cc3)C(*)(C(F)(F)F)C(F)(F)F)cc1,480.0
*c1cc2c(C(=O)N(C2=O)c2cc(ccc2)C(c2cc(ccc2)N2C(=O)c3c(C2=O)cc(cc3)C(*)(C(F)(F)F)C(F)(F)F)(C(F)(F)F)C(F)(F)F)cc1,530.0
*N1C(=O)c2c(C1=O)cc(cc2)Oc1cc2c(C(=O)N(C2=O)c2cc(ccc2)Oc2ccc(cc2)S(=O)(=O)c2ccc(cc2)Oc2cc(ccc2)*)cc1,466.85
*N1C(=O)c2c(C1=O)cc(cc2)Oc1cc(ccc1)Oc1cc2c(C(=O)N(C2=O)c2cc(ccc2)Oc2ccc(cc2)S(=O)(=O)c2ccc(cc2)Oc2cc(ccc2)*)cc1,466.85
*N1C(=O)c2c(C1=O)cc(cc2)Oc1cc2c(C(=O)N(C2=O)c2ccc(cc2)Oc2ccc(cc2)Oc2ccc(cc2)Oc2ccc(cc2)*)cc1,476.85
*N1C(=O)c2c(C1=O)cc(cc2)Oc1cc2c(C(=O)N(C2=O)c2ccc(cc2)Oc2ccc(cc2)S(=O)(=O)c2ccc(cc2)Oc2ccc(cc2)*)cc1,446.85
*N1C(=O)c2c(C1=O)cc(cc2)Oc1cc(ccc1)Oc1cc2c(C(=O)N(C2=O)c2ccc(cc2)Oc2ccc(cc2)Oc2ccc(cc2)Oc2ccc(cc2)*)cc1,476.85
*N1C(=O)c2c(C1=O)cc(cc2)Oc1cc(ccc1)Oc1cc2c(C(=O)N(C2=O)c2ccc(cc2)Oc2ccc(cc2)S(=O)(=O)c2ccc(cc2)Oc2ccc(cc2)*)cc1,466.85
*c1cc2c(C(=O)N(C2=O)c2cc(ccc2)Oc2ccc(cc2)P(=O)(c2ccc(cc2)Oc2cc(ccc2)N2C(=O)c3c(C2=O)cc(cc3)C(*)(C(F)(F)F)C(F)(F)F)c2ccccc2)cc1,525.0
*c1cc2c(C(=O)N(C2=O)c2ccc(cc2)C(=O)Nc2ccc(cc2)Oc2ccc(cc2)C(c2ccc(cc2)Oc2ccc(cc2)NC(=O)c2ccc(cc2)N2C(=O)c3c(C2=O)cc(cc3)C(*)(C(F)(F)F)C(F)(F)F)(C)C)cc1,406.0
*c1cc2c(C(=O)N(C2=O)c2cc(c(cc2)c2c(cc(cc2)N2C(=O)c3c(C2=O)cc(cc3)C(*)(C(F)(F)F)C(F)(F)F)C(F)(F)F)C(F)(F)F)cc1,496.0
*N1C(=O)c2c(C1=O)cc(cc2)P(=O)(c1cc2c(C(=O)N(C2=O)c2ccc(cc2)*)cc1)c1ccccc1,586.0
*N1C(=O)c2c(C1=O)cc(cc2)P(=O)(c1cc2c(C(=O)N(C2=O)c2ccc(cc2)Oc2ccc(cc2)*)cc1)c1ccccc1,586.0
*N1C(=O)c2c(C1=O)cc(cc2)P(=O)(c1cc2c(C(=O)N(C2=O)c2cc(cc(c2)C(F)(F)F)*)cc1)c1ccccc1,538.0
*N1C(=O)c2c(C1=O)cc(cc2)P(=O)(c1cc2c(C(=O)N(C2=O)c2cc(ccc2)*)cc1)c1ccccc1,564.0
*n1c(=O)c2cc3c(cc2c1=O)c(=O)n(c3=O)c1ccc(cc1)N1C(=O)c2c(C1=O)cc(cc2)C(c1cc2c(C(=O)N(C2=O)c2ccc(cc2)*)cc1)(C(F)(F)F)C(F)(F)F,545.0
*n1c(=O)c2cc3c(cc2c1=O)c(=O)n(c3=O)c1cc(ccc1)N1C(=O)c2c(C1=O)cc(cc2)C(c1cc2c(C(=O)N(C2=O)c2cc(ccc2)*)cc1)(C(F)(F)F)C(F)(F)F,515.0
*N1C(=O)c2c(C1=O)cc(cc2)c1cc2c(C(=O)N(C2=O)c2ccc(cc2)N2C(=O)c3c(C2=O)cc(cc3)C(c2cc3c(C(=O)N(C3=O)c3ccc(cc3)*)cc2)(C(F)(F)F)C(F)(F)F)cc1,545.0
*N1C(=O)c2c(C1=O)cc(cc2)c1cc2c(C(=O)N(C2=O)c2cc(ccc2)N2C(=O)c3c(C2=O)cc(cc3)C(c2cc3c(C(=O)N(C3=O)c3cc(ccc3)*)cc2)(C(F)(F)F)C(F)(F)F)cc1,535.0
*n1c(=O)c2cc3c(cc2c1=O)c(=O)n(c3=O)c1cc(c(cc1)c1c(cc(cc1)*)C(F)(F)F)C(F)(F)F,573.5
*c1cc2c(C(=O)N(C2=O)c2c(cc(c(c2C)N2C(=O)c3c(C2=O)cc(c(c3)Cl)C(=O)*)C)C)cc1Cl,506.0
*c1cc2c(C(=O)N(C2=O)c2cc(ccc2)N2C(=O)c3c(C2=O)cc(c(c3)Cl)C(=O)*)cc1Cl,551.0
*c1cc2c(C(=O)N(C2=O)c2cc(cc(c2)C(C)(C)C)N2C(=O)c3c(C2=O)cc(c(c3)Cl)C(=O)*)cc1Cl,464.0
*c1cc2c(C(=O)N(C2=O)c2cc(cc(c2)C(=O)O)N2C(=O)c3c(C2=O)cc(c(c3)Cl)C(=O)*)cc1Cl,403.0
*c1cc2c(C(=O)N(C2=O)c2cc(cc(c2)C(=O)OC)N2C(=O)c3c(C2=O)cc(c(c3)Cl)C(=O)*)cc1Cl,464.0
*c1cc2c(C(=O)N(C2=O)c2cc(cc(c2)C(F)(F)F)N2C(=O)c3c(C2=O)cc(c(c3)Cl)C(=O)*)cc1Cl,567.0
*c1cc2c(C(=O)N(C2=O)c2cc(cc(c2)Cl)N2C(=O)c3c(C2=O)cc(c(c3)Cl)C(=O)*)cc1Cl,563.0
*c1cc2c(C(=O)N(C2=O)c2c(cc(c(c2)Cl)N2C(=O)c3c(C2=O)cc(c(c3)Cl)C(=O)*)Cl)cc1Cl,498.0
*N1C(=O)c2c(C1=O)cc(cc2)C(c1cc2c(C(=O)N(C2=O)CCCCCC*)cc1)(C(F)(F)F)C(F)(F)F,483.0
*c1cc2c(C(=O)N(C2=O)c2ccc(cc2)C2(c3ccccc3-c3ccccc23)c2ccc(cc2)N2C(=O)c3c(C2=O)cc(cc3)C(*)(C(F)(F)F)C(F)(F)F)cc1,530.0
*c1cc2c(C(=O)N(C2=O)c2ccc(cc2)S(=O)(=O)c2ccc(cc2)N2C(=O)c3c(C2=O)cc(cc3)C(*)(C(F)(F)F)C(F)(F)F)cc1,528.0
*n1c(=O)c2cc3c(cc2c1=O)c(=O)n(c3=O)c1cc(c(cc1)c1c(cc(cc1)*)OC(F)(F)F)OC(F)(F)F,591.0
*c1cc2c(C(=O)N(C2=O)c2c(cc(cc2)c2cc(c(cc2)N2C(=O)c3c(C2=O)cc(cc3)C(*)(C(F)(F)F)C(F)(F)F)O)O)cc1,325.0
*N1C(=O)C(=C(C1=O)c1ccccc1)c1ccc(cc1)C1=C(C(=O)N(C1=O)c1ccc(cc1)C1(c2ccccc2-c2ccccc12)c1ccc(cc1)*)c1ccccc1,459.5
*c1cc2c(C(=O)N(C2=O)c2cc(c(cc2)c2c(cc(cc2)N2C(=O)c3c(C2=O)cc(cc3)C(=O)*)C(F)(F)F)C(F)(F)F)cc1,550.0
*N1C(=O)c2c(C1=O)cc(cc2)Oc1cc2c(C(=O)N(C2=O)c2cc(c(cc2)c2c(cc(cc2)*)C(F)(F)F)C(F)(F)F)cc1,570.0
*N1C(=O)C(=C(C1=O)c1ccccc1)c1ccc(cc1)C1=C(C(=O)N(C1=O)c1ccc(cc1)Oc1ccc(cc1)Oc1ccc(cc1)*)c1ccccc1,489.5
*N1C(=O)C(=C(C1=O)c1ccccc1)c1ccc(cc1)C1=C(C(=O)N(C1=O)c1ccc(cc1)Oc1ccc(cc1)c1ccc(cc1)Oc1ccc(cc1)*)c1ccccc1,491.5
*N1C(=O)C(=C(C1=O)c1ccccc1)c1ccc(cc1)C1=C(C(=O)N(C1=O)c1ccc(cc1)Oc1ccc(cc1)*)c1ccccc1,502.0
*n1c(=O)c2cc3c(cc2c1=O)c(=O)n(c3=O)CCCCCC(=O)Oc1ccc(cc1)c1ccc(cc1)OC(=O)CCCCC*,387.0
*n1c(=O)c2cc3c(cc2c1=O)c(=O)n(c3=O)CCCCCCCCCCC(=O)Oc1ccc(cc1)c1ccc(cc1)OC(=O)CCCCCCCCCC*,372.0
*N1C(=O)c2c(C1=O)cc(cc2)S(=O)(=O)c1cc2c(C(=O)N(C2=O)c2cc(c(cc2)c2c(cc(cc2)*)C(F)(F)F)C(F)(F)F)cc1,540.0
*c1cc2c(C(=O)N(C2=O)c2ccc(cc2)Oc2ccc(cc2)C(c2cc(ccc2)C(c2ccc(cc2)Oc2ccc(cc2)NC(=O)*)(C)C)(C)C)cc1,470.0
*c1cc2c(C(=O)N(C2=O)c2cc(c(cc2)Oc2ccc(cc2)N2C(=O)c3c(C2=O)cc(cc3)C(*)(C(F)(F)F)C(F)(F)F)O)cc1,390.0
*N1C(=O)N(C(=O)C1=O)CCCCCC*,460.0
*N1C(=O)N(C(=O)C1=O)c1c(ccc(c1)N1C(=O)N(C(=O)C1=O)CCCCCC*)C,400.0
*N1C(=O)N(C(=O)C1=O)c1ccc(cc1)Oc1ccc(cc1)N1C(=O)N(C(=O)C1=O)CCCCCC*,420.0
*N1C(=O)N(C(=O)C1=O)c1ccc(cc1)Cc1ccc(cc1)N1C(=O)N(C(=O)C1=O)CCCCCC*,410.0
*N1C(=O)N(C(=O)C1=O)c1ccc(cc1)CCc1ccc(cc1)N1C(=O)N(C(=O)C1=O)CCCCCC*,410.0
*N1C(=O)N(C(=O)C1=O)c1c(cccc1)CCc1ccc(cc1)N1C(=O)N(C(=O)C1=O)CCCCCC*,420.0
*N1C(=O)N(C(=O)C1=O)c1c(ccc(c1)N1C(=O)N(C(=O)C1=O)c1ccc(cc1)CCc1c(cccc1)*)C,380.0
*N1C(=O)N(C(=O)C1=O)c1ccc(cc1)Oc1ccc(cc1)N1C(=O)N(C(=O)C1=O)c1c(cccc1)CCc1ccc(cc1)*,385.0
*N1C(=O)N(C(=O)C1=O)c1ccc(cc1)Cc1ccc(cc1)N1C(=O)N(C(=O)C1=O)c1c(cccc1)CCc1ccc(cc1)*,370.0
*N1C(=O)N(C(=O)C1=O)c1c(cccc1)CCc1ccc(cc1)N1C(=O)N(C(=O)C1=O)c1ccc(cc1)CCc1ccc(cc1)*,400.0
*N1C(=O)N(C(=O)C1=O)c1ccc(cc1)CCc1ccc(cc1)*,400.0
*n1c(=O)c2c(c3c(c(c2c1=O)Oc1ccc(cc1)OC)c(=O)n(c3=O)c1ccc(cc1)Oc1ccc(cc1)*)Oc1ccc(cc1)OC,454.0
*n1c(=O)c2c(c3c(c(c2c1=O)Oc1ccc(cc1)OCCCC)c(=O)n(c3=O)c1ccc(cc1)Oc1ccc(cc1)*)Oc1ccc(cc1)OCCCC,453.0
*n1c(=O)c2c(c3c(c(c2c1=O)Oc1ccc(cc1)OCCCCCCCC)c(=O)n(c3=O)c1ccc(cc1)Oc1ccc(cc1)*)Oc1ccc(cc1)OCCCCCCCC,442.0
*n1c(=O)c2c(c3c(c(c2c1=O)Oc1ccc(cc1)OCCCCCCCCCCCC)c(=O)n(c3=O)c1ccc(cc1)Oc1ccc(cc1)*)Oc1ccc(cc1)OCCCCCCCCCCCC,438.0
*c1cc2c(C(=O)N(C2=O)c2cc(c(cc2)Oc2ccc(cc2)N2C(=O)c3c(C2=O)cc(cc3)C(*)(C(F)(F)F)C(F)(F)F)OCCN(c2ccc(cc2)N=Nc2ccc(cc2)[N+](=O)[O-])CC)cc1,290.0
*n1c(=O)c2cc3c(cc2c1=O)c(=O)n(c3=O)c1ccc(cc1)Oc1ccc(cc1)C(c1cc(ccc1)C(c1ccc(cc1)Oc1ccc(cc1)*)(C)C)(C)C,527.63
*C1C(=O)N(C(=O)C1*)c1cc(ccc1)C(=O)O,465.0
*N1C(=O)c2ccc3c4ccc5C(=O)N(C(=O)c6ccc(c7ccc(C1=O)c2c37)c4c56)CCCCC*,402.0
*N1C(=O)c2ccc3c4ccc5C(=O)N(C(=O)c6ccc(c7ccc(C1=O)c2c37)c4c56)CCCCCCC*,415.0
*N1C(=O)c2ccc3c4ccc5C(=O)N(C(=O)c6ccc(c7ccc(C1=O)c2c37)c4c56)CCCCCCCC*,451.0
*N1C(=O)c2ccc3c4ccc5C(=O)N(C(=O)c6ccc(c7ccc(C1=O)c2c37)c4c56)CCCCCCCCC*,418.0
*N1C(=O)c2ccc3c4ccc5C(=O)N(C(=O)c6ccc(c7ccc(C1=O)c2c37)c4c56)CCCCCCCCCC*,451.0
*N1C(=O)c2ccc3c4ccc5C(=O)N(C(=O)c6ccc(c7ccc(C1=O)c2c37)c4c56)CCCCCCCCCCCC*,410.0
*N1C(=O)c2ccc3c4ccc5C(=O)N(C(=O)c6ccc(c7ccc(C1=O)c2c37)c4c56)CCCCCCCCCCCCN1C(=O)c2c(C1=O)cc(cc2)C(=O)c1cc2c(C(=O)N(C2=O)CCCCCCCCCCCC*)cc1,451.0
*N1C(=O)c2ccc3c4ccc5C(=O)N(C(=O)c6ccc(c7ccc(C1=O)c2c37)c4c56)CCCCCCCCCCCCN1C(=O)c2c(C1=O)cc(cc2)C(c1cc2c(C(=O)N(C2=O)CCCCCCCCCCCC*)cc1)(C(F)(F)F)C(F)(F)F,486.0
*N1C(=O)c2ccc3c4ccc5C(=O)N(C(=O)c6ccc(c7ccc(C1=O)c2c37)c4c56)CCCCCCCCCCCCn1c(=O)c2c(c(c3c(c2c1=O)c(=O)n(c3=O)CCCCCCCCCCCC*)c1ccccc1)c1ccccc1,478.0
*N1C(=O)c2ccc3c4ccc5C(=O)N(C(=O)c6ccc(c7ccc(C1=O)c2c37)c4c56)CCCCCCCCCCCCN1C(=O)c2c3c(ccc(c3ccc2)c2ccc3c4c2cccc4C(=O)N(C3=O)CCCCCCCCCCCC*)C1=O,470.0
*c1cc2c(C(=O)N(C2=O)c2c(ccc(c2)C(c2cc(c(cc2)O)N2C(=O)c3c(C2=O)cc(cc3)C(*)(C(F)(F)F)C(F)(F)F)(C(F)(F)F)C(F)(F)F)O)cc1,350.0
*c1cc2c(C(=O)N(C2=O)c2c(ccc(c2)C(c2cc(c(cc2)OCCN(c2ccc(cc2)N=Nc2ccc(cc2)[N+](=O)[O-])CC)N2C(=O)c3c(C2=O)cc(cc3)C(*)(C(F)(F)F)C(F)(F)F)(C(F)(F)F)C(F)(F)F)OCCN(c2ccc(cc2)N=Nc2ccc(cc2)[N+](=O)[O-])CC)cc1,290.0
*N1C(=O)c2c(C1=O)cc(cc2)c1cc2c(C(=O)N(C2=O)c2cc(ccc2)Oc2cc(ccc2)Oc2cc(ccc2)*)cc1,486.0
*N1C(=O)C(CC1=O)Nc1ccc(cc1)N(c1ccc(cc1)NC1C(=O)N(C(=O)C1)c1ccc(cc1)Cc1ccc(cc1)*)c1ccc(cc1)Nc1ccc(cc1)[N+](=O)[O-],473.0
*N1C(=O)C(CC1=O)Nc1ccc(cc1)N(c1ccc(cc1)NC1C(=O)N(C(=O)C1)c1ccc(cc1)Cc1ccc(cc1)*)c1ccc(cc1)[N+](=O)[O-],462.0
*N1C(=O)c2c(C1=O)cc(cc2)c1c2c(C(=O)N(C2=O)c2cc(ccc2)OCCCc2cc(ccc2)*)ccc1,455.0
*N1C(=O)c2c(C1=O)c(ccc2)c1cc2c(C(=O)N(C2=O)c2cc(ccc2)OCCCCOc2cc(ccc2)*)cc1,454.0
*N1C(=O)c2c(C1=O)c(ccc2)c1cc2c(C(=O)N(C2=O)c2cc(ccc2)OCCCCCOc2cc(ccc2)*)cc1,454.0
*N1C(=O)c2c(C1=O)c(ccc2)c1cc2c(C(=O)N(C2=O)c2cc(ccc2)OCCCCCCOc2cc(ccc2)*)cc1,450.0
*N1C(=O)c2c(C1=O)c(ccc2)c1cc2c(C(=O)N(C2=O)c2cc(ccc2)OCCCCCCCCOc2cc(ccc2)*)cc1,449.0
*N1C(=O)c2c(C1=O)c(ccc2)c1cc2c(C(=O)N(C2=O)c2cc(ccc2)OCCCCCCCCCOc2cc(ccc2)*)cc1,451.0
*N1C(=O)c2c(C1=O)c(ccc2)c1cc2c(C(=O)N(C2=O)c2cc(ccc2)OCCCCCCCCCCOc2cc(ccc2)*)cc1,448.0
*N1C(=O)c2c(C1=O)c(ccc2)c1cc2c(C(=O)N(C2=O)c2cc(ccc2)OCCCCCCCCCCCCOc2cc(ccc2)*)cc1,448.0
*N1C(=O)c2c(C1=O)c(ccc2)c1cc2c(C(=O)N(C2=O)c2ccc(cc2)OCCCOc2ccc(cc2)*)cc1,454.0
*N1C(=O)c2c(C1=O)c(ccc2)c1cc2c(C(=O)N(C2=O)c2ccc(cc2)OCCCCCOc2ccc(cc2)*)cc1,454.0
*N1C(=O)c2c(C1=O)c(ccc2)c1cc2c(C(=O)N(C2=O)c2ccc(cc2)OCCCCCCCCCOc2ccc(cc2)*)cc1,451.0
*N1C(=O)c2c(C1=O)c(ccc2)c1cc2c(C(=O)N(C2=O)c2ccc(cc2)OCCCCCCCCCCOc2ccc(cc2)*)cc1,447.0
*N1C(=O)c2c(C1=O)c(ccc2)c1cc2c(C(=O)N(C2=O)c2ccc(cc2)OCCCCCCCCCCCCOc2ccc(cc2)*)cc1,448.0
*N1C(=O)c2c(C1=O)cc(cc2)c1cc2c(C(=O)N(C2=O)c2cc(ccc2)OCCCOc2cc(ccc2)*)cc1,455.0
*N1C(=O)c2c(C1=O)cc(cc2)c1cc2c(C(=O)N(C2=O)c2cc(ccc2)OCCCCOc2cc(ccc2)*)cc1,448.0
*N1C(=O)c2c(C1=O)cc(cc2)c1cc2c(C(=O)N(C2=O)c2cc(ccc2)OCCCCCOc2cc(ccc2)*)cc1,452.0
*N1C(=O)c2c(C1=O)cc(cc2)c1cc2c(C(=O)N(C2=O)c2cc(ccc2)OCCCCCCOc2cc(ccc2)*)cc1,451.0
*N1C(=O)c2c(C1=O)cc(cc2)c1cc2c(C(=O)N(C2=O)c2cc(ccc2)OCCCCCCCCOc2cc(ccc2)*)cc1,450.0
*N1C(=O)c2c(C1=O)cc(cc2)c1cc2c(C(=O)N(C2=O)c2cc(ccc2)OCCCCCCCCCOc2cc(ccc2)*)cc1,448.0
*N1C(=O)c2c(C1=O)cc(cc2)c1cc2c(C(=O)N(C2=O)c2cc(ccc2)OCCCCCCCCCCOc2cc(ccc2)*)cc1,447.0
*N1C(=O)c2c(C1=O)cc(cc2)c1cc2c(C(=O)N(C2=O)c2cc(ccc2)OCCCCCCCCCCCCOc2cc(ccc2)*)cc1,449.0
*N1C(=O)c2c(C1=O)cc(cc2)c1cc2c(C(=O)N(C2=O)c2ccc(cc2)OCCCOc2ccc(cc2)*)cc1,464.0
*N1C(=O)c2c(C1=O)cc(cc2)c1cc2c(C(=O)N(C2=O)c2ccc(cc2)OCCCCOc2ccc(cc2)*)cc1,458.0
*N1C(=O)c2c(C1=O)cc(cc2)c1cc2c(C(=O)N(C2=O)c2ccc(cc2)OCCCCCOc2ccc(cc2)*)cc1,457.0
*N1C(=O)c2c(C1=O)cc(cc2)c1cc2c(C(=O)N(C2=O)c2ccc(cc2)OCCCCCCCCOc2ccc(cc2)*)cc1,452.0
*N1C(=O)c2c(C1=O)cc(cc2)c1cc2c(C(=O)N(C2=O)c2ccc(cc2)OCCCCCCCCCOc2ccc(cc2)*)cc1,456.0
*N1C(=O)c2c(C1=O)cc(cc2)c1cc2c(C(=O)N(C2=O)c2ccc(cc2)OCCCCCCCCCCOc2ccc(cc2)*)cc1,450.0
*N1C(=O)c2c(C1=O)cc(cc2)c1cc2c(C(=O)N(C2=O)c2ccc(cc2)OCCCCCCCCCCCCOc2ccc(cc2)*)cc1,451.0
*c1c2C(=O)N(C(=O)c2c(c2ccccc12)c1ccc(cc1)Oc1ccc(cc1)S(=O)(=O)c1ccc(cc1)Oc1ccc(cc1)*)c1cc(ccc1)P(=O)(O)O,477.05
*N1C(=O)c2c(C1=O)cc(cc2)Oc1cc2c(C(=O)N(C2=O)c2cc(ccc2)P(=O)(c2cc(ccc2)*)c2cc(cc(c2)C(F)(F)F)C(F)(F)F)cc1,533.0
*c1cc2c(C(=O)N(C2=O)c2cc(ccc2)P(=O)(c2cc(ccc2)N2C(=O)c3c(C2=O)cc(cc3)C(=O)*)c2cc(cc(c2)C(F)(F)F)C(F)(F)F)cc1,530.0
*c1cc2c(C(=O)N(C2=O)c2cc(ccc2)P(=O)(c2cc(ccc2)N2C(=O)c3c(C2=O)cc(cc3)C(*)(C(F)(F)F)C(F)(F)F)c2cc(cc(c2)C(F)(F)F)C(F)(F)F)cc1,517.0
*n1c(=O)c2cc3c(cc2c1=O)c(=O)n(c3=O)c1cc(ccc1)P(=O)(c1cc(ccc1)*)c1cc(cc(c1)C(F)(F)F)C(F)(F)F,522.0
*N1C(=O)c2c(C1=O)cc(cc2)Oc1cc2c(C(=O)N(C2=O)c2cc(ccc2)P(=O)(c2cc(ccc2)*)c2ccc(cc2)C(F)(F)F)cc1,525.0
*c1cc2c(C(=O)N(C2=O)c2cc(ccc2)P(=O)(c2cc(ccc2)N2C(=O)c3c(C2=O)cc(cc3)C(=O)*)c2ccc(cc2)C(F)(F)F)cc1,527.0
*c1cc2c(C(=O)N(C2=O)c2cc(ccc2)P(=O)(c2cc(ccc2)N2C(=O)c3c(C2=O)cc(cc3)C(*)(C(F)(F)F)C(F)(F)F)c2ccc(cc2)C(F)(F)F)cc1,512.0
*n1c(=O)c2cc3c(cc2c1=O)c(=O)n(c3=O)c1cc(ccc1)P(=O)(c1cc(ccc1)*)c1ccc(cc1)C(F)(F)F,530.0
*N1C(=O)c2c(C1=O)cc(cc2)Oc1cc2c(C(=O)N(C2=O)c2cc(ccc2)P(=O)(c2cc(ccc2)*)c2ccccc2)cc1,526.0
*c1cc2c(C(=O)N(C2=O)c2ccc(cc2)Oc2ccc(cc2)C2(C3C4C(CCC4)C(C2)C3)c2ccc(cc2)Oc2ccc(cc2)N2C(=O)c3c(C2=O)cc(cc3)C(=O)Nc2ccc(cc2)Oc2c(cc(c(c2)C(C)(C)C)Oc2ccc(cc2)NC(=O)*)C(C)(C)C)cc1,489.0
*c1cc2c(C(=O)N(C2=O)c2ccc(cc2)Oc2ccc(cc2)C2(C3C4C(CCC4)C(C2)C3)c2ccc(cc2)Oc2ccc(cc2)N2C(=O)c3c(C2=O)cc(cc3)C(=O)Nc2ccc(cc2)Oc2cc(c(cc2)c2c(cc(cc2)Oc2ccc(cc2)NC(=O)*)C)C)cc1,490.0
*c1cc2c(C(=O)N(C2=O)c2ccc(cc2)Oc2ccc(cc2)C2(C3C4C(CCC4)C(C2)C3)c2ccc(cc2)Oc2ccc(cc2)N2C(=O)c3c(C2=O)cc(cc3)C(=O)Nc2ccc(cc2)Oc2ccc(cc2)C(c2ccc(cc2)Oc2ccc(cc2)NC(=O)*)(C(F)(F)F)C(F)(F)F)cc1,489.0
*c1cc2c(C(=O)N(C2=O)c2ccc(cc2)Oc2ccc(cc2)C2(C3C4C(CCC4)C(C2)C3)c2ccc(cc2)Oc2ccc(cc2)N2C(=O)c3c(C2=O)cc(cc3)C(=O)Nc2ccc(cc2)Oc2c(cc(cc2C)C(c2cc(c(c(c2)C)Oc2ccc(cc2)NC(=O)*)C)(C)C)C)cc1,471.0
*c1cc2c(C(=O)N(C2=O)c2ccc(cc2)C(=O)Nc2ccc(cc2)Oc2ccc(cc2)c2ccc(cc2)Oc2ccc(cc2)NC(=O)c2ccc(cc2)N2C(=O)c3c(C2=O)cc(cc3)C(*)(C(F)(F)F)C(F)(F)F)cc1,444.0
*N1C(=O)c2c(C1=O)cc(cc2)c1cc2c(C(=O)N(C2=O)c2ccc(cc2)Oc2ccc(cc2)Oc2ccc(cc2)*)cc1,521.0
*N1C(=O)c2c(C1=O)cc(cc2)Oc1cc2c(C(=O)N(C2=O)c2cc(ccc2)Oc2c(ccc(c2)Oc2cc(ccc2)*)P(=O)(c2ccccc2)c2ccccc2)cc1,478.0
*N1C(=O)c2c(C1=O)cc(cc2)Oc1ccc(cc1)c1ccc(cc1)Oc1cc2c(C(=O)N(C2=O)c2cc(ccc2)Oc2c(ccc(c2)Oc2cc(ccc2)*)P(=O)(c2ccccc2)c2ccccc2)cc1,494.0
*c1cc2c(C(=O)N(C2=O)c2cc(ccc2)Oc2c(ccc(c2)Oc2cc(ccc2)N2C(=O)c3c(C2=O)cc(cc3)C(*)(C(F)(F)F)C(F)(F)F)P(=O)(c2ccccc2)c2ccccc2)cc1,465.0
*N1C(=O)c2c(C1=O)cc(cc2)c1cc2c(C(=O)N(C2=O)c2cc(ccc2)Oc2c(ccc(c2)Oc2cc(ccc2)*)P(=O)(c2ccccc2)c2ccccc2)cc1,471.0
*n1c(=O)c2cc3c(cc2c1=O)c(=O)n(c3=O)c1cc(ccc1)Oc1c(ccc(c1)Oc1cc(ccc1)*)P(=O)(c1ccccc1)c1ccccc1,430.0
*N1C(=O)c2c(C1=O)cc(cc2)Oc1cc2c(C(=O)N(C2=O)c2cc(ccc2)C(c2cc(ccc2)*)(c2ccccc2)C(F)(F)F)cc1,518.0
*c1cc2c(C(=O)N(C2=O)c2cc(ccc2)C(c2cc(ccc2)N2C(=O)c3c(C2=O)cc(cc3)C(=O)*)(c2ccccc2)C(F)(F)F)cc1,518.0
*c1cc2c(C(=O)N(C2=O)c2cc(ccc2)C(c2cc(ccc2)N2C(=O)c3c(C2=O)cc(cc3)C(*)(C(F)(F)F)C(F)(F)F)(c2ccccc2)C(F)(F)F)cc1,511.0
*N1C(=O)C2C(C1=O)CC(CC2)C1CC2C(C(=O)N(C2=O)c2ccc(cc2)Oc2ccc(cc2)*)CC1,478.5
*N1C(=O)C2C(C1=O)CC(CC2)C1CC2C(C(=O)N(C2=O)c2ccc(cc2)Cc2ccc(cc2)*)CC1,475.0
*N1C(=O)C2C(C1=O)CC(CC2)C1CC2C(C(=O)N(C2=O)c2ccc(cc2)Oc2ccc(cc2)Oc2ccc(cc2)*)CC1,481.0
*N1C(=O)C2C(C1=O)CC(CC2)C1CC2C(C(=O)N(C2=O)c2ccc(cc2)Oc2cc(ccc2)Oc2ccc(cc2)*)CC1,479.5
*N1C(=O)C2C(C1=O)CC(CC2)C1CC2C(C(=O)N(C2=O)c2ccc(cc2)Oc2ccc(cc2)C(c2ccc(cc2)Oc2ccc(cc2)*)(C)C)CC1,484.0
*N1C(=O)C2C(C1=O)CC(CC2)C1CC2C(C(=O)N(C2=O)c2ccc(cc2)Oc2ccc(cc2)S(=O)(=O)c2ccc(cc2)Oc2ccc(cc2)*)CC1,476.0
*N1C(=O)C2C(C1=O)CC(CC2)C1CC2C(C(=O)N(C2=O)c2ccc(cc2)Oc2ccc(cc2)Oc2ccc(cc2)Oc2ccc(cc2)*)CC1,479.0
*N1C(=O)C2C(C1=O)CC(CC2)C1CC2C(C(=O)N(C2=O)c2cc(ccc2)*)CC1,466.0
*n1c(=O)c2cc3c(cc2c1=O)c(=O)n(c3=O)c1c(cc(cc1)c1cc(c(cc1)*)OCCCCCCOc1ccc(cc1)/C=C/c1ccc(cc1)F)OCCCCCCOc1ccc(cc1)/C=C/c1ccc(cc1)F,698.0
*c1cc2c(C(=O)N(C2=O)c2c(cc(cc2)c2cc(c(cc2)N2C(=O)c3c(C2=O)cc(cc3)C(=O)*)OCCCCCCOc2ccc(cc2)/C=C/c2ccc(cc2)F)OCCCCCCOc2ccc(cc2)/C=C/c2ccc(cc2)F)cc1,626.0
*N1C(=O)c2c(C1=O)cc(cc2)Oc1cc2c(C(=O)N(C2=O)c2c(cc(cc2)c2cc(c(cc2)*)OCCCCCCOc2ccc(cc2)/C=C/c2ccc(cc2)F)OCCCCCCOc2ccc(cc2)/C=C/c2ccc(cc2)F)cc1,622.0
*c1cc2c(C(=O)N(C2=O)c2c(cc(cc2)c2cc(c(cc2)N2C(=O)c3c(C2=O)cc(cc3)C(*)(C(F)(F)F)C(F)(F)F)OCCCCCCOc2ccc(cc2)/C=C/c2ccc(cc2)F)OCCCCCCOc2ccc(cc2)/C=C/c2ccc(cc2)F)cc1,578.0
*c1cc2c(C(=O)N(C2=O)c2cc(c(cc2)c2c(cc(cc2)N2C(=O)c3c(C2=O)cc(cc3)C(=O)*)C)C)cc1,475.0
*c1cc2c(C(=O)N(C2=O)c2c(c3c(C(CC3)(C)C)c(c2C)N2C(=O)c3c(C2=O)cc(cc3)C(=O)*)C)cc1,495.0
*c1nc(ccc1)N1C(=O)N(C(=O)C1=O)CCCCCCN1C(=O)N(C(=O)C1=O)*,245.0
*c1nc(ccc1)N1C(=O)N(C(=O)C1=O)c1ccc(cc1)Cc1ccc(cc1)N1C(=O)N(C(=O)C1=O)*,233.3333333
*N1C(=O)c2c(C1=O)cc(c(c2)c1ccc(cc1)C(C)(C)C)c1cc2c(C(=O)N(C2=O)c2ccc(cc2)Oc2ccc(cc2)*)cc1c1ccc(cc1)C(C)(C)C,550.0
*N1C(=O)c2c(C1=O)cc(c(c2)c1ccc(cc1)C(C)(C)C)c1cc2c(C(=O)N(C2=O)c2ccc(cc2)Cc2ccc(cc2)*)cc1c1ccc(cc1)C(C)(C)C,540.0
*N1C(=O)c2c(C1=O)cc(c(c2)c1ccc(cc1)C(C)(C)C)c1cc2c(C(=O)N(C2=O)c2ccc(cc2)C(c2ccc(cc2)*)(C(F)(F)F)C(F)(F)F)cc1c1ccc(cc1)C(C)(C)C,549.0
*N1C(=O)c2c(C1=O)cc(c(c2)c1ccc(cc1)[Si](C)(C)C)c1cc2c(C(=O)N(C2=O)c2ccc(cc2)Oc2ccc(cc2)*)cc1c1ccc(cc1)[Si](C)(C)C,552.0
*N1C(=O)c2c(C1=O)cc(c(c2)c1ccc(cc1)[Si](C)(C)C)c1cc2c(C(=O)N(C2=O)c2ccc(cc2)Cc2ccc(cc2)*)cc1c1ccc(cc1)[Si](C)(C)C,542.0
*N1C(=O)c2c(C1=O)cc(c(c2)c1ccc(cc1)[Si](C)(C)C)c1cc2c(C(=O)N(C2=O)c2ccc(cc2)C(c2ccc(cc2)*)(C(F)(F)F)C(F)(F)F)cc1c1ccc(cc1)[Si](C)(C)C,543.0
*n1c(=O)c2c(c3c(c(c2c1=O)c1cc(cc(c1)C(F)(F)F)C(F)(F)F)c(=O)n(c3=O)c1cc(ccc1)P(=O)(c1cc(ccc1)*)c1cc(cc(c1)C(F)(F)F)C(F)(F)F)c1cc(cc(c1)C(F)(F)F)C(F)(F)F,533.0
*n1c(=O)c2c(c3c(c(c2c1=O)c1cc(cc(c1)C(F)(F)F)C(F)(F)F)c(=O)n(c3=O)c1cc(ccc1)P(=O)(c1cc(ccc1)*)c1ccc(cc1)C(F)(F)F)c1cc(cc(c1)C(F)(F)F)C(F)(F)F,525.0
*n1c(=O)c2c(c3c(c(c2c1=O)c1cc(cc(c1)C(F)(F)F)C(F)(F)F)c(=O)n(c3=O)c1cc(ccc1)P(=O)(c1cc(ccc1)*)c1ccccc1)c1cc(cc(c1)C(F)(F)F)C(F)(F)F,521.0
*n1c(=O)c2c(c3c(c(c2c1=O)c1ccc(cc1)C(F)(F)F)c(=O)n(c3=O)c1cc(ccc1)P(=O)(c1cc(ccc1)*)c1cc(cc(c1)C(F)(F)F)C(F)(F)F)c1ccc(cc1)C(F)(F)F,525.0
*n1c(=O)c2c(c3c(c(c2c1=O)c1ccc(cc1)C(F)(F)F)c(=O)n(c3=O)c1cc(ccc1)P(=O)(c1cc(ccc1)*)c1ccc(cc1)C(F)(F)F)c1ccc(cc1)C(F)(F)F,516.0
*n1c(=O)c2c(c3c(c(c2c1=O)c1ccc(cc1)C(F)(F)F)c(=O)n(c3=O)c1cc(ccc1)P(=O)(c1cc(ccc1)*)c1ccccc1)c1ccc(cc1)C(F)(F)F,510.0
*n1c(=O)c2c(c3c(c(c2c1=O)c1ccccc1)c(=O)n(c3=O)c1cc(ccc1)P(=O)(c1cc(ccc1)*)c1cc(cc(c1)C(F)(F)F)C(F)(F)F)c1ccccc1,517.0
*n1c(=O)c2c(c3c(c(c2c1=O)c1ccccc1)c(=O)n(c3=O)c1cc(ccc1)P(=O)(c1cc(ccc1)*)c1ccc(cc1)C(F)(F)F)c1ccccc1,506.0
*n1c(=O)c2c(c3c(c(c2c1=O)c1ccccc1)c(=O)n(c3=O)c1cc(ccc1)P(=O)(c1cc(ccc1)*)c1ccccc1)c1ccccc1,503.0
*N1C(=O)c2c(C1=O)c(ccc2)Oc1c2c(C(=O)N(C2=O)c2ccc(cc2)Oc2ccc(cc2)*)ccc1,500.0
*N1C(=O)c2c(C1=O)c(ccc2)Oc1cc2c(C(=O)N(C2=O)c2ccc(cc2)Oc2ccc(cc2)*)cc1,505.0
*N1C(=O)c2c(C1=O)c(ccc2)Oc1c2c(C(=O)N(C2=O)c2ccc(cc2)Oc2ccc(cc2)Oc2ccc(cc2)*)ccc1,493.0
*N1C(=O)c2c(C1=O)c(ccc2)Oc1cc2c(C(=O)N(C2=O)c2ccc(cc2)Oc2ccc(cc2)Oc2ccc(cc2)*)cc1,486.0
*N1C(=O)C2CCC3C(C2C1=O)C(=O)N(C3=O)c1ccc(cc1)Oc1ccc(cc1)*,438.0
*N1C(=O)C2CCC3C(C2C1=O)C(=O)N(C3=O)c1ccc(cc1)Cc1ccc(cc1)*,443.5
*N1C(=O)C2CCC3C(C2C1=O)C(=O)N(C3=O)c1c(cc(cc1)Cc1cc(c(cc1)*)C)C,429.0
*N1C(=O)C2CCC3C(C2C1=O)C(=O)N(C3=O)c1ccc(cc1)Oc1ccc(cc1)Oc1ccc(cc1)*,422.0
*N1C(=O)C2CCC3C(C2C1=O)C(=O)N(C3=O)c1ccc(cc1)Oc1ccc(cc1)C(c1ccc(cc1)Oc1ccc(cc1)*)(C)C,437.5
*N1C(=O)c2c(C1=O)cc(cc2)Oc1cc2c(C(=O)N(C2=O)c2c(c3c(C(CC3)(C)C)c(c2C)*)C)cc1,530.0
*N1C(=O)c2c(C1=O)cc(cc2)c1cc2c(C(=O)N(C2=O)c2c(c3c(C(CC3)(C)C)c(c2C)*)C)cc1,570.0
*c1cc2c(C(=O)N(C2=O)c2c(c3c(C(CC3)(C)C)c(c2C)N2C(=O)c3c(C2=O)cc(cc3)C(*)(C(F)(F)F)C(F)(F)F)C)cc1,530.0
*C1C(=O)N(C(=O)C1*)c1ccc(cc1)O[Si](C)(C)C,354.0
*C1C(=O)N(C(=O)C1*)c1ccc(cc1)O[Si](c1ccccc1)(c1ccccc1)c1ccccc1,380.0
*C1C(=O)N(C(=O)C1*)c1ccc(cc1)O[Si](C(C)(C)C)(C)C,351.0
*C1C(=O)N(C(=O)C1*)c1ccc(cc1)O[Si](CC)(CC)CC,372.0
*C1C(=O)N(C(=O)C1*)c1cc(c(c(c1)Br)O[Si](C)(C)C)Br,249.0
*C1C(=O)N(C(=O)C1*)c1cc(c(c(c1)Br)O[Si](c1ccccc1)(c1ccccc1)c1ccccc1)Br,233.0
*C1C(=O)N(C(=O)C1*)c1cc(c(c(c1)Br)O[Si](C(C)(C)C)(C)C)Br,235.0
*C1C(=O)N(C(=O)C1*)c1cc(c(c(c1)Br)O[Si](CC)(CC)CC)Br,230.0
*c1cc2c(C(=O)N(C2=O)c2c(ccc(c2)N2C(=O)c3c(C2=O)cc(cc3)C(=O)Nc2c(cc(cc2C)Cc2cc(c(c(c2)C)NC(=O)*)C)C)N=Nc2ccc(cc2)C)cc1,430.0
*c1cc2c(C(=O)N(C2=O)c2c(ccc(c2)N2C(=O)c3c(C2=O)cc(cc3)C(=O)Nc2c(cc(cc2C)Cc2cc(c(c(c2)C)NC(=O)*)C)C)N=Nc2ccc(cc2)F)cc1,430.0
*c1cc2c(C(=O)N(C2=O)c2c(ccc(c2)N2C(=O)c3c(C2=O)cc(cc3)C(=O)Nc2c(cc(cc2C)Cc2cc(c(c(c2)C)NC(=O)*)C)C)N=Nc2ccc(cc2)OC(F)(F)F)cc1,410.0
*c1cc2c(C(=O)N(C2=O)c2c(ccc(c2)N2C(=O)c3c(C2=O)cc(cc3)C(=O)Nc2c(cc(cc2C)Cc2cc(c(c(c2)C)NC(=O)*)C)C)N=Nc2ccc(cc2)[N+](=O)[O-])cc1,380.0
*c1cc2c(C(=O)N(C2=O)c2c(ccc(c2)N2C(=O)c3c(C2=O)cc(cc3)C(=O)Nc2ccc(cc2)Cc2ccc(cc2)NC(=O)*)N=Nc2ccc(cc2)C)cc1,460.0
*c1cc2c(C(=O)N(C2=O)c2c(ccc(c2)N2C(=O)c3c(C2=O)cc(cc3)C(=O)Nc2c(cc(cc2)Cc2cc(c(cc2)NC(=O)*)C)C)N=Nc2ccc(cc2)C)cc1,390.0
*c1cc2c(C(=O)N(C2=O)c2c(ccc(c2)N2C(=O)c3c(C2=O)cc(cc3)C(=O)Nc2c(cc(cc2CC)Cc2cc(c(c(c2)CC)NC(=O)*)CC)CC)N=Nc2ccc(cc2)C)cc1,420.0
*c1cc2c(C(=O)N(C2=O)c2ccc(cc2)C(c2ccc(cc2)C(c2ccc(cc2)N2C(=O)c3c(C2=O)cc(cc3)C(=O)*)(C)C)(C)C)cc1,472.0
*c1cc2c(C(=O)N(C2=O)c2cc(ccc2)P(=O)(c2cc(ccc2)N2C(=O)c3c(C2=O)cc(cc3)C(*)(C(F)(F)F)C(F)(F)F)c2ccc(cc2)Oc2ccc(cc2)C23CC4CC(CC(C2)C4)C3)cc1,500.0
*c1cc2c(C(=O)N(C2=O)c2cc(ccc2)P(=O)(c2cc(ccc2)N2C(=O)c3c(C2=O)cc(cc3)C(=O)*)c2ccc(cc2)Oc2ccc(cc2)C23CC4CC(CC(C2)C4)C3)cc1,508.0
*N1C(=O)c2c(C1=O)cc(cc2)Oc1cc2c(C(=O)N(C2=O)c2cc(ccc2)P(=O)(c2cc(ccc2)*)c2ccc(cc2)Oc2ccc(cc2)C23CC4CC(CC(C2)C4)C3)cc1,509.0
*n1c(=O)c2cc3c(cc2c1=O)c(=O)n(c3=O)c1cc(ccc1)P(=O)(c1cc(ccc1)*)c1ccc(cc1)Oc1ccc(cc1)C12CC3CC(CC(C1)C3)C2,523.0
*c1cc2c(C(=O)N(C2=O)c2c(cc(cc2CC)Cc2cc(c(c(c2)CC)N2C(=O)c3c(C2=O)cc(cc3)C(=O)Nc2c(ccc(c2)NC(=O)*)N=Nc2ccc(cc2)[N+](=O)[O-])CC)CC)cc1,350.0
*c1cc2c(C(=O)N(C2=O)c2c(cc(cc2C)Cc2cc(c(c(c2)C)N2C(=O)c3c(C2=O)cc(cc3)C(=O)Nc2c(ccc(c2)NC(=O)*)N=Nc2ccc(cc2)[N+](=O)[O-])C)C)cc1,400.0
*c1cc2c(C(=O)N(C2=O)c2c(cc(cc2)Cc2cc(c(cc2)N2C(=O)c3c(C2=O)cc(cc3)C(=O)Nc2c(ccc(c2)NC(=O)*)N=Nc2ccc(cc2)[N+](=O)[O-])C)C)cc1,370.0
*c1cc2c(C(=O)N(C2=O)c2c(cc(cc2)c2cc(c(cc2)N2C(=O)c3c(C2=O)cc(cc3)C(=O)Nc2c(ccc(c2)NC(=O)*)N=Nc2ccc(cc2)[N+](=O)[O-])C)C)cc1,400.0
*c1cc2c(C(=O)N(C2=O)c2ccc(cc2)Cc2ccc(cc2)N2C(=O)c3c(C2=O)cc(cc3)C(=O)Nc2c(ccc(c2)NC(=O)*)N=Nc2ccc(cc2)[N+](=O)[O-])cc1,350.0
*c1cc2c(C(=O)N(C2=O)c2c(c(c(c(c2C)C)N2C(=O)c3c(C2=O)cc(cc3)C(=O)Nc2c(ccc(c2)NC(=O)*)N=Nc2ccc(cc2)[N+](=O)[O-])C)C)cc1,370.0
*c1cc2c(C(=O)N(C2=O)c2c(cc(cc2C)c2cc(c(c(c2)C)N2C(=O)c3c(C2=O)cc(cc3)C(=O)Nc2c(ccc(c2)NC(=O)*)N=Nc2ccc(cc2)[N+](=O)[O-])C)C)cc1,380.0
*N1C(=O)c2c(C1=O)cc(cc2)c1cc2c(C(=O)N(C2=O)c2c(cc(c(c2C)C(=O)c2cc(ccc2)*)C)C)cc1,480.0
*N1C(=O)c2c(C1=O)cc(cc2)Oc1cc2c(C(=O)N(C2=O)c2c(cc(c(c2C)C(=O)c2cc(ccc2)*)C)C)cc1,480.0
*c1cc2c(C(=O)N(C2=O)c2c(cc(c(c2C)C(=O)c2cc(ccc2)N2C(=O)c3c(C2=O)cc(cc3)C(=O)*)C)C)cc1,460.0
*c1cc2c(C(=O)N(C2=O)c2c(cc(c(c2C)C(=O)c2cc(ccc2)N2C(=O)c3c(C2=O)cc(cc3)C(*)(C(F)(F)F)C(F)(F)F)C)C)cc1,480.0
*n1c(=O)c2c(c3c(cc2c1=O)c(=O)n(c3=O)c1cc(ccc1)P(=O)(c1cc(ccc1)*)c1ccccc1)c1ccc(cc1)C(F)(F)F,522.0
*n1c(=O)c2c(c3c(cc2c1=O)c(=O)n(c3=O)c1cc(ccc1)P(=O)(c1cc(ccc1)*)c1ccccc1)c1ccccc1,522.0
*c1cc2c(C(=O)N(C2=O)c2cc(ccc2)P(=O)(c2cc(ccc2)N2C(=O)c3c(C2=O)cc(cc3)C(=O)N2C(=O)N(C(=O)C2(CC)C)C(=O)*)c2ccccc2)cc1,422.5
*N1C(=O)C2C3C4C(C(C2C1=O)C=C3)C(=O)N(C4=O)C12CC3(CC(CC(C1)C3)C2)*,325.0
*N1C(=O)C2C3C4C(C(C2C1=O)C=C3)C(=O)N(C4=O)C12CC3C(C(CC(C1)C3)C2)C1C2CC3(CC(CC1C3)C2)*,328.0
*N1C(=O)C2C3C4C(C(C2C1=O)C=C3)C(=O)N(C4=O)C(C*)C,264.0
*N1C(=O)C2C3C4C(C(C2C1=O)C=C3)C(=O)N(C4=O)CCC*,270.0
*N1C(=O)C2C3C4C(C(C2C1=O)C=C3)C(=O)N(C4=O)CCCC*,259.0
*N1C(=O)C2C3C4C(C(C2C1=O)C=C3)C(=O)N(C4=O)CCCCCCCCCC*,242.0
*N1C(=O)C2C3C4C(C(C2C1=O)C=C3)C(=O)N(C4=O)C1C(CCCC1)*,343.0
*N1C(=O)C2C3C4C(C(C2C1=O)C=C3)C(=O)N(C4=O)C1CCC(CC1)*,347.0
*N1C(=O)C2C3C4C(C(C2C1=O)C=C3)C(=O)N(C4=O)C1CCC(CC1)CC1CCC(CC1)*,358.0
*N1C(=O)C2C3C4C(C(C2C1=O)C=C3)C(=O)N(C4=O)C1C(CC(CC1)CC1CC(C(CC1)*)C)C,326.0
*c1cc2c(C(=O)N(C2=O)c2c(ccc(c2)C(c2cc(c(cc2)OCCCCCCOc2ccc(cc2)N=Nc2ccc(cc2)OCCCC)N2C(=O)c3c(C2=O)cc(cc3)C(*)(C(F)(F)F)C(F)(F)F)(C(F)(F)F)C(F)(F)F)OCCCCCCOc2ccc(cc2)N=Nc2ccc(cc2)OCCCC)cc1,370.0
*c1cc2c(C(=O)N(C2=O)c2ccc(cc2)C(=O)Nc2c(ccc(c2)C(c2cc(c(cc2)OCCCCCCOc2ccc(cc2)N=Nc2ccc(cc2)OCCCC)NC(=O)c2ccc(cc2)N2C(=O)c3c(C2=O)cc(cc3)C(*)(C(F)(F)F)C(F)(F)F)(C(F)(F)F)C(F)(F)F)OCCCCCCOc2ccc(cc2)N=Nc2ccc(cc2)OCCCC)cc1,370.0
*c1cc2c(C(=O)N(C2=O)c2ccc(cc2)C(=O)Nc2c(ccc(c2)C(c2cc(c(cc2)OCCCCOc2ccc(cc2)N=Nc2ccc(cc2)c2ccccc2)NC(=O)c2ccc(cc2)N2C(=O)c3c(C2=O)cc(cc3)C(*)(C(F)(F)F)C(F)(F)F)(C(F)(F)F)C(F)(F)F)OCCCCOc2ccc(cc2)N=Nc2ccc(cc2)c2ccccc2)cc1,370.0
*N1C(=O)c2c(C1=O)cc(cc2)Oc1cc2c(C(=O)N(C2=O)c2cc(c(cc2)Oc2ccc(cc2)C(=O)c2nc(ccc2)C(=O)c2ccc(cc2)Oc2c(cc(cc2)*)C(F)(F)F)C(F)(F)F)cc1,487.0
*c1cc2c(C(=O)N(C2=O)c2cc(c(cc2)Oc2ccc(cc2)C(=O)c2nc(ccc2)C(=O)c2ccc(cc2)Oc2c(cc(cc2)N2C(=O)c3c(C2=O)cc(cc3)C(*)(C(F)(F)F)C(F)(F)F)C(F)(F)F)C(F)(F)F)cc1,508.0
*c1cc2c(C(=O)N(C2=O)c2cc(c(cc2)Oc2ccc(cc2)C(=O)c2nc(ccc2)C(=O)c2ccc(cc2)Oc2c(cc(cc2)N2C(=O)c3c(C2=O)cc(cc3)C(=O)*)C(F)(F)F)C(F)(F)F)cc1,531.0
*n1c(=O)c2cc3c(cc2c1=O)c(=O)n(c3=O)c1cc(c(cc1)Oc1ccc(cc1)C(=O)c1nc(ccc1)C(=O)c1ccc(cc1)Oc1c(cc(cc1)*)C(F)(F)F)C(F)(F)F,543.0
*n1c(=O)c2cc3c(cc2c1=O)c(=O)n(c3=O)c1nc(ccc1)*,530.0
*N1C(=O)c2c(C1=O)cc(cc2)Oc1cc2c(C(=O)N(C2=O)c2ccc(cc2)C(c2ccc(cc2)C(c2ccc(cc2)*)(C)C)(C)C)cc1,360.0
*n1c(=O)c2cc3c(cc2c1=O)c(=O)n(c3=O)c1ccc(cc1)Sc1ccc(cc1)Sc1ccc(cc1)Sc1ccc(cc1)*,466.6
*n1c(=O)c2cc3c(cc2c1=O)c(=O)n(c3=O)c1ccc(cc1)Sc1cc2Sc3c(Sc2cc1)cc(cc3)Sc1ccc(cc1)*,458.2
*c1cc2c(C(=O)N(C2=O)c2ccc(cc2)C2(c3ccccc3-c3ccccc23)c2ccc(cc2)N2C(=O)c3c(C2=O)cc(cc3)C(=O)Nc2ccc(cc2)C2(c3ccccc3-c3ccccc23)c2ccc(cc2)NC(=O)*)cc1,494.0
*c1cc2c(C(=O)N(C2=O)c2c3c(ccc2)c(ccc3)N2C(=O)c3c(C2=O)cc(cc3)C(=O)Nc2ccc(cc2)C2(c3ccccc3-c3ccccc23)c2ccc(cc2)NC(=O)*)cc1,483.0
*c1cc2c(C(=O)N(C2=O)c2c(cc(cc2)c2cc(c(cc2)N2C(=O)c3c(C2=O)cc(cc3)C(=O)Nc2ccc(cc2)C2(c3ccccc3-c3ccccc23)c2ccc(cc2)NC(=O)*)OC)OC)cc1,452.0
*c1cc2c(C(=O)N(C2=O)c2ccc(cc2)Oc2ccc(cc2)N2C(=O)c3c(C2=O)cc(cc3)C(=O)Nc2ccc(cc2)C2(c3ccccc3-c3ccccc23)c2ccc(cc2)NC(=O)*)cc1,475.0
*c1cc2c(C(=O)N(C2=O)c2ccc(cc2)Oc2cc(ccc2)Oc2ccc(cc2)N2C(=O)c3c(C2=O)cc(cc3)C(=O)Nc2ccc(cc2)C2(c3ccccc3-c3ccccc23)c2ccc(cc2)NC(=O)*)cc1,492.0
*c1cc2c(C(=O)N(C2=O)c2ccc(cc2)N2C(=O)c3c(C2=O)cc(cc3)C(=O)Oc2ccc(cc2)OC(=O)*)cc1,463.2
*c1cc2c(C(=O)N(C2=O)C2CCC(CC2)N2C(=O)c3c(C2=O)cc(cc3)C(=O)Oc2ccc(cc2)OC(=O)*)cc1,427.6
*c1cc2c(C(=O)N(C2=O)c2cc(c(cc2)c2c(cc(cc2)N2C(=O)c3c(C2=O)cc(cc3)C(=O)Oc2ccc(cc2)OC(=O)*)C(F)(F)F)C(F)(F)F)cc1,478.6
*n1c(=O)c2cc3c(cc2c1=O)c(=O)n(c3=O)c1ccc(cc1)OC(=O)c1ccc(cc1)*,500.8
*N1C(=O)c2c(C1=O)cc(cc2)c1cc2c(C(=O)N(C2=O)c2ccc(cc2)OC(=O)c2ccc(cc2)*)cc1,525.2
*c1cc2c(C(=O)N(C2=O)c2ccc(cc2)OC(=O)c2ccc(cc2)N2C(=O)c3c(C2=O)cc(cc3)C(=O)Oc2ccc(cc2)OC(=O)*)cc1,452.3
*n1c(=O)c2cc3c(cc2c1=O)c(=O)n(c3=O)c1ccc(cc1)NC(=O)c1ccc(cc1)*,488.5
*N1C(=O)c2c(C1=O)cc(cc2)c1cc2c(C(=O)N(C2=O)c2ccc(cc2)NC(=O)c2ccc(cc2)*)cc1,507.4
*c1cc2c(C(=O)N(C2=O)c2ccc(cc2)NC(=O)c2ccc(cc2)N2C(=O)c3c(C2=O)cc(cc3)C(=O)Oc2ccc(cc2)OC(=O)*)cc1,470.3
*n1c(=O)c2cc3c(cc2c1=O)c(=O)n(c3=O)c1ccc(cc1)c1cc(c(cc1)Oc1cc2c(C(CC2(c2ccc(cc2)Oc2c(cc(cc2)c2ccc(cc2)*)C(F)(F)F)C)(C)C)cc1)C(F)(F)F,526.0
*c1cc2c(C(=O)N(C2=O)c2ccc(cc2)c2cc(c(cc2)Oc2cc3c(C(CC3(c3ccc(cc3)Oc3c(cc(cc3)c3ccc(cc3)N3C(=O)c4c(C3=O)cc(cc4)C(=O)*)C(F)(F)F)C)(C)C)cc2)C(F)(F)F)cc1,517.0
*c1cc2c(C(=O)N(C2=O)c2ccc(cc2)c2cc(c(cc2)Oc2cc3c(C(CC3(c3ccc(cc3)Oc3c(cc(cc3)c3ccc(cc3)N3C(=O)c4c(C3=O)cc(cc4)C(*)(C(F)(F)F)C(F)(F)F)C(F)(F)F)C)(C)C)cc2)C(F)(F)F)cc1,509.0
*N1C(=O)c2c(C1=O)cc(cc2)Oc1cc2c(C(=O)N(C2=O)c2ccc(cc2)c2cc(c(cc2)Oc2cc3c(C(CC3(c3ccc(cc3)Oc3c(cc(cc3)c3ccc(cc3)*)C(F)(F)F)C)(C)C)cc2)C(F)(F)F)cc1,508.0
*N1C(=O)c2c(C1=O)cc(cc2)Oc1ccc(cc1)C(c1ccc(cc1)Oc1cc2c(C(=O)N(C2=O)c2ccc(cc2)c2cc(c(cc2)Oc2cc3c(C(CC3(c3ccc(cc3)Oc3c(cc(cc3)c3ccc(cc3)*)C(F)(F)F)C)(C)C)cc2)C(F)(F)F)cc1)(C)C,503.0
*c1c2c(C(=O)N(C2=O)N2C(=O)c3c(C2=O)c(ccc3)Sc2ccc(cc2)Sc2ccc(cc2)S*)ccc1,455.0
*c1c2c(C(=O)N(C2=O)N2C(=O)c3c(C2=O)cc(cc3)Sc2ccc(cc2)Sc2ccc(cc2)S*)ccc1,446.0
*c1cc2c(C(=O)N(C2=O)N2C(=O)c3c(C2=O)cc(cc3)Sc2ccc(cc2)Sc2ccc(cc2)S*)cc1,452.0
*n1c(=O)c2cc3c(cc2c1=O)c(=O)n(c3=O)c1cc(c(cc1)Oc1c(cc(cc1)*)Br)Br,522.0
*N1C(=O)c2c(C1=O)cc(cc2)c1cc2c(C(=O)N(C2=O)c2cc(c(cc2)Oc2c(cc(cc2)*)Br)Br)cc1,527.0
*c1cc2c(C(=O)N(C2=O)c2cc(c(cc2)Oc2c(cc(cc2)N2C(=O)c3c(C2=O)cc(cc3)C(=O)*)Br)Br)cc1,442.0
*N1C(=O)c2c(C1=O)cc(cc2)Oc1cc2c(C(=O)N(C2=O)c2cc(c(cc2)Oc2c(cc(cc2)*)Br)Br)cc1,532.0
*N1C(=O)c2c(C1=O)cc(cc2)S(=O)(=O)c1cc2c(C(=O)N(C2=O)c2cc(c(cc2)Oc2c(cc(cc2)*)Br)Br)cc1,483.0
*c1cc2c(C(=O)N(C2=O)c2cc(c(cc2)Oc2c(cc(cc2)N2C(=O)c3c(C2=O)cc(cc3)C(*)(C(F)(F)F)C(F)(F)F)Br)Br)cc1,496.0
*n1c(=O)c2cc3c(cc2c1=O)c(=O)n(c3=O)c1cc(c(c(c1)Br)Oc1c(cc(cc1Br)*)Br)Br,501.0
*N1C(=O)c2c(C1=O)cc(cc2)c1cc2c(C(=O)N(C2=O)c2cc(c(c(c2)Br)Oc2c(cc(cc2Br)*)Br)Br)cc1,534.0
*c1cc2c(C(=O)N(C2=O)c2cc(c(c(c2)Br)Oc2c(cc(cc2Br)N2C(=O)c3c(C2=O)cc(cc3)C(=O)*)Br)Br)cc1,455.0
*N1C(=O)c2c(C1=O)cc(cc2)Oc1cc2c(C(=O)N(C2=O)c2cc(c(c(c2)Br)Oc2c(cc(cc2Br)*)Br)Br)cc1,499.0
*N1C(=O)c2c(C1=O)cc(cc2)S(=O)(=O)c1cc2c(C(=O)N(C2=O)c2cc(c(c(c2)Br)Oc2c(cc(cc2Br)*)Br)Br)cc1,508.0
*c1cc2c(C(=O)N(C2=O)c2cc(c(c(c2)Br)Oc2c(cc(cc2Br)N2C(=O)c3c(C2=O)cc(cc3)C(*)(C(F)(F)F)C(F)(F)F)Br)Br)cc1,509.0
*c1cc2c(C(=O)N(C2=O)c2c(ccc(c2)C(c2cc(c(cc2)OC(=O)C23CC4CC(CC(C2)C4)C3)N2C(=O)c3c(C2=O)cc(cc3)C(*)(C(F)(F)F)C(F)(F)F)(C(F)(F)F)C(F)(F)F)OC(=O)C23CC4CC(CC(C2)C4)C3)cc1,380.0
*n1c(=O)c2cc3c(cc2c1=O)c(=O)n(c3=O)c1ccc(cc1)OCCCC[Si](O[Si](O[Si](O[Si](CCCCOc1ccc(cc1)*)(C)C)(C)C)(C)C)(C)C,455.0
*n1c(=O)c2cc3c(cc2c1=O)c(=O)n(c3=O)c1cc(c(cc1)OCCCC[Si](O[Si](O[Si](O[Si](CCCCOc1c(cc(cc1)*)C)(C)C)(C)C)(C)C)(C)C)C,443.0
*n1c(=O)c2cc3c(cc2c1=O)c(=O)n(c3=O)c1cc(c(cc1)OCCCC[Si](O[Si](O[Si](O[Si](CCCCOc1c(cc(cc1)*)F)(C)C)(C)C)(C)C)(C)C)F,443.0
*n1c(=O)c2cc3c(cc2c1=O)c(=O)n(c3=O)c1cc(c(cc1)OCCCC[Si](O[Si](O[Si](O[Si](CCCCOc1c(cc(cc1)*)Cl)(C)C)(C)C)(C)C)(C)C)Cl,444.0
*N1C(=O)c2c(C1=O)cc(cc2)c1cc2c(C(=O)N(C2=O)c2ccc(cc2)OCCCC[Si](O[Si](O[Si](O[Si](CCCCOc2ccc(cc2)*)(C)C)(C)C)(C)C)(C)C)cc1,457.0
*N1C(=O)c2c(C1=O)cc(cc2)c1cc2c(C(=O)N(C2=O)c2cc(c(cc2)OCCCC[Si](O[Si](O[Si](O[Si](CCCCOc2c(cc(cc2)*)C)(C)C)(C)C)(C)C)(C)C)C)cc1,443.0
*N1C(=O)c2c(C1=O)cc(cc2)c1cc2c(C(=O)N(C2=O)c2cc(c(cc2)OCCCC[Si](O[Si](O[Si](O[Si](CCCCOc2c(cc(cc2)*)F)(C)C)(C)C)(C)C)(C)C)F)cc1,443.0
*N1C(=O)c2c(C1=O)cc(cc2)c1cc2c(C(=O)N(C2=O)c2cc(c(cc2)OCCCC[Si](O[Si](O[Si](O[Si](CCCCOc2c(cc(cc2)*)Cl)(C)C)(C)C)(C)C)(C)C)Cl)cc1,446.0
*N1C(=O)c2c(C1=O)cc(cc2)c1cc2c(C(=O)N(C2=O)c2c(cc(cc2)OCCCC[Si](O[Si](O[Si](O[Si](CCCCOc2cc(c(cc2)*)C)(C)C)(C)C)(C)C)(C)C)C)cc1,452.0
*N1C(=O)c2c(C1=O)cc(cc2)c1cc2c(C(=O)N(C2=O)c2c(cc(cc2)OCCCC[Si](O[Si](O[Si](O[Si](CCCCOc2cc(c(cc2)*)F)(C)C)(C)C)(C)C)(C)C)F)cc1,440.0
*c1cc2c(C(=O)N(C2=O)c2c(cc(cc2C)Cc2cc(c(c(c2)C)N2C(=O)c3c(C2=O)cc(cc3)C(=O)OCCN(CCOC(=O)*)c2ccccc2)C)C)cc1,393.0
*c1cc2c(C(=O)N(C2=O)c2c(cc(cc2C)Cc2cc(c(c(c2)C)N2C(=O)c3c(C2=O)cc(cc3)C(=O)OCCN(CCOC(=O)*)c2ccc(cc2)N=Nc2ccc(cc2)[N+](=O)[O-])C)C)cc1,326.0
*c1cc2c(C(=O)N(C2=O)c2c(cc(cc2C)Cc2cc(c(c(c2)C)N2C(=O)c3c(C2=O)cc(cc3)C(=O)OCCN(CCOC(=O)*)c2ccc(cc2)N=Nc2c(cc(cc2)[N+](=O)[O-])[N+](=O)[O-])C)C)cc1,311.0
*c1cc2c(C(=O)N(C2=O)c2c(cc(cc2C)Cc2cc(c(c(c2)C)N2C(=O)c3c(C2=O)cc(cc3)C(=O)OCCN(CCOC(=O)*)c2ccc(cc2)N=Nc2c(cc(cc2)[N+](=O)[O-])C#N)C)C)cc1,334.0
*N1C(=O)c2c(C1=O)c(ccc2)c1cc2c(C(=O)N(C2=O)c2cc(c(cc2)c2c(cc(cc2)*)C(F)(F)F)C(F)(F)F)cc1,589.0
*n1c(=O)c2cc3c(cc2c1=O)c(=O)n(c3=O)c1cc(c(cc1)Oc1ccc(cc1)*)c1ccccc1,549.0
*c1cc2c(C(=O)N(C2=O)c2ccc(cc2)Sc2ccc(cc2)Oc2ccc(cc2)Sc2ccc(cc2)N2C(=O)c3c(C2=O)cc(cc3)C(=O)Nc2ccc(cc2)Oc2cc(ccc2)Oc2ccc(cc2)NC(=O)*)cc1,532.0
*c1cc2c(C(=O)N(C2=O)c2ccc(cc2)Sc2ccc(cc2)Oc2ccc(cc2)Sc2ccc(cc2)N2C(=O)c3c(C2=O)cc(cc3)C(=O)Nc2ccc(cc2)C2(c3ccccc3-c3ccccc23)c2ccc(cc2)NC(=O)*)cc1,520.0
*N1C(=O)c2c(C1=O)cc(cc2)Oc1ccc(cc1)C(c1ccc(cc1)Oc1cc2c(C(=O)N(C2=O)c2ccc(cc2)Sc2ccc(cc2)Oc2ccc(cc2)Sc2ccc(cc2)*)cc1)(C)C,514.0
*c1cc2c(C(=O)N(C2=O)c2ccc(cc2)Sc2ccc(cc2)Oc2ccc(cc2)Sc2ccc(cc2)N2C(=O)c3c(C2=O)cc(cc3)C(*)(C(F)(F)F)C(F)(F)F)cc1,535.0
*N1C(=O)c2c(C1=O)cc(cc2)c1cc2c(C(=O)N(C2=O)c2ccc(cc2)Oc2c(cc(cc2)S(=O)(=O)c2cc(c(cc2)Oc2ccc(cc2)*)c2cc(cc(c2)C(F)(F)F)C(F)(F)F)c2cc(cc(c2)C(F)(F)F)C(F)(F)F)cc1,572.0
*c1cc2c(C(=O)N(C2=O)c2ccc(cc2)Oc2c(cc(cc2)S(=O)(=O)c2cc(c(cc2)Oc2ccc(cc2)N2C(=O)c3c(C2=O)cc(cc3)C(=O)*)c2cc(cc(c2)C(F)(F)F)C(F)(F)F)c2cc(cc(c2)C(F)(F)F)C(F)(F)F)cc1,561.0
*N1C(=O)c2c(C1=O)cc(cc2)Oc1cc2c(C(=O)N(C2=O)c2ccc(cc2)Oc2c(cc(cc2)S(=O)(=O)c2cc(c(cc2)Oc2ccc(cc2)*)c2cc(cc(c2)C(F)(F)F)C(F)(F)F)c2cc(cc(c2)C(F)(F)F)C(F)(F)F)cc1,561.0
*N1C(=O)c2c(C1=O)cc(cc2)Oc1cc2c(C(=O)N(C2=O)c2cc(c(cc2)OCC2(C(C(CC2)COc2c(cc(cc2)*)C(F)(F)F)(C)C)C)C(F)(F)F)cc1,369.0
*N1C(=O)c2c(C1=O)cc(cc2)c1cc2c(C(=O)N(C2=O)c2cc(c(cc2)OCC2(C(C(CC2)COc2c(cc(cc2)*)C(F)(F)F)(C)C)C)C(F)(F)F)cc1,360.0
*c1cc2c(C(=O)N(C2=O)c2cc(c(cc2)OCC2(C(C(CC2)COc2c(cc(cc2)N2C(=O)c3c(C2=O)cc(cc3)C(=O)*)C(F)(F)F)(C)C)C)C(F)(F)F)cc1,367.0
*c1cc2c(C(=O)N(C2=O)c2cc(c(cc2)OCC2(C(C(CC2)COc2c(cc(cc2)N2C(=O)c3c(C2=O)cc(cc3)C(=O)OCC2C(C(CC2)(COC(=O)*)C)(C)C)C(F)(F)F)(C)C)C)C(F)(F)F)cc1,360.0
*c1cc2c(C(=O)N(C2=O)c2ccc(cc2)Oc2ccc(cc2)Oc2ccc(cc2)N2C(=O)c3c(C2=O)cc(cc3)C(=O)OCC2(C(C(CC2)COC(=O)*)(C)C)C)cc1,426.5
*c1cc2c(C(=O)N(C2=O)C(C(=O)Nc2cc(cc(c2)C(=O)Nc2cnccc2)NC(=O)*)CCSC)cc1,401.0
*c1cc2c(C(=O)N(C2=O)C(C(=O)Nc2cc(cc(c2)C(=O)Nc2cnccc2)NC(=O)*)C(C)C)cc1,368.0
*N1C(=O)c2ccc3C(=O)N(C(=O)c4ccc(C1=O)c2c34)c1c(c(c(c(c1C)C)c1sc(cc1)C=Nc1c(c(c(c(c1C)C)*)C)C)C)C,384.0
*N1C(=O)c2ccc3C(=O)N(C(=O)c4ccc(C1=O)c2c34)c1c(c(c(c(c1C)C)c1sc(cc1)c1sc(cc1)C=Nc1c(c(c(c(c1C)C)*)C)C)C)C,392.0
*N1C(=O)c2c(C1=O)ccc(c2)C(c1ccc2c(C(=O)N(C2=O)c2ccc(cc2)N(c2ccc(cc2)*)c2ccc(cc2)*)c1)(C(F)(F)F)C(F)(F)F,344.0
*c1ccc2n(c3c(c2c1)cc(cc3)c1[nH]c(nc1c1ccccc1)c1ccc(cc1)N1C(=O)c2c(C1=O)cc(cc2)C(c1cc2c(C(=O)N(C2=O)c2ccc(cc2)c2[nH]c(c(n2)c2ccccc2)*)cc1)(C(F)(F)F)C(F)(F)F)CCCCCCCC,435.0
*c1ccc2n(c3c(c2c1)cc(cc3)c1[nH]c(nc1c1ccccc1)c1ccc(cc1)N1C(=O)c2c(C1=O)cc(cc2)Oc1cc2c(C(=O)N(C2=O)c2ccc(cc2)c2[nH]c(c(n2)c2ccccc2)*)cc1)CCCCCCCC,385.0
*c1ccc2n(c3c(c2c1)cc(cc3)c1[nH]c(nc1c1ccccc1)c1ccc(cc1)N1C(=O)c2c(C1=O)cc(cc2)C(=O)c1cc2c(C(=O)N(C2=O)c2ccc(cc2)c2[nH]c(c(n2)c2ccccc2)*)cc1)CCCCCCCC,391.0
*c1ccc2n(c3c(c2c1)cc(cc3)c1[nH]c(nc1c1ccccc1)c1ccc(cc1)n1c(=O)c2cc3c(cc2c1=O)c(=O)n(c3=O)c1ccc(cc1)c1[nH]c(c(n1)c1ccccc1)*)CCCCCCCC,440.0
*N1C(=O)c2c(C1=O)ccc(c2)C(c1ccc2c(C(=O)N(C2=O)c2ccc(cc2)Oc2cc(cc(c2)Oc2ccc(cc2)*)Oc2ccc(cc2)*)c1)(C(F)(F)F)C(F)(F)F,468.725
*N1C(=O)c2c(C1=O)cc(cc2)Oc1cc2c(C(=O)N(C2=O)c2ccc(cc2)OCC(COc2ccc(cc2)*)O)cc1,425.0
*n1c(=O)c2cc3c(cc2c1=O)c(=O)n(c3=O)c1ccc(cc1)Oc1ccc(cc1)Oc1nc(ccc1)Oc1ccc(cc1)Oc1ccc(cc1)*,543.0
*c1cc2c(C(=O)N(C2=O)c2ccc(cc2)Oc2ccc(cc2)Oc2nc(ccc2)Oc2ccc(cc2)Oc2ccc(cc2)N2C(=O)c3c(C2=O)cc(cc3)C(=O)*)cc1,495.0
*c1cc2c(C(=O)N(C2=O)c2ccc(cc2)Oc2ccc(cc2)Oc2nc(ccc2)Oc2ccc(cc2)Oc2ccc(cc2)N2C(=O)c3c(C2=O)cc(cc3)C(*)(C(F)(F)F)C(F)(F)F)cc1,490.0
*C1C2C(C(=O)N(C2=O)c2ccc3n(c4c(c3c2)cccc4)CC)C(C1)C=C*,465.0
*C1C(=O)OC(=O)C1C(C*)c1ccccc1,200.0
*OC(COC(=O)*)C,246.35
*OC(=O)OCC(C*)(C)C,248.9
*Nc1ccc(cc1)*,300.5
*c1nc2c([nH]1)cc(cc2)c1cc2c(nc([nH]2)CCCCCCCC*)cc1,375.0
*c1nc2c([nH]1)ccc(c2)c1ccc2c(nc([nH]2)c2c3cc4c(cc3ccc2)c(ccc4)*)c1,490.0
*=Nc1ccc(cc1)N=Cc1c(cc(c(c1)OCCCCCCCC)C=*)OCCCCCCCC,375.0
*=Nc1ccc(cc1)N=Cc1c(cc(c(c1)OCCCCCCCCCCCC)C=*)OCCCCCCCCCCCC,382.5
*=Nc1ccc(cc1)N=Cc1c(cc(c(c1)OCCCCCCCCCCCCCC)C=*)OCCCCCCCCCCCCCC,390.0
*=Nc1ccc(cc1)N=Cc1c(cc(c(c1)OCCCCCCCCCCCCCCCC)C=*)OCCCCCCCCCCCCCCCC,375.0
*=Nc1ccc(cc1)N=Cc1c(cc(c(c1)OCCCCCCCCCCCCCCCCCC)C=*)OCCCCCCCCCCCCCCCCCC,368.0
*=Nc1ccc(cc1)c1ccc(cc1)N=Cc1c(cc(c(c1)OCCCCCCCC)C=*)OCCCCCCCC,365.0
*=Nc1ccc(cc1)c1ccc(cc1)N=Cc1c(cc(c(c1)OCCCCCCCCCCCC)C=*)OCCCCCCCCCCCC,390.0
*=Nc1ccc(cc1)c1ccc(cc1)N=Cc1c(cc(c(c1)OCCCCCCCCCCCCCC)C=*)OCCCCCCCCCCCCCC,380.0
*=Nc1ccc(cc1)c1ccc(cc1)N=Cc1c(cc(c(c1)OCCCCCCCCCCCCCCCC)C=*)OCCCCCCCCCCCCCCCC,380.0
*=Nc1ccc(cc1)c1ccc(cc1)N=Cc1c(cc(c(c1)OCCCCCCCCCCCCCCCCCC)C=*)OCCCCCCCCCCCCCCCCCC,375.0
*c1nc(ccc1)NS(=O)N*,200.0
*N(Cc1c(c(ccc1)C*)O)c1ccccc1,300.0
*[NH+]1CC=C(C=C1)C1=CC[NH+](C=C1)Cc1ccc(cc1)C*,318.0
*[NH+]1CC=C(C=C1)C1=CC[NH+](C=C1)Cc1cc(ccc1)C*,339.5
*[NH+]1CC=C(C=C1)C1=CC[NH+](C=C1)Cc1c(cccc1)C*,327.0
*[NH+]1C(C=C(C=C1c1ccccc1)c1ccc(cc1)C1=CC([NH+](C(=C1)c1ccccc1)c1ccc(cc1)c1ccc(cc1)*)c1ccccc1)c1ccccc1,450.0
*[NH+]1C(C=C(C=C1c1ccccc1)c1ccc(cc1)C1=CC([NH+](C(=C1)c1ccccc1)c1c(cc(cc1)c1cc(c(cc1)*)C)C)c1ccccc1)c1ccccc1,451.0
*[NH+]1C(C=C(C=C1c1ccccc1)c1ccc(cc1)C1=CC([NH+](C(=C1)c1ccccc1)c1cc(c(cc1)c1c(cc(cc1)*)C(F)(F)F)C(F)(F)F)c1ccccc1)c1ccccc1,452.0
*[NH+]1C(C=C(C=C1c1ccccc1)c1ccc(cc1)C1=CC([NH+](C(=C1)c1ccccc1)c1ccc(cc1)*)c1ccccc1)c1ccccc1,449.0
*c1nc2c([nH]1)cc(cc2)c1ccc2c(nc([nH]2)c2ccc(cc2)C(c2ccc(cc2)*)(C(F)(F)F)C(F)(F)F)c1,520.0
*c1ccc2n(c3c(c2c1)cc(cc3)c1ccc(cc1)N(c1ccc(cc1)*)c1ccc(cc1)CCCC)CCCCCCCC,440.0
*c1ccc2n(c3c(c2c1)cc(cc3)c1ccc2n(c3c(c2c1)cc(cc3)c1ccc(cc1)N(c1ccc(cc1)*)c1ccc(cc1)CCCC)CCCCCCCC)CCCCCCCC,448.0
*N(c1ccc(cc1)c1cc2C(c3c(-c2cc1OC)cc(c(c3)c1ccc(cc1)*)OC)(CCCCCC)CCCCCC)c1ccc(cc1)CCCC,300.0
*c1cc2n(c3c(c2cc1CCCCCC)cc(c(c3)C=C*)CCCCCC)CCCCCCCC,329.0
*c1nc(c(c(c1C#N)C=Cc1ccc(cc1)N(c1ccccc1)c1ccccc1)C#N)C=Cc1cc2C(c3c(-c2cc1)ccc(c3)C=C*)(CCCCCC)CCCCCC,400.0
*c1ccc2n(c3c(c2c1)cc(cc3)C=Cc1nc(c(c(c1C#N)C=Cc1ccc(cc1)N(c1ccccc1)c1ccccc1)C#N)C=C*)CCCCCC,263.0
*c1nc(c(c(c1C#N)C=Cc1ccc(cc1)N(c1ccccc1)c1ccccc1)C#N)C=Cc1c(cc(c(c1)CCCCCCCCCCCCCCCC)C=C*)CCCCCCCCCCCCCCCC,360.0
*c1ccc2n(c3c(c2c1)cc(cc3)C=NN(c1ccc(cc1)S(=O)(=O)c1ccc(cc1)N(N=C*)CCCC)CCCC)CC,323.0
*c1ccc2n(c3c(c2c1)cc(cc3)C=NN(c1ccc(cc1)S(=O)(=O)c1ccc(cc1)N(N=C*)CCCC)CCCC)CC(CCCC)CC,325.0
*N=Nc1ccc(cc1)Nc1ccc(cc1)C(=O)c1ccc(cc1)Nc1ccc(cc1)*,489.0
*c1ccc2n(c3c(c2c1)cc(cc3)Nc1ccc(cc1)C(=O)c1ccc(cc1)N*)CC(CCCC)CC,496.0
*c1cc2n(c3c(c2cc1)ccc(c3)C#CC#C*)CCCCCCCCCCCCCCCC,445.0
*c1ccc2n(c3c(c2c1)cc(cc3)C#CC#C*)CCCCCCCCCCCCCCCC,335.0
*c1c2n(c3c(c2cc(c1)C(C)(C)C)cc(cc3C#CC#C*)C(C)(C)C)CCCCCCCCCCCCCCCC,375.0
*c1c2n(c3c(c2cc(c1)C(C)(C)C)cc(cc3C#C*)C(C)(C)C)CCCCCCCCCCCCCCCC,320.0
*c1c2n(c3c(c2cc(c1)C(C)(C)C)cc(cc3*)C(C)(C)C)CCCCCCCCCCCCCCCC,234.0
*N(CC*)C(=O)c1c(cccc1)F,347.0
*N(CC*)C(=O)c1cc(ccc1)F,344.0
*N(CC*)C(=O)c1ccc(cc1)F,333.0
*N(CC*)C(=O)c1cc(cc(c1)F)F,338.0
*N(CC*)C(=O)c1c(cccc1F)F,292.0
*N(CC*)C(=O)c1cc(c(cc1)F)F,325.0
*N(CC*)C(=O)c1c(c(ccc1)F)F,352.0
*N(CC*)C(=O)c1c(ccc(c1)F)F,350.0
*N(CC*)C(=O)c1c(cc(cc1)F)F,338.0
*N(CC*)C(=O)c1c(cc(cc1F)F)F,372.0
*N(CC*)C(=O)c1c(cc(c(c1)F)F)F,346.0
*N(CC*)C(=O)c1c(ccc(c1F)F)F,303.0
*N(CC*)C(=O)c1c(c(cc(c1)F)F)F,336.0
*N(CC*)C(=O)c1c(c(c(cc1)F)F)F,333.0
*N(CC*)C(=O)c1cc(c(c(c1)F)F)F,339.0
*N(CC*)C(=O)c1c(c(c(c(c1)F)F)F)F,348.0
*N(CC*)C(=O)c1c(cc(c(c1F)F)F)F,309.0
*N(CC*)C(=O)c1c(c(cc(c1F)F)F)F,292.0
*N(CC*)C(=O)c1c(c(c(c(c1F)F)F)F)F,338.0
*c1ccc2n(c3c(c2c1)cc(cc3)Nc1ccc(cc1)c1ccc(cc1)N*)CC(CCCC)CC,495.0
*c1ccc2n(c3c(c2c1)cc(cc3)Nc1ccc(cc1)C(=O)c1ccc(cc1)C(=O)c1ccc(cc1)N*)CC(CCCC)CC,498.0
*N=Nc1ccc(cc1)Nc1ccc(cc1)C(=O)c1ccc(cc1)C(=O)c1ccc(cc1)Nc1ccc(cc1)*,474.0
*Nc1ccc(cc1)C(c1cc(ccc1)C(c1ccc(cc1)Nc1ccc(cc1)C(=O)c1ccc(cc1)C(=O)c1ccc(cc1)*)(C)C)(C)C,484.0
*Nc1ccc(cc1)Nc1ccc(cc1)C(=O)c1ccc(cc1)C(=O)c1ccc(cc1)*,494.0
*Nc1ccc(cc1)Nc1ccc(cc1)C(c1ccc(cc1)C(c1ccc(cc1)*)(c1ccccc1)O)(c1ccccc1)O,450.0
*c1cc2n(c3c(c2cc1)ccc(c3)C=C*)c1cc(c(cc1)OCCCCCCCCCC)OCCCCCCCCCC,407.0
*N(C(C*)CC)C(=O)CCCC,288.0
*N(c1ccc(cc1)c1ccc(cc1)*)c1ccc(cc1)C(F)(F)F,472.0
*N(c1ccc(cc1)c1ccc(cc1)*)c1cc(cc(c1)C(F)(F)F)C(F)(F)F,498.0
*c1ccc2n(c3c(c2c1)cc(cc3)c1ccc(cc1)[Si](c1ccc(cc1)*)(c1ccccc1)c1ccccc1)CCCCCC#N,326.0
*c1n(c(cc1)C=Cc1ccc(cc1)N(c1ccc(cc1)C=Cc1n(c(cc1)C=Cc1c(cc(c(c1)OC)C=C*)OC)CCCCCC)c1ccccc1)CCCCCC,362.0
*c1n(c(cc1)C=Cc1cc2C(c3c(-c2cc1)ccc(c3)C=Cc1n(c(cc1)C=Cc1ccc(cc1)N(c1ccc(cc1)C=C*)c1ccccc1)CCCCCC)(CC)CC)CCCCCC,369.0
*c1ccc2n(c3c(c2c1)cc(cc3)c1c2cc(ccc2c(c2cc(ccc12)C=Cc1ccc(cc1)N(CCCCCC)CCCCCC)*)C=Cc1ccc(cc1)N(CCCCCC)CCCCCC)CCCCCCCC,390.0
*c1cc2n(c3c(c2cc1)ccc(c3)c1c2cc(ccc2c(c2cc(ccc12)C=Cc1ccc(cc1)N(CCCCCC)CCCCCC)*)C=Cc1ccc(cc1)N(CCCCCC)CCCCCC)CCCCCCCC,390.0
*c1nc2c(n1c1ccc(cc1)S(=O)(=O)c1ccc(cc1)n1c(nc3c1cccc3)c1ccc(cc1)S(=O)(=O)c1ccc(cc1)*)cccc2,521.0
*c1nc2c(n1c1ccc(cc1)S(=O)(=O)c1ccc(cc1)n1c(nc3c1cccc3)c1ccc(cc1)C(=O)c1ccc(cc1)*)cccc2,491.0
*c1nc2c(n1c1ccc(cc1)S(=O)(=O)c1ccc(cc1)n1c(nc3c1ccc(c3)C)c1ccc(cc1)S(=O)(=O)c1ccc(cc1)*)ccc(c2)C,453.0
*c1nc2c(n1c1ccc(cc1)S(=O)(=O)c1ccc(cc1)n1c(nc3c1ccc(c3)C)c1ccc(cc1)C(=O)c1ccc(cc1)*)ccc(c2)C,480.0
*n1c(nc2c1cccc2)c1ccc(cc1)S(=O)(=O)c1ccc(cc1)c1nc2c(n1c1ccc(cc1)C(=O)c1ccc(cc1)*)cccc2,479.0
*c1nc2c(n1c1ccc(cc1)C(=O)c1ccc(cc1)n1c(nc3c1cccc3)c1ccc(cc1)C(=O)c1ccc(cc1)*)cccc2,491.0
*n1c(nc2c1ccc(c2)C)c1ccc(cc1)S(=O)(=O)c1ccc(cc1)c1nc2c(n1c1ccc(cc1)C(=O)c1ccc(cc1)*)ccc(c2)C,463.0
*c1nc2c(n1c1ccc(cc1)C(=O)c1ccc(cc1)n1c(nc3c1ccc(c3)C)c1ccc(cc1)C(=O)c1ccc(cc1)*)ccc(c2)C,457.0
*O[Si](CC[Si](Oc1c(cc(cc1C)c1cc(c(c(c1)C)*)C)C)(C)C)(C)C,335.0
*O[Si](c1ccc(cc1)[Si](Oc1c(cc(cc1C)c1cc(c(c(c1)C)*)C)C)(C)C)(C)C,365.0
*[Si](C*)(c1ccccc1)C,480.0
*[SiH](c1ccc(cc1)*)C,550.0
*[SiH2]c1ccc(cc1)*,355.0
*[Si](C#Cc1cc(ccc1)C#C*)(c1ccccc1)c1ccccc1,547.0
*O[Si](*)(CCCOc1ccc(cc1)C(=O)OC1CC2=CCC3C(CCC4(C(CCC34)C(CCCC(C)C)C)C)C2(CC1)C)C,328.035
*O[Si](*)(CCCOc1c(cc(cc1)C(=O)OC1CC2=CCC3C(CCC4(C(CCC34)C(CCCC(C)C)C)C)C2(CC1)C)S(=O)(=O)O[K])C,319.5
*O[Si](c1ccc(cc1)[Si](*)(c1ccccc1)c1ccccc1)(c1ccccc1)c1ccccc1,500.4
*O[Si](c1ccc(cc1)c1ccc(cc1)[Si](*)(c1ccccc1)c1ccccc1)(c1ccccc1)c1ccccc1,482.6666667
*O[Si](c1ccc(cc1)c1ccc(cc1)[Si](*)(C)C)(C)C,517.0
*O[Si](c1c2c(c(cc1)[Si](*)(C)C)cccc2)(C)C,488.0
*O[Si](c1c2c(ccc1)c(ccc2)[Si](*)(C)C)(C)C,480.0
*O[Si](c1cc2c(cc1)cc(cc2)[Si](*)(C)C)(C)C,442.0
*O[Si](c1cc2c(cc1)ccc(c2)[Si](*)(C)C)(C)C,396.0
*O[Si](c1cc2cc3c(cc2cc1)cc(cc3)[Si](*)(C)C)(C)C,436.0
*O[Si](c1c2ccccc2c(c2ccccc12)[Si](*)(C)C)(C)C,389.0
*O[Si](c1c2ccc3c(c2ccc1)cccc3[Si](*)(C)C)(C)C,500.0
*O[Si](c1c2ccc3ccc(c4ccc(cc1)c2c34)[Si](*)(C)C)(C)C,387.0
*[Si](C#Cc1cc(ccc1)C#C*)(C)C,636.0
*O[Si](C#Cc1ccc(cc1)C#C[Si](*)(C)C)(C)C,539.0
*O[Si](O[Si](C#Cc1ccc(cc1)C#C[Si](*)(C)C)(C)C)(C)C,532.0
*O[Si](O[Si](O[Si](C#Cc1ccc(cc1)C#C[Si](*)(C)C)(C)C)(C)C)(C)C,563.5
*O[Si](O[Si](O[Si](O[Si](C#Cc1ccc(cc1)C#C[Si](*)(C)C)(C)C)(C)C)(C)C)(C)C,595.0
*O[Si](O[Si](O[Si](O[Si](O[Si](C#Cc1ccc(cc1)C#C[Si](*)(C)C)(C)C)(C)C)(C)C)(C)C)(C)C,596.0
*O[Si](O[Si](CCCCCCC=CCCCCCC[Si](*)(C)C)(C)C)(C)C,290.0
*O[Si](O[Si](*)(c1sc(cc1)c1sc(cc1)c1sc(cc1)C)C)(CCCN1C(=O)c2cc(c3c4c(cc5C(=O)N(C(=O)c6cc(c(c7c(cc(C1=O)c2c37)Cl)c4c56)Cl)CCCCCCCC)Cl)Cl)C,379.0
*c1ccc(cc1)c1ccc(cc1)C(=O)*,560.0
*c1ccc(cc1)c1c(cc(c(c1)OCCCCCC)c1ccc(cc1)C=C1C(=O)C(=C*)CCC1)OCCCCCC,406.0
*S(=O)(=O)C(C*)CC,195.0
*OS(=O)(=O)c1c(ccc(c1)S(=O)(=O)Oc1ccc(cc1)C1(CCCC1)c1ccc(cc1)*)C,380.0
*OS(=O)(=O)c1c(ccc(c1)S(=O)(=O)Oc1c(cc(cc1)C1(CCCCC1)c1cc(c(cc1)*)C)C)C,340.0
*c1cc(cc(c1)C12CC3CC(CC(C1)C3)C2)*,370.0
*c1cc(cc(c1)c1oc2c(n1)cccc2)*,600.0
*c1c(ccc(c1)*)c1oc2c(n1)cccc2,570.0
*c1c(ccc(c1)*)c1oc2c(n1)cc(cc2)C,530.0
*c1ccc(cc1)c1ccc(cc1)C(=Nc1ccccc1)*,558.0
*c1c(cc(cc1)*)C(=O)c1ccccc1,506.0
*c1ccc(cc1)c1ccc(cc1)C(*)(C(F)(F)F)C(F)(F)F,482.5
*c1c(c(cc(c1)C(c1ccc(cc1)O)(C)C)*)O,348.0
*c1c(cc(cc1)C=C*)OCc1cc(cc(c1)OCC(CCCC)CC)OCCC(CCCC(C)C)C,340.0
*c1c(cc(cc1)C=C*)OCc1cc(cc(c1)OCc1cc(cc(c1)OCC(CCCC)CC)OCC(CCCC)CC)OCc1cc(cc(c1)OCCC(CCCC(C)C)C)OCCC(CCCC(C)C)C,358.0
*c1c(cc(cc1)C=C*)c1c(cc(c(c1)OCCC(C)C)OCCC(C)C)c1ccc(cc1)OC,429.0
*c1c(cc(cc1)C=C*)c1c(cc(c(c1)OCCC(C)C)OCCC(C)C)c1ccc(cc1)C(F)(F)F,405.0
*c1c(cc(cc1)C=C*)c1c(cc(c(c1)OCCC(C)C)OCCC(C)C)c1ccc(cc1)F,407.0
*c1c(cc(cc1)C=C*)c1c(cc(c(c1)OCCC(C)C)OCCC(C)C)c1ccccc1,399.0
*c1ccc(cc1)c1ccc(cc1)C1(CCCCC1)*,427.5
*c1ccc(cc1)c1ccc(cc1)C(*)(C)C,489.0
*C1(c2ccccc2-c2ccccc12)c1ccc(cc1)c1ccc(cc1)*,421.0
*c1cc2C(c3c(-c2cc1)ccc(c3)c1ccc(cc1)*)(CCCCCC)CCCCCC,413.0
*c1cc2C(c3c(-c2cc1)ccc(c3)C=Cc1ccc(cc1)C=C*)(CCCCCCOc1ccc2c(c1)oc(=O)cc2)CCCCCCOc1ccc2c(c1)oc(=O)cc2,379.0
*c1cc2C(c3c(-c2cc1)ccc(c3)c1c(cc(c(c1)OCCCCCCCC)*)OCCCCCCCC)(CCCCCC)CCCCCC,393.0
*c1cc2C(c3c(-c2cc1)ccc(c3)c1c(cc(c(c1)OCc1ccccc1)*)OCc1ccccc1)(CCCCCC)CCCCCC,309.0
*c1c(cc(c(c1)c1cc(c(cc1)F)C(F)(F)F)C=C*)OCC(CCCC)CC,210.0
*c1c(cc(c(c1)OCCO)C#Cc1c(cc(c(c1)OCC(CCCC)CC)C#C*)OCC(CCCC)CC)OCCO,310.0
*c1c(cc(c(c1)OCCNCCN)C#Cc1c(cc(c(c1)OCC(CCCC)CC)C#C*)OCC(CCCC)CC)OCCNCCN,183.0
*c1c(cc(c(c1)OCCNCCCC)C#Cc1c(cc(c(c1)OCC(CCCC)CC)C#C*)OCC(CCCC)CC)OCCNCCCC,278.0
*c1c(cc(c(c1)OCCNCCCCCO)C#Cc1c(cc(c(c1)OCC(CCCC)CC)C#C*)OCC(CCCC)CC)OCCNCCCCCO,278.0
*c1c(cc(c(c1)OCCN(CC)CC)C#Cc1c(cc(c(c1)OCC(CCCC)CC)C#C*)OCC(CCCC)CC)OCCN(CC)CC,260.0
*c1c(cc(c(c1)OCCN(CCO)CC)C#Cc1c(cc(c(c1)OCC(CCCC)CC)C#C*)OCC(CCCC)CC)OCCN(CCO)CC,274.0
*c1c(cc(c(c1)OCCN(CCO)CCO)C#Cc1c(cc(c(c1)OCC(CCCC)CC)C#C*)OCC(CCCC)CC)OCCN(CCO)CCO,297.0
