SMILES,Tg
*C*,-63.48
*C(C*)C,-2.73
*C(C*)CC,-22.54
*C(C*)CCC,-32.29
*C(C*)C(C)C,10.97
*C(C*)CCCC,-49.86
*C(C*)CC(C)C,45.5
*C(C*)CCCCC,-45.5
*C(C*)CCCCCCC,-47.0
*C(C*)CCCCCCCC,-35.0
*C(C*)(C)C,-65.41
*C(C*)(CC)C,-5.0
*C(CC*)(C)C,10.97
*C(C(C*)C)(C)C,37.0
*C(CCC*)(C)C,45.5
*C(CCC*)(CC)C,-23.0
*C(CCCCCCC*)C,-58.0
*C(C*)C1CCCC1,75.0
*C(C*)CC1CCCC1,60.0
*C(C*)C1CCCCC1,117.68
*C(C*)CC1CCCCC1,75.0
*C(C*)Cc1ccccc1,63.33
*C(C*)CCc1ccccc1,17.5
*C(C*)CCCCCC,-56.48
*C(C*)CCCCCCCCCC,-73.33
*C(C*)CCCCCCCCCCCC,10.0
*C(C*)CCCCCCCCCCCCCCCC,-25.33
*C(C*)CC(C)(C)C,190.0
*C(C*)CCC1CCCCC1,40.0
*C(C*)(CCC)C,27.0
*C=CCCC*,-101.57
*C=CCC*,-89.57
*C(C(CC*)C)C,-32.0
*C(C*)CCCCCCCCCCCCCC,-24.0
*C=CCCCCCC*,-86.5
*C(C*)C1CC(CCC1)C,141.0
*C(C*)C1CCC(CC1)C,132.0
*C(=CCC*)CCCCCCC,-83.0
*C(=CCC*)C(C)C,-47.0
*C1CC(CC1)C=C*,39.97
*C=CCCCCCCCCCC*,-53.0
*C=C*,-25.5
*C1(CCCCC1)C*,100.0
*C(C*)c1ccccc1,92.74
*C(C*)c1c(cccc1)C,124.17
*C(C*)c1c(cccc1)COC,89.0
*C(C*)c1c(cccc1)COCC,74.0
*C(C*)c1c(cccc1)COCCC,97.0
*C(C*)c1c(cccc1)COC(C)C,88.0
*C(C*)c1c(cccc1)COCCCC,67.0
*C(C*)c1c(cccc1)COCCCCC,47.0
*C(C*)c1c(cccc1)COCCC(C)C,78.0
*C(C*)c1c(cccc1)COCc1ccccc1,72.0
*C(C*)c1c(cccc1)COCCc1ccccc1,63.0
*C(C*)c1c(cccc1)C(=O)NC,189.0
*C(C*)c1c(cccc1)C(=O)N(C)C,190.0
*C(C*)c1c(cccc1)C(=O)Nc1ccccc1,191.0
*C(C*)c1c(cccc1)C(=O)O,177.0
*C(C*)c1c(cccc1)C(=O)OC,130.0
*C(C*)c1c(cccc1)C(=O)OCC,118.0
*C(C*)c1c(cccc1)C(=O)OCCC,108.0
*C(C*)c1c(cccc1)C(=O)OC(C)C,146.0
*C(C*)c1c(cccc1)C(=O)OCCCC,66.0
*C(C*)c1c(cccc1)C(=O)OCC(C)C,127.0
*C(C*)c1c(cccc1)C(=O)OCCCCC,92.0
*C(C*)c1c(cccc1)C(=O)OCCC(C)C,68.0
*C(C*)c1c(cccc1)C(=O)OCCCCCC,45.0
*C(C*)c1c(cccc1)C(=O)Oc1ccccc1,124.0
*C(C*)c1c(cccc1)C(=O)OCCN(C)C,69.0
*C(C*)c1ccc(cc1)C(=O)OCCN(C)C,91.0
*C(C*)c1c(cccc1)Cl,112.63
*C(C*)c1cc(ccc1)C,74.83
*C(C*)c1cc(ccc1)Cl,87.25
*C(C*)c1cc(ccc1)F,86.0
*C(C*)c1ccc(cc1)C,103.07
*C(C*)c1ccc(cc1)CC,50.47
*C(C*)c1ccc(cc1)C(C)C,62.4
*C(C*)c1ccc(cc1)CCCC,14.4
*C(C*)c1ccc(cc1)C(C)(C)C,134.63
*C(C*)c1ccc(cc1)CCCCCC,-27.0
*C(C*)c1ccc(cc1)CCCCCCCC,-45.0
*C(C*)c1ccc(cc1)CCCCCCCCC,-53.0
*C(C*)c1ccc(cc1)CCCCCCCCCC,-65.0
*C(C*)c1ccc(cc1)CCCCCCCCCCCC,-52.0
*C(C*)c1ccc(cc1)CCCCCCCCCCCCCC,-36.0
*C(C*)c1ccc(cc1)CCCCCCCCCCCCCCCC,4.5
*C(C*)c1ccc(cc1)CCCCCCCCCCCCCCCCCC,32.0
*C(C*)c1ccc(cc1)c1ccccc1,161.0
*C(C*)c1ccc(cc1)COCCOCC,0.0
*C(C*)c1ccc(cc1)C#N,180.0
*C(C*)c1ccc(cc1)Cl,119.38
*C(C*)c1ccc(cc1)Br,132.66
*C(C*)c1ccc(cc1)C(C(C(C(C(C(C(F)(F)F)(F)F)(F)F)(F)F)(F)F)(F)F)(F)F,42.0
*C(C*)c1ccc(cc1)C(=NO)C,134.0
*C(C*)c1ccc(cc1)C(O)(C)C,165.0
*C(C*)c1ccc(cc1)C(CC)(O)C,186.0
*C(C*)c1ccc(cc1)C(CCC)(O)C,130.0
*C(C*)c1ccc(cc1)C(CCCC)(O)C,82.5
*C(C*)c1ccc(cc1)C(CCCCC)(O)C,92.5
*C(C*)c1ccc(cc1)C(CCN(C)C)O,43.0
*C(C*)c1ccc(cc1)C(CCN1CCCCC1)O,54.0
*C(C*)c1ccc(cc1)C(CCN1CCOCC1)O,50.0
*C(C*)c1ccc(cc1)COC,77.0
*C(C*)c1ccc(cc1)COCCO,46.0
*C(C*)c1ccc(cc1)COCCC,22.0
*C(C*)c1ccc(cc1)COCCCC,10.0
*C(C*)c1ccc(cc1)COCCCCO,20.0
*C(C*)c1ccc(cc1)COC(CC)C,40.0
*C(C*)c1ccc(cc1)COCCCCCC,-20.0
*C(C*)c1ccc(cc1)COCCOCCCC,-38.0
*C(C*)c1ccc(cc1)C(=O)N(C)C,125.0
*C(C*)c1ccc(cc1)C(=O)N(CC)CC,102.0
*C(C*)c1ccc(cc1)C(=O)N1CCCCC1,114.0
*C(C*)c1ccc(cc1)C(=O)CCN1CCCCC1,38.0
*C(C*)c1ccc(cc1)C(=O)N1CCOCC1,127.0
*C(C*)c1ccc(cc1)C(=O)OC,122.0
*C(C*)c1ccc(cc1)C(=O)OCC,94.0
*C(C*)c1ccc(cc1)C(=O)OCCC,92.0
*C(C*)c1ccc(cc1)C(=O)OC(C)C,95.0
*C(C*)c1ccc(cc1)C(=O)OCCCC,76.0
*C(C*)c1ccc(cc1)C(=O)OCC(C)C,90.0
*C(C*)c1ccc(cc1)C(=O)OCCCCCC,66.0
*C(C*)c1ccc(cc1)C(=O)CC,102.0
*C(C*)c1ccc(cc1)C(=O)CCC,74.0
*C(C*)c1ccc(cc1)C(=O)CCCC,70.0
*C(C*)c1ccc(cc1)C(=O)CCCCC,66.0
*C(C*)c1ccc(cc1)C(=O)CCCCCCC,50.0
*C(C*)c1ccc(cc1)C(=O)Cc1ccccc1,78.0
*C(C*)c1ccc(cc1)C(=O)c1ccccc1,98.0
*C(C*)c1ccc(cc1)C(=O)c1ccc(cc1)C,99.0
*C(C*)c1ccc(cc1)F,98.23
*C(C*)c1ccc(cc1)I,155.0
*C(C*)c1ccc(cc1)OC,101.33
*C(C*)c1ccc(cc1)OCC,86.0
*C(C*)c1ccc(cc1)OCCC,70.0
*C(C*)c1ccc(cc1)OCCCC,52.0
*C(C*)c1ccc(cc1)OCCC(C)C,57.0
*C(C*)c1ccc(cc1)Oc1ccccc1,85.0
*C(C*)c1ccc(cc1)S(=O)(=O)OCCC,217.0
*C(C*)c1ccc(cc1)[Si](C)(C)C,136.0
*C(C*)c1c(cccc1Cl)Cl,165.0
*C(C*)c1c(cc(cc1)C)C,98.83
*C(C*)c1c(cc(cc1)Cl)C,145.0
*C(C*)c1c(cc(cc1)Cl)Cl,135.0
*C(C*)c1c(ccc(c1)C)C,143.0
*C(C*)c1c(ccc(c1)C(C)(C)C)C,87.0
*C(C*)c1c(ccc(c1)Cl)Cl,108.0
*C(C*)c1c(ccc(c1)Br)OCCCC,47.0
*C(C*)c1c(ccc(c1)Br)OCC,80.0
*C(C*)c1c(ccc(c1)Br)OC,86.0
*C(C*)c1c(ccc(c1)Br)OCCC,54.0
*C(C*)c1c(ccc(c1)Br)OC(C)C,35.0
*C(C*)c1c(ccc(c1)Br)OCCCCC,49.0
*C(C*)c1c(ccc(c1)Br)OCCC(C)C,37.0
*C(C*)c1cc(cc(c1)C)C,104.5
*C(C*)c1cc(c(cc1)C)C,106.0
*C(C*)c1cc(c(cc1)Cl)C,114.0
*C(C*)c1cc(c(cc1)Cl)Cl,128.0
*C(C*)c1cc(c(cc1)Cl)F,122.0
*C(C*)c1c(cc(cc1C)C)C,126.0
*C(C*)c1c(cc(c(c1)C)C)C,104.0
*C(C*)c1c(c(c(c(c1F)F)F)F)F,102.15
*C(C*)(c1ccccc1)C,148.8
*C(C*)(c1ccc(cc1)C(C)C)C,134.91
*C(C(*)(F)F)(c1ccccc1)F,203.33
*C(C(*)(F)F)(c1c(c(c(c(c1F)F)F)F)F)F,194.0
*C(C*)c1c2c(ccc1)cccc2,159.0
*C(C*)c1ccc(cc1)C(=O)C,115.5
*C(C*)c1ccc(cc1)C(=O)CCN1CCOCC1,41.0
*C(C*)(C(=O)OC)c1ccccc1,121.0
*C(C*)(c1ccc(cc1)C)C,175.4
*C(C*)c1ccc(cc1)C(=O)C(F)(F)F,95.0
*C(C*)c1ccc(cc1)C(=O)c1ccc(cc1)OC,103.0
*C(C*)c1ccc(cc1)B(O[Si](C)(C)C)O[Si](C)(C)C,84.0
*C(C*)c1cc(ccc1)B(O[Si](C)(C)C)O[Si](C)(C)C,35.0
*C(C*)c1cc2c(cc1)cccc2,141.83
*C(C*)c1ccncc1,160.66
*C(C*)c1nc(ccc1)C,92.0
*C(C*)c1ccc(nc1)C,132.25
*C(C*)n1nc2c(c1)cccc2,41.5
*C(C(C(C*)c1ncccc1)c1ccccc1)c1ncccc1,150.0
*C(C*)c1ccc(cc1)O,161.43
*C(C*)c1ccc(cc1)OC(=O)C,114.44
*C(C*)c1ccc(cc1)CCC,46.75
*C(C*)c1ccc(cc1)COCC(CCCC)CC,-23.0
*C(C*)c1ccc(cc1)COCCOCCCCCCCC,-42.0
*C(C(*)(c1c(c(c(c(c1[2H])[2H])[2H])[2H])[2H])[2H])([2H])[2H],86.29
*C(C*)O,76.98
*C(C*)C(=O)C,83.33
*C(C*)C#N,93.96
*C(C*)(C#N)C,71.75
*C(C*)c1ncccc1,98.28
*C(C*)n1c2ccccc2c2ccccc12,210.47
*C(C*)C[Si](C)(C)C,114.0
*C(C*)OC,-24.96
*C(C*)OCC,-37.29
*C(C*)OCCCC,-50.0
*C(C*)OCCCCC,-66.0
*C(C*)OCCCCCC,-75.5
*C(C*)OCCCCCCCCCC,-62.0
*C(C*)OC(=O)C,34.27
*C(C*)OC(=O)CC,11.27
*C(C*)OC(=O)c1ccccc1,70.29
*C(C*)OCC(C)C,-21.51
*C(C*)O[N+](=O)[O-],34.5
*C=CC(C(*)C(=O)OC)C,53.0
*C#CC(=C(*)COS(=O)(=O)c1ccc(cc1)C)COS(=O)(=O)c1ccc(cc1)C,-73.0
*C(C*)CC[Si](C)(C)C,132.0
*C(C*)OC=O,34.25
*C(C*)OC(C)C,-7.5
*C(C*)(OC)C,67.0
*C(C*)OC(CC)C,-26.0
*C(C*)OC(=O)C(F)(F)F,52.4
*C1(CC(C1)*)C#N,220.0
*C(C*)Cc1cc(ccc1)C,38.75
*C(C*)Cc1c(cccc1)C,80.0
*C(C*)Cc1ccc(cc1)C,62.5
*C(C*)OC(=O)c1ccc(cc1)C(C)(C)C,116.8
*C=CC(C*)OC,-10.5
*C(=CCC*)c1ccccc1,36.62
*C(*)O,137.0
*C(C*)OCC(CCCC)CC,-66.0
*C(C*)SCCCC,-20.0
*C(C*)SCC,-7.0
*C(C(*)(F)F)(OC(C(C(C(F)(F)F)(F)F)(F)F)(F)F)F,-10.0
*C(C(*)(F)F)(OC(C(F)(F)F)(F)F)F,29.0
*C(C(*)(F)F)(OC(F)(F)F)OC(F)(F)F,-60.0
*C(C(*)(F)F)OC(F)(F)F,-10.0
*C(C(*)F)(OC(F)(F)F)F,-10.0
*C(C(*)(F)F)(OC(F)(F)F)F,-5.0
*C(C*)OCC(CC)(C)C,9.0
*C(C*)SC,-1.0
*C(C*)OCCCCCCCC,-79.75
*C(C*)(C(=O)C)F,142.0
*C(C*)C(=O)c1ccccc1,57.25
*C(C*)C(=O)c1cc(c(cc1)Br)OC,44.0
*C(C*)C(=O)c1ccc(cc1)C(C)(C)C,103.5
*C(C*)C(=O)c1ccc(cc1)Cl,63.0
*C(C*)C(=O)c1ccc(cc1)CC,49.25
*C(C*)C(=O)c1ccc(cc1)C(C)C,62.5
*C(C*)C(=O)c1ccc(cc1)OC,46.0
*C(C*)C(=O)c1cc(c(cc1)C)C,42.0
*C(C*)C(=O)c1ccc(cc1)CCC,44.0
*C(C*)C(=O)c1ccc(cc1)C,59.5
*C(C*)OC(=O)c1c(cccc1)OC(=O)C,59.5
*C(C*)OC(=O)c1ccc(cc1)OC(=O)C,76.0
*C(C*)OC(=O)CCCC(=O)c1ccccc1,45.0
*C(C*)OC(=O)c1cc(ccc1)Br,57.5
*C(C*)OC(=O)c1ccc(cc1)Br,85.5
*C(C*)OC(=O)c1ccc(cc1)OC(=O)CCC,61.0
*C(C*)OC(=O)c1c(cccc1)Cl,55.75
*C(C*)OC(=O)c1cc(ccc1)Cl,61.75
*C(C*)OC(=O)c1ccc(cc1)Cl,70.25
*C(C*)OC(=O)C1CCCCC1,58.88
*C(C*)OC(=O)CC1CCCCC1,25.0
*C(C*)OC(=O)CCCC1CCCCC1,-10.0
*C(C*)OC(=O)c1ccc(cc1)OCC,70.0
*C(C*)OC(=O)c1ccc(cc1)CC,54.72
*C(C*)OC(=O)C(C(C)(C)C)(CC)C,115.0
*C(C*)OC(=O)C(C(C(F)(F)F)(F)F)(F)F,27.0
*C(C*)OC(=O)C1(C(C(C(C(C1(F)F)(F)F)(F)F)(F)F)(F)F)F,54.0
*C(C*)NC(=O)OC(C)(C)C,120.0
*C(C*)OC(=O)C(C(C(C(C(C(C(C(C(F)(F)F)(F)F)(F)F)(F)F)(F)F)(F)F)(F)F)(F)F)(F)F,-19.0
*C(C*)OC(=O)C(C(C(C(C(F)(F)F)(F)F)(F)F)(F)F)(F)F,-9.0
*C(C*)OC(=O)C(C(C(C(C(C(C(F)(F)F)(F)F)(F)F)(F)F)(F)F)(F)F)(F)F,-12.5
*C(C*)OC(=O)C(C(F)(F)F)(F)F,42.0
*C(C*)OC(=O)C(C(C(C(F)(F)F)(F)F)(F)F)(F)F,17.5
*C(C*)OC(=O)c1ccncc1,98.5
*C(C*)OC(=O)c1ccc(cc1)C(C)C,65.65
*C(C*)OC(=O)C(C(C)C)(C(C)C)C,120.0
*C(C*)OC(=O)c1c(cccc1)OC,65.0
*C(C*)OC(=O)c1cc(ccc1)OC,44.0
*C(C*)OC(=O)c1ccc(cc1)OC,73.83
*C(C*)OC(=O)c1c(cccc1)C,42.5
*C(C*)OC(=O)c1cc(ccc1)C,49.0
*C(C*)OC(=O)c1ccc(cc1)C,66.75
*C(C*)OC(=O)CC(c1ccccc1)(C)C,20.0
*C(C*)OC(=O)c1cc(ccc1)[Si](C)(C)C,80.0
*C(C*)OC(=O)c1ccc(cc1)[Si](C)(C)C,125.25
*C(C*)OC(=O)C(CCC)(C)C,10.0
*C(C*)OC(=O)C(C(CC)(C)C)(C)C,90.0
*C(C*)OC(=O)C(C(C(C)C)C)(C)C,50.0
*C(C*)OC(=O)C(CC(C)(C)C)(C)C,55.0
*C(C*)OC(=O)c1cnccc1,86.5
*C(C*)OC(=O)c1cc(ccc1)[N+](=O)[O-],93.0
*C(C*)OC(=O)c1ccc(cc1)[N+](=O)[O-],122.0
*C(C*)OC(=O)c1ccc(cc1)c1ccccc1,84.5
*C(C*)OC(=O)C(C)(C)C,86.0
*C(C*)OC(=O)c1ccc(cc1)OC(=O)CC,71.5
*C(C*)OC(=O)CCCC(=O)c1ccc(cc1)C,40.0
*C(C*)C1=NC(C(=O)O1)(C)C,92.0
*C(C*)(C1=NC(C(=O)O1)(C)C)C,165.0
*C(C*)OC(=O)CCC,-10.1
*C(C*)OC(C(F)(F)F)(C(F)(F)F)F,60.0
*C(C*)OC(=O)CCl,18.99
*C(C*)c1sccc1,71.0
*C(C*)(CC(=O)OCCCCCCC)C(=O)OCCCCCCC,-23.67
*C(C*)OC(=O)C1CCCC1,36.0
*C(C*)OC(=O)C1(CCCCC1)C,86.0
*C(C*)P(=O)(c1ccccc1)c1ccccc1,127.5
*C(C*)P(=O)(OCC)N(C)C,32.0
*C(C*)P(=O)(N(C)C)Oc1ccccc1,27.0
*C(C*)c1nc(nc(n1)C)C,70.0
*C1c2c(CC1*)cccc2,200.0
*C(=C(*)C)c1ccccc1,200.0
*C1C(=O)OC(=O)C1C(C*)OC,170.2
*C(C(C(C*)OC)C(=O)O)C(=O)O,134.67
*C(=CCCC*)c1ccc(cc1)OC,11.0
*C(=CCCC*)c1ccccc1,0.0
*C(=CCCC*)c1ccc(cc1)Cl,16.0
*C(=C(*)C)[Si](C)(C)C,198.3
*C(C*)CNc1ccc(cc1)[N+](=O)[O-],140.25
*C(C*)CNc1ncc(cc1)[N+](=O)[O-],151.0
*C(C*)CNc1c(cc(cc1)[N+](=O)[O-])C,151.0
*C(C*)CNc1cc(c(cc1)[N+](=O)[O-])C(F)(F)F,153.0
*C(C*)CNc1c(cc(cc1)[N+](=O)[O-])[N+](=O)[O-],160.0
*C1C(C(C(C1)C*)OC(=O)CCCCCCCCCCOc1ccc(cc1)c1ccc(cc1)C#N)OC(=O)CCCCCCCCCCOc1ccc(cc1)c1ccc(cc1)C#N,14.5
*C1C(CC(C1)C*)OC(=O)CCCCCCCCCCOc1ccc(cc1)c1ccc(cc1)C#N,30.5
*C1C(CC(C1)OC(=O)CCCCCCCCCCOc1ccc(cc1)c1ccc(cc1)C#N)CC*,24.0
*C(C*)n1cncc1,167.93
*C(C(*)(F)F)(OC(C(F)F)F)F,35.0
*C(C*)C(=O)c1ccc(cc1)Br,101.5
*C(C*)OC(=O)CC1CCCC1,-3.0
*C(C*)N1C(=O)CCC1,143.16
*C1C(C2C(C1)C(C(C2)CC*)OC(=O)CCCCCCCCCCOc1ccc(cc1)c1ccc(cc1)C#N)OC(=O)CCCCCCCCCCOc1ccc(cc1)c1ccc(cc1)C#N,23.5
*C(C*)C(=O)O,112.62
*C(C*)C(=O)OC,10.78
*C(C*)C(=O)OCC,-9.27
*C(C*)C(=O)OCCC,-41.5
*C(C*)C(=O)OC(C)C,-8.38
*C(C*)C(=O)OCCCC,-31.07
*C(C*)C(=O)OCC(C)C,25.0
*C(C*)C(=O)OC(CC)C,-20.4
*C(C*)C(=O)OC(C)(C)C,40.66
*C(C*)C(=O)OCCCCCC,-57.0
*C(C*)C(=O)OCCCCCCC,-60.0
*C(C*)C(=O)OCCCCCCCC,-65.0
*C(C*)C(=O)OCCCCCCCCCCCCCCCCCC,-42.5
*C(C*)C(=O)OC1C2(CCC(C1)C2(C)C)C,98.6
*C(C*)C(=O)OCC(F)(F)F,0.97
*C(C*)C(=O)OCC(C(F)(F)F)(F)F,-26.0
*C(C*)C(=O)OC(C(F)(F)F)C(F)(F)F,24.06
*C(C*)C(=O)OC(C(F)(F)F)(C(F)(F)F)F,7.5
*C(C*)C(=O)OCC(C(F)C(F)(F)F)(F)F,-22.0
*C(C*)C(=O)OCC(C(C(F)(F)F)(F)F)(F)F,-30.0
*C(C*)C(=O)OCC(C(C(C(F)(F)F)(F)F)(F)F)(F)F,-37.0
*C(C*)C(=O)OCC(C(C(C(C(F)(F)F)(F)F)(F)F)(F)F)(F)F,-39.0
*C(C*)C(=O)OCC(C(C(C(C(C(C(F)(F)F)(F)F)(F)F)(F)F)(F)F)(F)F)(F)F,-17.0
*C(C*)C(=O)OCCOC,-41.67
*C(C*)C(=O)OCCOCC,-50.0
*C(C*)C(=O)OCCCOC,-66.5
*C(C*)C(=O)OCCCOCC,-61.5
*C(C*)C(=O)OCCOCC(F)(F)F,-38.0
*C(C*)C(=O)OCCOC(C(F)F)(F)F,-22.0
*C(C*)C(=O)OCCOCC(C(C(F)(F)F)(F)F)(F)F,-45.0
*C(C*)C(=O)OCC(C(OC(F)(F)F)(F)F)(F)F,-55.0
*C(C*)C(=O)OCC(C(OC(C(F)(F)F)(F)F)(F)F)(F)F,-49.0
*C(C*)C(=O)OCC(C(OC(C(C(F)(F)F)(F)F)(F)F)(F)F)(F)F,-68.0
*C(C*)(C(=O)O)C,182.64
*C(C*)(C(=O)OC)C,103.23
*C(C*)(C(=O)OCC)C,64.96
*C(C*)(C(=O)OCCC)C,44.92
*C(C*)(C(=O)OC(C)C)C,72.71
*C(C*)(C(=O)OCCCC)C,28.5
*C(C*)(C(=O)OC(CC)C)C,59.67
*C(C*)(C(=O)OCC(C)C)C,54.04
*C(C*)(C(=O)OC(C)(C)C)C,101.25
*C(C*)(C(=O)OCCCCCC)C,-7.25
*C(C*)(C(=O)OCCCCCCCC)C,-10.0
*C(C*)(C(=O)OCCCCCCCCCCCC)C,-44.99
*C(C*)(C(=O)OCCCCCCCCCCCCCC)C,-72.0
*C(C*)(C(=O)OCCCCCCCCCCCCCCCCCC)C,-103.33
*C(C*)(C(=O)OC1CCCCC1)C,89.76
*C(C*)(C(=O)OC1C(CCCC1)C)C,85.0
*C(C*)(C(=O)OC1CCC(CC1)C)C,109.0
*C(C*)(C(=O)OC1CC(CCC1)C)C,89.0
*C(C*)(C(=O)OC1CC(CC(C1)C)(C)C)C,125.0
*C(C*)(C(=O)Oc1ccccc1)C,111.1
*C(C*)(C(=O)OCc1ccccc1)C,57.45
*C(C*)(C(=O)OCCc1ccccc1)C,49.0
*C(C*)(C(=O)OCCF)C,90.0
*C(C*)(C(=O)OCCCl)C,62.0
*C(C*)(C(=O)OCCBr)C,52.0
*C(C*)(C(=O)OCC(F)(F)F)C,78.27
*C(C*)(C(=O)OCC(C(F)F)(F)F)C,80.0
*C(C*)(C(=O)OC(C(F)(F)F)C(F)(F)F)C,73.0
*C(C*)(C(=O)Oc1c(c(c(c(c1Cl)Cl)Cl)Cl)Cl)C,110.0
*C(C*)(C(=O)OCc1c(cccc1)Cl)C,54.1
*C(C*)(C(=O)OCCO)C,83.78
*C(C*)(C(=O)OCC1OCCC1)C,105.0
*C(C*)(C(=O)OCc1occc1)C,111.0
*C(C*)(C(=O)OCCN(C)C)C,24.75
*C(C*)(C(=O)OCCN(CC)CC)C,26.0
*C(C*)(C(=O)OC)Cl,125.0
*C(C*)(C(=O)OCC)Cl,85.31
*C(C*)C(=O)N,178.5
*C(C*)C(=O)NC(C)C,132.69
*C(C*)C(=O)OC(CC)CC,-6.0
*C(C*)C(=O)OCC(C(C(C(F)F)(F)F)(F)F)(F)F,-35.0
*C(C*)C(=O)OCC(CCCC)CC,-62.58
*C(C*)C(=O)OCCCCCCCCC,-89.0
*C(C*)C(=O)OC1CCCCC1,23.69
*C(C*)C(=O)OC1CC(CC(C1)C)(C)C,15.0
*C(C*)(C(=O)OCCCCCCCCCC)C,-64.5
*C(C*)(C(=O)OC1C2(CCC(C1)C2(C)C)C)C,149.83
*C(C*)(C(=O)OCCC)Cl,66.0
*C(C*)(C(=O)OCCCC)Cl,42.0
*C(C*)(C(=O)OC)C#N,130.0
*C(C*)C(=O)OCC(CC)C,-32.0
*C(C*)C(=O)OCC(C)(C)C,22.0
*C(C*)C(=O)OCCC#N,4.0
*C(C*)C(=O)OCF,15.0
*C(C*)C(=O)OCCOCCOC(C(F)F)(F)F,-40.0
*C(C*)C(=O)OCCSC,-60.0
*C(C*)C(=O)OCCCSC,-65.0
*C(C*)C(=O)OCCSCC,-71.0
*C(C*)C(=O)OCCCCSC,-70.0
*C(C*)C(=O)OCCCSCC,-76.0
*C(C*)C(=O)OCCSCC#N,-24.0
*C(C*)C(=O)OCCSCCC#N,-50.0
*C(C*)C(=O)OCCSCCCC#N,-58.0
*C(C*)C(=O)OCCCSCCC#N,-58.0
*C(C*)C(=O)OCCCCCCSCC#N,-59.0
*C(C*)C(=O)OC12CC3(CC(CC(C1)C3)(C2)C)C,103.43
*C(C*)C(=O)N1CCCCC1,108.0
*C(C*)C(=O)N1CCOCC1,133.0
*C(C*)C(=O)Oc1ccccc1,101.83
*C(C*)C(=O)Oc1c(cccc1)C,51.5
*C(C*)C(=O)Oc1cc(ccc1)C,24.5
*C(C*)C(=O)Oc1ccc(cc1)C,42.5
*C(C*)C(=O)Oc1c(cccc1)C(C)(C)C,72.0
*C(C*)C(=O)Oc1ccc(cc1)C(C)(C)C,71.0
*C(C*)C(=O)Oc1ccc(cc1)OC,49.67
*C(C*)C(=O)Oc1c(cccc1)C(=O)OC,46.0
*C(C*)C(=O)Oc1c(cccc1)C(=O)OCC,30.0
*C(C*)C(=O)Oc1cc(ccc1)C(=O)OC,38.0
*C(C*)C(=O)Oc1cc(ccc1)C(=O)OCC,24.0
*C(C*)C(=O)Oc1ccc(cc1)C(=O)OC,67.0
*C(C*)C(=O)Oc1ccc(cc1)C(=O)OCC,37.0
*C(C*)C(=O)Oc1ccc(cc1)C(=O)OCCCC,13.0
*C(C*)C(=O)Oc1ccc(cc1)c1ccccc1,105.0
*C(C*)C(=O)OCc1ccccc1,9.25
*C(C*)C(=O)OCCc1ccccc1,-3.0
*C(C*)C(=O)Oc1cc(ccc1)N(C)C,47.0
*C(C*)C(=O)Oc1ccc(cc1)C#N,92.0
*C(C*)C(=O)OCc1ccc(cc1)C#N,44.0
*C(C*)C(=O)Oc1c(cccc1)Cl,146.33
*C(C*)C(=O)Oc1c(cc(cc1)Cl)Cl,60.0
*C(C*)C(=O)Oc1c(c(c(c(c1Cl)Cl)Cl)Cl)Cl,145.0
*C(C*)C(=O)Oc1c2c(ccc1)cccc2,85.0
*C(C*)C(=O)N(C)C,113.45
*C(C*)C(=O)NC(C)(C)C,135.0
*C(C*)(C(=O)OCCCCC)C,6.0
*C(C*)(C(=O)OCC(CCCC)CC)C,-10.0
*C(C*)(C(=O)OCCC(C)(C)C)C,45.0
*C(C*)(C(=O)OC(C(C)(C)C)C)C,108.0
*C(C*)(C(=O)OCCC(CC(C)(C)C)C)C,1.0
*C(C*)(C(=O)OCCOC)C,22.75
*C(C*)(C(=O)OCCOCCO)C,18.12
*C(C*)(C(=O)OCC(O)C)C,72.67
*C(C*)(C(=O)OCC(CO)O)C,84.4
*C(C*)(C(=O)OCCNC(C)(C)C)C,41.0
*C(C*)(C(=O)OCCC#N)C,79.0
*C(C*)(C(=O)OCCO[N+](=O)[O-])C,55.0
*C(C*)(C(=O)OCC(C(C(C(F)F)(F)F)(F)F)(F)F)C,36.67
*C(C*)(C(=O)OC(C(C(C(C(C(C(C(F)(F)F)(F)F)(F)F)(F)F)(F)F)(F)F)(F)F)(F)F)C,49.0
*C(C*)(C(=O)OCC(C(C(C(C(C(C(C(F)F)(F)F)(F)F)(F)F)(F)F)(F)F)(F)F)(F)F)C,-15.0
*C(C*)(C(=O)OCCS(=O)CC)C,25.0
*C(C*)(C(=O)O[Si](C)(C)C)C,97.5
*C(C*)(C(=O)OCC1(COCOC1)C)C,142.0
*C(C*)(C(=O)OCC1(COC(OC1)(C)C)C)C,104.0
*C(C*)(C(=O)OCC(C1OCC(CO1)(C)C)(C)C)C,111.0
*C(C*)(C(=O)OC12CC3CC(CC(C1)C3)C2)C,183.0
*C(C*)(C(=O)OC12CC3(CC(CC(C1)C3)(C2)C)C)C,193.0
*C(C*)(C(=O)Oc1ccc(cc1)CC#N)C,128.0
*C(C*)(C(=O)Oc1ccc(cc1)C(=O)OC)C,106.0
*C(C*)(C(=O)OCC)CC,27.0
*C(C*)(CC(=O)OCC)C(=O)OCC,63.17
*C(C*)(CC(=O)OCCCC)C(=O)OCCCC,22.38
*C(C*)(C(=O)OCCCC)C#N,93.75
*C(C*)(C(=O)OC)F,142.0
*C(C*)(C(=O)OCC)CF,43.0
*C(C*)(CC(=O)OC1CCCCC1)C(=O)OC1CCCCC1,142.0
*C(C*)(CC(=O)OCC1CCCCC1)C(=O)OCC1CCCCC1,83.0
*C(C*)(CC(=O)OCCC1CCCCC1)C(=O)OCCC1CCCCC1,48.0
*C(C*)(CC(=O)OCCCC1CCCCC1)C(=O)OCCCC1CCCCC1,7.0
*C(C*)(CC(=O)Oc1ccccc1)C(=O)Oc1ccccc1,132.0
*C(C*)(CC(=O)OCc1ccccc1)C(=O)OCc1ccccc1,55.0
*C(C*)(CC(=O)OCCc1ccccc1)C(=O)OCCc1ccccc1,35.0
*C(C*)(CC(=O)OCCCc1ccccc1)C(=O)OCCCc1ccccc1,-8.0
*C(C*)C(=O)Oc1ccc(cc1)Cl,148.67
*C(C*)(C(=O)Oc1ccc(cc1)C#N)C,155.0
*C(C*)C(=O)OCC(C(OC(C(C(C(F)(F)F)(F)F)(F)F)(F)F)(F)F)(F)F,-68.0
*C(C*)C(=O)OCCC(OC)C,-56.0
*C(C*)(C(=O)OC1CCC(CC1)C(C)(C)C)C,122.36
*C(C*)(C(=O)OCC(C(C(C(C(C(F)F)(F)F)(F)F)(F)F)(F)F)(F)F)C,12.5
*C(C*)(C(=O)OCC(C)(C)C)C,32.67
*C(C*)(C(=O)Oc1ccc(cc1)C(C)(C)C)C,88.57
*C(C*)(CC(=O)OC)C(=O)OC,80.04
*C(*)C(=O)OCC,12.35
*C(*)C(=O)OC,80.25
*C(*)C(=O)OCCC,-15.0
*C(C*)C(=O)Oc1ccc(cc1)C(=O)O,113.33
*C(C*)(C(=O)N)C,88.7
*C1C(=O)N(C(=O)C1*)C1CCCCC1,205.0
*C(C*)(CC(=O)OCCCCC)C(=O)OCCCCC,2.0
*C(C*)(CC(=O)OCCCCCC)C(=O)OCCCCCC,-17.75
*C(C*)(CC(=O)OCCC)C(=O)OCCC,44.38
*C(C*)(C(=O)OCC)C#N,115.0
*C(C*)C(=O)OCCO,0.1
*C(C*)(C(=O)Oc1c(cc(cc1)C)C)C,109.0
*C(C*)(C(=O)Oc1cc(cc(c1)C)C)C,106.0
*C(C*)(C(=O)OCCCCCC)C#N,86.0
*C(C*)(C(=O)OCC1OC1)C,62.81
*C(C*)(C(=O)OCCN(c1ccc(cc1)N=Nc1ccc(cc1)[N+](=O)[O-])CC)C,125.25
*C(C*)C(=O)OCCN(c1ccc(cc1)N=Nc1ccc(cc1)[N+](=O)[O-])CC,103.56
*C(C*)C(=O)OCCCCCC(=O)Oc1ccc(cc1)c1ccc(cc1)C#N,38.0
*C(CCC*)(C(=O)O)C,132.0
*C(C*)(C(=O)NC(=O)Oc1ccc(cc1)S(=O)(=O)c1ccc(cc1)O)C,182.0
*C(C*)(C(=O)NC(=O)OCCOc1ccc(cc1)S(=O)(=O)c1ccc(cc1)OCCO)C,131.0
*C(C*)(C(=O)NC(=O)OC(COc1ccc(cc1)S(=O)(=O)c1ccc(cc1)OCC(O)C)C)C,73.0
*C(C*)(C(=O)NC(=O)Oc1c(cc(cc1Br)S(=O)(=O)c1cc(c(c(c1)Br)O)Br)Br)C,116.0
*C(C*)(C(=O)NC(=O)OCCOc1c(cc(cc1Br)S(=O)(=O)c1cc(c(c(c1)Br)OCCO)Br)Br)C,110.0
*C(C*)(C(=O)NC(=O)OC(COc1c(cc(cc1Br)S(=O)(=O)c1cc(c(c(c1)Br)OCC(O)C)Br)Br)C)C,45.0
*C(C*)(C(=O)OCCOC(=O)c1cc(cc(c1)[N+](=O)[O-])[N+](=O)[O-])C,89.64
*C(C*)C(=O)OCCCCCCOc1ccc(cc1)C(=O)Oc1ccc(cc1)C#N,19.5
*C(C*)(C(=O)OCCCCn1c2ccccc2c2ccccc12)C,84.2
*C(C*)C(=O)OCCCOc1ccc(cc1)N=Nc1ccc(cc1)[N+](=O)[O-],45.6
*C(C*)C(=O)OCCCCOc1ccc(cc1)N=Nc1ccc(cc1)[N+](=O)[O-],36.7
*C(C*)C(=O)OCCCCCCOc1ccc(cc1)N=Nc1ccc(cc1)[N+](=O)[O-],35.8
*C(C*)C(=O)NCCCCCC(=O)O,68.0
*C(C*)C(=O)OCc1c(c(c(c(c1Br)Br)Br)Br)Br,181.0
*C(C*)(CCC(C(=O)OC)C)C(=O)OC,34.0
*C(C*)C(=O)O[Na],230.0
*C(C(CC*)C(=O)OC)C(=O)OC,31.2
*C(C*)(C(=O)OCC#C)C,58.0
*C(C*)(C(=O)OCC(C)C)C#N,51.0
*C(C*)(C(=O)OC(C)C)C#N,66.0
*C(C*)(C(=O)OCCCCCCC)C#N,102.0
*C(C*)C(=O)OC1CCCCCCCCCCC1,37.0
*C(C*)F,16.63
*C(C*)Cl,80.83
*C(C*)(F)F,-28.45
*C(C*)(Cl)Cl,-11.96
*C(C(*)(F)F)F,31.45
*C(*)(F)F,57.21
*C(C(*)(F)F)(Cl)F,60.41
*C(=CCC*)Cl,-43.35
*C(*)F,83.33
*C(C*)(C(F)(F)F)F,46.0
*C(C(*)(F)F)(C(F)(F)F)F,158.5
*C(C*)C(F)(F)F,28.0
*C(C*)C(C(F)(F)F)(F)F,41.0
*C(C*)C(C(C(F)(F)F)(F)F)(F)F,58.0
*C(C(CC*)(F)F)(F)F,-108.0
*C(CC(C*)(F)F)(C(F)(F)F)C(F)(F)F,132.0
*C(C(CCCCCCCC*)Cl)Cl,-30.0
*C(C(CCCCCCCCCC*)Cl)Cl,-32.0
*C(C(CCC*)Cl)Cl,-55.0
*C(=C(C(C*)(F)F)F)Cl,-17.0
*C=C(C(C*)(F)F)F,-35.0
*C(=C(C(C(*)(F)F)(C(F)(F)F)F)F)F,-3.0
*C(*)(Cl)F,77.0
*C(C(*)(F)F)(C(C(C(C(C(F)(F)F)(F)F)(F)F)(F)F)(F)F)F,232.5
*C(C*)CCI,70.0
*C(C*)CCCCCCCCCI,-6.0
*C(C*)CCCI,30.0
*C1(C(C(C(C(C1(F)F)(Cl)F)(F)F)(C(*)(F)F)F)(F)F)F,147.0
*C1(C(C(C1(F)F)(C(*)(F)F)F)(F)F)F,122.0
*C1(C(C(C(C(C1(F)F)(F)F)(F)F)(C(*)(F)F)F)(F)F)F,101.0
*C1(C(C(C(C1(F)F)(F)F)(C(*)(F)F)F)(F)F)F,117.0
*C(C(CCCCC*)Cl)Cl,-17.0
*C(C(CC*)Cl)Cl,69.4
*C(C*)C=C,-13.22
*C(=CCC*)CCCCCCCCCC,-53.0
*C(=CCC*)C(C)(C)C,20.0
*C(=CCC*)C,-60.98
*OC*,-53.97
*OC(*)C,-21.07
*OC(*)CCC,-41.0
*OCC*,-54.49
*OC(C*)C,-58.58
*OC(C*)CCl,-21.5
*OC(C*)CBr,-14.0
*OC(C*)CC,-72.01
*OC(C*)COC,-62.0
*OC(C*)(C)C,92.0
*OC(C*)CCCC,-69.0
*OC(C*)C(C)(C)C,16.8
*OC(C*)COCC,-61.0
*OC(C*)COCC=C,-74.0
*OC(C*)COCCCC,-79.0
*OC(C*)CCCCCC,-71.67
*OC(C*)COCCCCCC,-85.5
*OC(C*)c1ccccc1,32.38
*OC(C*)COc1ccccc1,38.5
*OC(C(*)(F)F)(F)F,-48.0
*OCCC*,-72.46
*OCC(C*)(C)C,-50.0
*OCC(C*)(CO)CO,99.0
*OCC(C*)(CCl)CCl,11.38
*OCCCC*,-75.43
*OCCCCCCCC*,-19.0
*Oc1ccc(cc1)*,119.75
*Oc1cc(ccc1)*,46.5
*Oc1c(cc(cc1C)*)C,204.61
*Oc1c(cc(cc1C)*)C(CCC)C,100.0
*Oc1c(cc(cc1C)*)C(CCCC)C,85.0
*Oc1c(cc(cc1OC)*)OC,171.45
*Oc1c(cc(cc1c1ccccc1)*)c1ccccc1,221.71
*OCOCC*,-64.5
*OCOCCCC*,-83.2
*OCOCCCCC*,-80.83
*OCCCCSSCCCC*,-76.0
*OCOCCCCSSCCCC*,-76.0
*OCOCCSSCC*,-57.5
*OCCSSCC*,-53.0
*OCCSSSSCC*,-40.0
*OC(=O)CCCCCCCC(=O)OCCOCC*,-71.0
*OC(=O)CCCCCCCCC(=O)OCCOCC*,-74.5
*c1oc(cc1)C(=O)OCCOC(=O)*,85.56
*OC(COCC(OC(=O)c1c(cccc1)C(=O)*)C)C,25.0
*OC(=O)c1cc(ccc1)C(=O)OCCOCC*,16.0
*Oc1ccc(cc1)C(=O)OCC*,77.67
*Oc1ccc(cc1)C(=O)OCCOC(=O)c1ccc(cc1)*,74.0
*Oc1ccc(cc1)C(=O)OCCOC(=O)c1ccc(cc1)OCCCC*,53.0
*Oc1ccc(cc1)C(=O)OCCCCCOC(=O)c1ccc(cc1)*,26.0
*Oc1ccc(cc1)C(=O)OCCCCCCOC(=O)c1ccc(cc1)*,15.0
*OCC(=O)NCCCCCCNC(=O)C*,10.0
*OCCCNC(=O)CCCCC(=O)NCCC*,34.0
*Oc1ccc(cc1)CC(=O)NCCCCCCNC(=O)C*,69.5
*Oc1ccc(cc1)CCC(=O)NCCCCCCNC(=O)C*,72.0
*Oc1ccc(cc1)OCC(=O)NCCCCCCNC(=O)C*,67.0
*OCCCNC(=O)c1ccc(cc1)C(=O)NCCC*,72.0
*OCCCCC(=O)NCc1ccc(cc1)CNC(=O)CCCC*,70.0
*OCCC(=O)NCc1c(cc(c(c1)C)CNC(=O)CC*)C,80.0
*Oc1ccc(cc1)C(=O)NCC(CCCNC(=O)c1ccc(cc1)*)(C)C,155.0
*Oc1ccc(cc1)NC(=O)c1cc(ccc1)C(=O)Nc1ccc(cc1)*,205.39
*Oc1ccc(cc1)NC(=O)c1ccc(cc1)C(=O)Nc1ccc(cc1)*,184.75
*OC(=O)NCCCCCCNC(=O)OCCOCC*,5.0
*OC(=O)NCCCCCCNC(=O)OCCOCCOCC*,-9.67
*Oc1ccc(cc1)OCC(=O)OC(=O)C*,70.0
*Oc1ccc(cc1)C(=O)OC(=O)c1ccc(cc1)OC*,84.0
*Oc1ccc(cc1)C(=O)OC(=O)c1ccc(cc1)OCC*,45.0
*Oc1cc(ccc1)C(=O)OC(=O)c1cc(ccc1)OCCC*,53.0
*Oc1ccc(cc1)C(=O)OC(=O)c1ccc(cc1)OCCC*,95.0
*Oc1cc(ccc1)C(=O)OC(=O)c1cc(ccc1)OCCCC*,20.0
*Oc1ccc(cc1)C(=O)OC(=O)c1ccc(cc1)OCCCC*,45.0
*Oc1ccc(cc1)C(=O)OC(=O)c1ccc(cc1)OCCCCC*,53.0
*Oc1cc(ccc1)C(=O)OC(=O)c1cc(ccc1)OCCCCC*,61.0
*Oc1ccc(cc1)C(=O)OC(=O)c1ccc(cc1)OCOC*,57.0
*Oc1ccc(cc1)C(=O)OC(=O)c1ccc(cc1)OCCOCC*,41.0
*Oc1ccc(cc1)C(c1ccc(cc1)OCC(=O)OC(=O)C*)(C)C,105.0
*Oc1ccc(cc1)Oc1ccc(cc1)OC(=O)*,118.0
*c1cc2c(nc(cc2c2ccccc2)Oc2nc3c(c(c2)c2ccccc2)cc(cc3)c2ccc(cc2)*)cc1,300.0
*c1cc2c(nc(cc2c2ccccc2)Oc2nc3c(c(c2)c2ccccc2)cc(cc3)c2ccc(cc2)c2ccc(cc2)*)cc1,308.0
*c1cc2c(nc(cc2c2ccccc2)Oc2nc3c(c(c2)c2ccccc2)cc(cc3)c2ccc(cc2)Oc2ccc(cc2)*)cc1,268.5
*c1nnc(cc1)Oc1ccc(cc1)C(c1ccc(cc1)O*)(C)C,180.0
*c1nc2c(nc1c1ccccc1)cc(cc2)c1cc2c(nc(c(n2)c2ccccc2)c2ccc(cc2)Oc2ccc(cc2)*)cc1,335.33
*O[Si](O[Si](O[Si](O[Si](O[Si](c1ccc(cc1)Oc1ccc(cc1)[Si](*)(C)C)(C)C)(C)C)(C)C)(C)C)(C)C,-65.0
*O[Si](O[Si](O[Si](O[Si](c1ccc(cc1)Oc1ccc(cc1)[Si](*)(C)C)(C)C)(C)C)(C)C)(C)C,-52.0
*O[Si](O[Si](O[Si](c1ccc(cc1)Oc1ccc(cc1)[Si](*)(C)C)(C)C)(C)C)(C)C,-37.0
*Oc1ccc(cc1)S(=O)(=O)c1ccc(cc1)*,223.95
*Oc1ccc(cc1)S(=O)(=O)c1ccc(cc1)Oc1ccc(cc1)C(c1ccc(cc1)*)(C)C,183.86
*OC(=O)c1c(cccc1)C(=O)OCCOCC*,-50.0
*OC(*)CCCCCC,-116.0
*OC(=O)C(=O)OCCOCC*,-28.0
*OC(=O)CC(=O)OCCOCC*,-41.5
*OC(=O)C(C(=O)OCCOCC*)C,-29.0
*OC(=O)C(C(=O)OCCOCC*)CCC,-38.0
*OC(=O)C(C(=O)OCCOCC*)CCCCC,-47.0
*OC(=O)C(C(=O)OCCOCC*)CCCCCCC,-58.0
*OC(=O)C(C(=O)OCCOCC*)CCCCCCCCC,-59.0
*OC(=O)CCC(=O)OCCOCC*,-41.51
*OC(=O)CCCC(=O)OCCOCC*,-55.0
*OC(=O)CCCCC(=O)OCCOCC*,-54.67
*OC(=O)CCCCCC(=O)OCCOCC*,-59.67
*OC(=O)CCCCCCC(=O)OCCOCC*,-66.0
*OC(=O)CCCCCCCCCCCCCCCCC(=O)OCCOCC*,-68.0
*OC(=O)c1ccc(cc1)C(c1ccc(cc1)C(=O)OCC*)(CC)C,94.0
*c1nc2c(nc1)cc(cc2)c1ccc2c(nc(cn2)c2ccc(cc2)Oc2ccc(cc2)*)c1,280.0
*c1nc2c(nc1)ccc(c2)c1ccc2c(nc(cn2)c2ccc(cc2)Oc2ccc(cc2)Oc2ccc(cc2)*)c1,235.0
*c1nc2c(nc1)ccc(c2)c1ccc2c(nc(cn2)c2ccc(cc2)Oc2ccc(cc2)Oc2ccc(cc2)Oc2ccc(cc2)*)c1,216.0
*c1nc2c(nc1)ccc(c2)Oc1ccc2c(nc(cn2)c2ccc(cc2)*)c1,306.0
*c1nc2c(nc1)cc(cc2)Oc1ccc2c(nc(cn2)c2ccc(cc2)Oc2ccc(cc2)*)c1,270.0
*c1c(nc2c(n1)cc(cc2)Oc1cc2c(nc(c(n2)c2ccc(cc2)*)c2ccccc2)cc1)c1ccccc1,296.43
*c1c(nc2c(n1)cc(cc2)Oc1cc2c(nc(c(n2)c2cc(ccc2)*)c2ccccc2)cc1)c1ccccc1,263.2
*Oc1ccc(cc1)Oc1ccc(cc1)Oc1ccc(cc1)C(=O)c1ccc(cc1)*,150.5
*Oc1ccc(cc1)S(=O)(=O)c1ccc(cc1)Oc1ccc(cc1)Cc1ccc(cc1)*,184.52
*c1cc2c(nc(c(n2)c2ccc(cc2)Oc2ccc(cc2)c2c(nc3c(n2)cc(cc3)C(=O)*)c2ccccc2)c2ccccc2)cc1,265.4
*c1c(nc2c(n1)cc(cc2)S(=O)(=O)c1cc2c(nc(c(n2)c2ccc(cc2)Oc2ccc(cc2)*)c2ccccc2)cc1)c1ccccc1,271.0
*c1nc2c(nc1)cc(cc2)c1ccc2c(nc(cn2)c2ccc(cc2)Oc2ccc(cc2)Oc2ccc(cc2)Oc2ccc(cc2)*)c1,216.0
*c1nc2c(nc1)cc(cc2)c1ccc2c(nc(cn2)c2ccc(cc2)Oc2ccc(cc2)Oc2ccc(cc2)*)c1,235.0
*c1nc2c(nc1)ccc(c2)c1ccc2c(nc(cn2)c2ccc(cc2)Oc2ccc(cc2)*)c1,326.64
*c1nc2c(nc1)cc(cc2)Oc1cc2c(nc(cn2)c2ccc(cc2)*)cc1,306.0
*c1nc2cc3c(cc2nc1)nc(cn3)c1ccc(cc1)Oc1ccc(cc1)*,353.0
*c1c(nc2c(n1)cc(cc2)Oc1cc2c(nc(c(n2)c2ccc(cc2)Oc2ccc(cc2)*)c2ccccc2)cc1)c1ccccc1,261.33
*c1c(nc2c(n1)cc(cc2)c1cc2c(nc(c(n2)c2ccc(cc2)Oc2ccc(cc2)*)c2ccccc2)cc1)c1ccccc1,297.36
*c1nc2c(nc1c1ccccc1)cc(cc2)Oc1cc2c(nc(c(n2)c2ccccc2)c2cc(ccc2)*)cc1,270.0
*c1nc2c(nc1c1ccccc1)cc(cc2)Oc1cc2c(nc(c(n2)c2ccccc2)c2ccc(cc2)*)cc1,304.0
*Oc1ccc(cc1)C(c1ccc(cc1)OCC(C*)O)(C)C,87.45
*Oc1ccc(cc1)Cc1ccc(cc1)OCC(C*)O,80.0
*Oc1ccc(cc1)S(=O)(=O)c1ccc(cc1)OCC(C*)O,161.25
*OC(C(C(C(*)(F)F)(F)F)(F)F)(F)F,-60.0
*OC(C*)CCCCCCCCCC,-41.0
*OC(C*)CC(Cl)(Cl)Cl,-36.0
*OC(CC*)C,-50.0
*OCC(C*)C,-55.0
*OCC(C*)(CCl)CC,20.0
*OC(COCC*)CCl,-40.0
*OC(C*)COC(C(F)(F)F)(C(F)(F)F)F,-43.0
*OC(C*)C1C(C(C1)(F)F)(F)F,-25.0
*Oc1c(cc(cc1C)*)c1ccccc1,171.67
*Oc1c(cc(cc1c1ccccc1)*)c1ccc(cc1)C,218.0
*Oc1c(cc(cc1c1ccccc1)*)c1ccc(cc1)C(C)(C)C,240.0
*Oc1c(cc(cc1c1ccccc1)*)c1c(cccc1)c1ccccc1,211.0
*Oc1c(cc(cc1c1ccccc1)*)c1c2c(ccc1)cccc2,234.0
*C1OCOC(C1)C*,68.0
*C1OC(OC(C1)C*)CCC,45.92
*Oc1ccc(cc1)CC1(c2ccccc2c2ccccc12)Cc1ccc(cc1)*,138.0
*Oc1ccc(cc1)OCC(C*)O,54.5
*Oc1ccc(cc1)C(CC(c1ccc(cc1)OCC(C*)O)C)(C)C,75.0
*Oc1ccc(cc1)CC(Cc1ccc(cc1)*)(C(=O)OCC)C(=O)OCC,54.0
*Oc1ccc(cc1)CC(Cc1ccc(cc1)*)(c1ccccc1)C#N,143.0
*Oc1ccc(cc1)CC(Cc1ccc(cc1)*)(C#N)C#N,147.0
*Oc1ccc(cc1)c1ccc(cc1)OC(*)(Oc1ccccc1)Oc1ccccc1,112.0
*Oc1c(cc(cc1)c1cc(c(cc1)OC(*)(Oc1ccccc1)Oc1ccccc1)C)C,125.0
*Oc1ccc(cc1)C1(C(CC(CC1)C(C)C)c1ccc(cc1)OCC(C*)O)C,175.0
*Oc1ccc(cc1)C(c1ccc(cc1)OCC(C*)OC(=O)C)(C)C,60.0
*Oc1ccc(cc1)C(c1ccc(cc1)OCC(C*)OC(=O)CCl)(C)C,65.0
*Oc1ccc(cc1)C(c1ccc(cc1)OCC(C*)OC(=O)CC)(C)C,60.0
*Oc1ccc(cc1)C(c1ccc(cc1)OCC(C*)OC(=O)c1ccccc1)(C)C,65.0
*Oc1ccc(cc1)C(c1ccc(cc1)OCC(C*)OC(=O)c1c(cccc1)Cl)(C)C,66.0
*Oc1ccc(cc1)C(c1ccc(cc1)OC(*)(Oc1ccccc1)Oc1ccccc1)(C)C,92.0
*Oc1c(cc(cc1)C(c1cc(c(cc1)OCC(C*)O)Cl)(C)C)Cl,85.0
*Oc1c(cc(cc1Cl)C(c1cc(c(c(c1)Cl)OCC(C*)O)Cl)(C)C)Cl,145.0
*Oc1c(cc(cc1Cl)C(c1cc(c(c(c1)Cl)OCC(C*)OC(=O)C)Cl)(C)C)Cl,100.0
*Oc1ccc(cc1)C(c1ccc(cc1)OCC(C*)O)(CC)C,95.0
*Oc1ccc(cc1)C(c1ccc(cc1)OCC(C*)O)(c1ccccc1)C,115.0
*Oc1ccc(cc1)C(c1ccc(cc1)OCC(C*)OC(=O)C)(c1ccccc1)C,110.0
*Oc1ccc(cc1)C(c1ccc(cc1)OCC(C*)OC(=O)c1ccccc1)(c1ccccc1)C,126.0
*Oc1ccc(cc1)OCC(C*)OC(=O)C,54.5
*Oc1ccc(cc1)/C(=C/c1ccc(cc1)OCCOCCOCC*)/C,15.33
*Oc1ccc(cc1)/C(=C/c1ccc(cc1)OCCOCCOCCOCC*)/C,7.5
*OC1C(CCCC1)*,68.0
*Oc1ccc(cc1)C1(CCC(CC1)C(c1ccc(cc1)OCC(C*)O)(C)C)C,135.0
*Oc1cc2c(C(CC2(C)C)(c2ccc(cc2)OCC(C*)O)C)cc1,120.0
*Oc1ccc(cc1)C1(CC(CCC1)c1ccc(cc1)OCC(C*)O)CC,140.0
*Oc1ccc(cc1)C1(CC(CCC1)c1ccc(cc1)OCC(C*)OC(=O)C)CC,107.0
*Oc1ccc(cc1)C(=O)OCCCOC(=O)c1ccc(cc1)*,57.0
*Oc1ccc(cc1)C(=O)OCCCCOC(=O)c1ccc(cc1)*,38.0
*OCCC(=O)NCc1c(c(c(c(c1C)C)CNC(=O)CC*)C)C,191.0
*OC(=O)NCCCCCCNC(=O)OCCOCCOCCOCC*,-18.5
*OC(=O)NCCCCCCNC(=O)OCCOCCOCCOCCOCCOCC*,-32.0
*Oc1cc(ccc1)Oc1cc(ccc1)OC(=O)*,71.0
*c1oc(nn1)c1ccc(cc1)Oc1ccc(cc1)*,237.67
*c1oc(nn1)c1ccc(cc1)Oc1ccc(cc1)C(c1ccc(cc1)Oc1ccc(cc1)*)(C)C,180.0
*c1oc(nn1)c1ccc(cc1)C1(c2c(C(=O)O1)cccc2)c1ccc(cc1)*,370.0
*c1oc(nn1)c1cc(ccc1)c1oc(nn1)c1ccc(cc1)*,277.0
*c1oc2c(n1)ccc(c2)c1ccc2c(oc(n2)CCCCCCCC*)c1,223.5
*Oc1ccc(cc1)N=Nc1ccc(cc1)Oc1ccc(cc1)C(c1ccc(cc1)*)(C)C,175.0
*Oc1ccc(cc1)Oc1ccc(cc1)C(=O)c1ccc(cc1)*,150.4
*Oc1ccc(cc1)C(c1ccc(cc1)Oc1ccc(cc1)C(=O)c1ccc(cc1)*)(C)C,155.23
*Oc1ccc(cc1)C(c1ccc(cc1)Oc1ccc(cc1)C(=O)c1ccc(cc1)*)(C(F)(F)F)C(F)(F)F,170.5
*Oc1ccc(cc1)C(c1ccc(cc1)Oc1ccc(cc1)C(=O)c1ccc(cc1)C(=O)c1ccc(cc1)*)(C)C,156.4
*Oc1ccc(cc1)C1(CCC(CC1)C(c1ccc(cc1)Oc1ccc(cc1)C(=O)c1ccc(cc1)*)(C)C)C,200.0
*Oc1cc(ccc1)S(=O)(=O)c1ccc(cc1)*,170.0
*Oc1ccc(cc1)S(=O)(=O)c1ccc(cc1)Oc1ccc(cc1)C(c1ccc(cc1)*)(C(F)(F)F)C(F)(F)F,197.73
*Oc1ccc(cc1)S(=O)(=O)c1ccc(cc1)Oc1c(cc(cc1C)C(c1cc(c(c(c1)C)*)C)(C)C)C,233.29
*Oc1ccc(cc1)S(=O)(=O)c1ccc(cc1)Oc1c(cc(cc1)C(c1cc(c(cc1)*)Cl)(C)C)Cl,205.0
*Oc1ccc(cc1)S(=O)(=O)c1ccc(cc1)Oc1ccc(cc1)C(c1ccc(cc1)*)(c1ccccc1)C,207.0
*Oc1c(cc(cc1c1ccccc1)*)c1cc(ccc1)C,219.0
*Oc1ccc(cc1)S(=O)(=O)c1ccc(cc1)Oc1ccc(cc1)C(c1ccc(cc1)OCCCCOc1ccc(cc1)C(c1ccc(cc1)*)(C)C)(C)C,140.0
*Oc1ccc(cc1)S(=O)(=O)c1ccc(cc1)c1ccc(cc1)S(=O)(=O)c1ccc(cc1)*,278.75
*Oc1ccc(cc1)S(=O)(=O)c1ccc(cc1)Oc1ccc(cc1)c1ccc(cc1)*,217.39
*Oc1ccc(cc1)Oc1ccc(cc1)S(=O)(=O)c1ccc(cc1)*,206.67
*Oc1ccc(cc1)Oc1ccc(cc1)Oc1ccc(cc1)S(=O)(=O)c1ccc(cc1)*,184.33
*Oc1ccc(cc1)S(=O)(=O)c1ccc(cc1)Oc1ccc(cc1)Sc1ccc(cc1)*,175.0
*c1ccc2oc3c(c2c1)cc(cc3)S(=O)(=O)*,360.0
*c1ccc2oc3c(c2c1)cc(cc3)S(=O)(=O)c1ccc(cc1)Oc1ccc(cc1)S(=O)(=O)*,290.0
*Oc1ccc(cc1)S(=O)(=O)c1ccc(cc1)Oc1ccc(cc1)C1CC(CCC1)C(c1ccc(cc1)*)C,230.0
*Oc1ccc(cc1)S(=O)(=O)c1ccc(cc1)Oc1ccc(cc1)C(c1ccc(cc1)*)(c1ccccc1)c1ccccc1,230.0
*Oc1ccc(cc1)S(=O)(=O)c1ccc(cc1)Oc1ccc(cc1)C1(C2CCC(C1)C2)c1ccc(cc1)*,250.0
*Oc1ccc(cc1)S(=O)(=O)c1cc2c(cc1)ccc(c2)S(=O)(=O)c1ccc(cc1)*,250.0
*Oc1ccc(cc1)S(=O)(=O)c1ccc(cc1)Oc1ccc(cc1)C(c1ccc(cc1)*)C(C)C,200.0
*Oc1ccc(cc1)S(=O)(=O)c1ccc(cc1)Oc1ccc(cc1)C(=O)c1ccc(cc1)*,201.67
*Oc1ccc(cc1)S(=O)(=O)N(CCCCN(S(=O)(=O)c1ccc(cc1)Oc1ccc(cc1)C(c1ccc(cc1)*)(C)C)C)C,120.0
*OCC(C*)(CC)CC,-30.0
*Oc1ccc(cc1)S(=O)c1ccc(cc1)Oc1ccc(cc1)C(c1ccc(cc1)*)(C)C,165.0
*Oc1c2c(c(cc1)c1c3c(c(cc1)OCCCCCCC*)cccc3)cccc2,129.5
*Oc1c2c(c(cc1)c1c3c(c(cc1)OCCCCCC*)cccc3)cccc2,109.0
*Oc1c2c(c(cc1)c1c3c(c(cc1)OCCCCC*)cccc3)cccc2,151.0
*Oc1c2c(c(cc1)c1c3c(c(cc1)OCCCC*)cccc3)cccc2,130.0
*Oc1c2c(c(cc1)c1c3c(c(cc1)OCCC*)cccc3)cccc2,173.5
*OC(=O)CCCCC(=O)OCCOCCOCC*,-49.0
*OC(=O)c1ccc(cc1)c1ccc(cc1)C(=O)OCCOCCOCC*,20.0
*OC(=O)CCCCCC(=O)OCCOCCOCC*,-54.0
*OC(C(*)CCl)CCl,95.0
*OC(=O)COCC*,-13.81
*C1OCC(CO1)(COC(=O)CCCCCCC*)C,-26.0
*C1OC(CO1)CCCCOC(=O)CCCCCCC*,-44.0
*OCC(C*)O,17.0
*OC(=O)c1ccc(cc1)c1ccc(cc1)C(=O)OCCOCC*,53.5
*OC(=O)c1ccc(cc1)C(=O)OCCOCC*,12.58
*Oc1cc(ccc1)NC(=O)CCCCC(=O)Nc1ccc(cc1)*,153.33
*Oc1ccc(cc1)NC(=O)CCCCC(=O)Nc1ccc(cc1)*,230.0
*Oc1cc(ccc1)NC(=O)CCCCCCCC(=O)Nc1ccc(cc1)*,120.0
*Oc1ccc(cc1)NC(=O)CCCCCCCC(=O)Nc1ccc(cc1)*,160.0
*Oc1cc(ccc1)NC(=O)CCCCCCCCCCC(=O)Nc1ccc(cc1)*,110.0
*Oc1ccc(cc1)NC(=O)CCCCCCCCCCC(=O)Nc1ccc(cc1)*,150.0
*Oc1cc(ccc1)NC(=O)CCCCCC(=O)Nc1ccc(cc1)*,130.0
*Oc1ccc(cc1)NC(=O)CCCCCC(=O)Nc1ccc(cc1)*,180.0
*Oc1cc(ccc1)NC(=O)CCCCCCCCC(=O)Nc1ccc(cc1)*,125.0
*Oc1ccc(cc1)NC(=O)CCCCCCCCC(=O)Nc1ccc(cc1)*,160.0
*Oc1cc(ccc1)NC(=O)CCCCCCC(=O)Nc1ccc(cc1)*,140.0
*Oc1ccc(cc1)NC(=O)CCCCCCC(=O)Nc1ccc(cc1)*,180.0
*Oc1cc(ccc1)NC(=O)CCCCCCCCCC(=O)Nc1ccc(cc1)*,110.0
*Oc1ccc(cc1)NC(=O)CCCCCCCCCC(=O)Nc1ccc(cc1)*,150.0
*Oc1c(cc(cc1)C(=O)c1cc(ccc1)C(=O)c1cc(c(cc1)*)CC)CC,126.0
*Oc1c(cc(cc1C(C)C)C(=O)c1cc(ccc1)C(=O)c1ccc(cc1)*)C(C)C,132.0
*Oc1c(cc(cc1)C(=O)c1cc(ccc1)C(=O)c1cc(c(cc1)*)C(C)C)CC,136.0
*Oc1c(cc(cc1)C(=O)c1cc(ccc1)C(=O)c1cc(c(cc1)*)C(C)C)C,147.0
*Oc1c(cc(cc1)C(=O)c1ccc(cc1)C(=O)c1cc(c(cc1)*)C(C)C)C,149.0
*c1nc2c(c(c1)c1ccc(cc1)Oc1ccc(cc1)c1cc(nc3c1cccc3)c1ccc(cc1)c1ccc(cc1)*)cccc2,326.0
*c1nc2c(c(c1c1ccccc1)c1ccc(cc1)Oc1ccc(cc1)c1c(c(nc3c1cccc3)c1ccc(cc1)c1ccc(cc1)*)c1ccccc1)cccc2,345.0
*c1nc2c(c(c1c1ccccc1)c1ccccc1)cc(cc2)Oc1cc2c(nc(c(c2c2ccccc2)c2ccccc2)c2ccc(cc2)Oc2ccc(cc2)*)cc1,305.0
*c1nc2c(c(c1c1ccccc1)c1ccccc1)cc(cc2)Oc1cc2c(nc(c(c2c2ccccc2)c2ccccc2)c2ccc(cc2)*)cc1,345.0
*c1nc2c(c(c1)c1ccccc1)cc(cc2)Oc1cc2c(nc(cc2c2ccccc2)c2ccc(cc2)Oc2ccc(cc2)*)cc1,266.0
*c1nc2c(c(c1c1ccccc1)c1ccccc1)cc(cc2)Oc1cc2c(nc(c(c2c2ccccc2)c2ccccc2)c2ccc(cc2)c2ccc(cc2)*)cc1,351.0
*OC(COC(=O)c1cc(ccc1)C(C(C(c1cc(ccc1)C(=O)OCC(*)(F)F)(F)F)(F)F)(F)F)(F)F,30.0
*OC(COC(=O)c1cc(ccc1)C(=O)OCC(*)(F)F)(F)F,28.0
*OC(COC(=O)c1cc(cc(c1)OCCCCC)C(=O)OCC(*)(F)F)(F)F,14.0
*Oc1cc(ccc1)C(=O)OCC(C(C(COC(=O)c1cc(ccc1)*)(F)F)(F)F)(F)F,20.0
*Oc1ccc(cc1)Oc1ccc(cc1)OC(=O)c1cc(ccc1)C(=O)*,164.5
*Oc1ccc(cc1)Oc1ccc(cc1)OC(=O)c1cc(cc(c1)OCCCCC)C(=O)*,126.0
*ON(C(C(*)(F)F)(F)F)C(C(Br)(F)F)(F)F,-17.0
*ON(C(C(*)(F)F)(F)F)C(F)(F)F,-40.62
*Oc1ccc(cc1)S(=O)(=O)c1ccc(cc1)Oc1ccc(cc1)C1(CCCCC1)c1ccc(cc1)*,226.0
*c1c(nc2c(n1)cc(cc2)Oc1cc2c(nc(c(n2)c2ccc(cc2)c2ccc(cc2)*)c2ccccc2)cc1)c1ccccc1,410.0
*c1nc2c(nc1c1ccccc1)cc(cc2)Oc1cc2c(nc(c(n2)c2ccc(cc2)*)c2ccccc2)cc1,326.0
*c1nc2c(nc1c1ccccc1)cc(cc2)Oc1cc2c(nc(c(n2)c2ccc(cc2)Oc2ccc(cc2)*)c2ccccc2)cc1,340.0
*c1nc2c(nc1c1ccccc1)cc(cc2)Oc1cc2c(nc(c(n2)c2ccccc2)c2ccc(cc2)Oc2ccc(cc2)*)cc1,340.0
*c1nc2c(nc1c1ccccc1)cc(cc2)c1cc2c(nc(c(n2)c2ccc(cc2)Oc2ccc(cc2)*)c2ccccc2)cc1,292.5
*c1nc2c(nc1)cc(cc2)Oc1cc2c(nc(cn2)c2ccc(cc2)c2ccc(cc2)*)cc1,390.0
*c1nc2c(nc1)cc(cc2)c1cc2c(nc(cn2)c2ccc(cc2)Oc2ccc(cc2)c2ccc(cc2)Oc2ccc(cc2)*)cc1,213.0
*c1nc2c(nc1)cc(cc2)c1cc2c(nc(cn2)c2ccc(cc2)Oc2ccc(cc2)*)cc1,334.0
*c1nc2c(nc1)cc(cc2)c1cc2c(nc(cn2)c2ccc(cc2)Oc2ccc(cc2)Oc2ccc(cc2)*)cc1,195.0
*c1nc2c(nc1)cc(cc2)c1cc2c(nc(cn2)c2ccc(cc2)Oc2ccc(cc2)Oc2ccc(cc2)Oc2ccc(cc2)*)cc1,133.0
*c1nc2c(nc1)cc(cc2)Oc1cc2c(nc(cn2)c2ccc(cc2)Oc2ccc(cc2)*)cc1,382.0
*Oc1ccc(cc1)NC(=O)c1c(cc(c(c1)C(=O)Nc1ccc(cc1)*)C(=O)O)C(=O)O,207.4
*C1OCC2(CO1)COC(OC2)CCCCCCCC(=O)OCCOC(=O)CCCCCCC*,0.0
*c1nc2cc3c(cc2nc1)ncc(n3)c1ccc(cc1)Oc1ccc(cc1)*,353.0
*ON(C(C(*)(F)F)(Br)F)C(F)(F)F,3.0
*ON(C(C(*)(F)F)(C(F)(F)F)F)C(F)(F)F,-9.0
*OCC(C*)C(C)(C)C,-4.0
*OCC(C*)(CC)C,-47.0
*OCC(C*)(CO)C,62.0
*Oc1ccc(cc1)C(=O)c1ccc(cc1)C(=O)c1ccc(cc1)*,157.0
*Oc1ccc(cc1)Oc1ccc(cc1)C(=O)c1cc(ccc1)C(=O)c1ccc(cc1)*,144.0
*Oc1ccc(cc1)c1ccc(cc1)Oc1ccc(cc1)C(=O)c1cc(ccc1)C(=O)c1ccc(cc1)*,159.0
*Oc1ccc(cc1)C(=O)c1ccc(cc1)Oc1ccc(cc1)C(=O)c1cc(ccc1)C(=O)c1ccc(cc1)*,152.0
*Oc1ccc(cc1)S(=O)(=O)c1ccc(cc1)Oc1ccc(cc1)C(=O)c1cc(ccc1)C(=O)c1ccc(cc1)*,178.0
*Oc1ccc(cc1)Oc1ccc(cc1)S(=O)(=O)c1ccc(cc1)c1ccc(cc1)c1ccc(cc1)S(=O)(=O)c1ccc(cc1)*,259.0
*Oc1ccc(cc1)S(=O)(=O)c1ccc(cc1)c1ccc(cc1)c1ccc(cc1)S(=O)(=O)c1ccc(cc1)Oc1ccc(cc1)c1ccc(cc1)*,264.0
*Oc1ccc(cc1)S(=O)(=O)c1ccc(cc1)Oc1ccc(cc1)S(=O)(=O)c1ccc(cc1)c1ccc(cc1)c1ccc(cc1)S(=O)(=O)c1ccc(cc1)*,281.0
*Oc1ccc(cc1)S(=O)(=O)c1ccc(cc1)c1ccc(cc1)c1ccc(cc1)S(=O)(=O)c1ccc(cc1)*,311.0
*Oc1ccc(cc1)S(=O)(=O)c1ccc(cc1)Oc1ccc(cc1)c1ccc(cc1)c1ccc(cc1)*,251.0
*Oc1ccc(cc1)S(=O)(=O)c1ccc(cc1)c1ccc(cc1)S(=O)(=O)c1ccc(cc1)Oc1ccc(cc1)c1ccc(cc1)c1ccc(cc1)*,263.0
*Oc1ccc(cc1)c1ccc(cc1)c1ccc(cc1)Oc1ccc(cc1)C(=O)c1cc(ccc1)C(=O)c1ccc(cc1)*,174.0
*Oc1ccc(cc1)C(=O)c1cc(ccc1)C(=O)c1ccc(cc1)*,139.0
*Oc1ccc(cc1)S(=O)(=O)c1ccc(cc1)Oc1ccc(cc1)C(=O)c1ccc(cc1)c1ccc(cc1)C(=O)c1ccc(cc1)*,207.0
*OC(=O)c1ccc(cc1)c1ccc(cc1)C(=O)OCCCOCCC*,16.25
*Oc1ccc(cc1)C(c1ccc(cc1)Oc1ccc(cc1)C(=O)c1c(cccc1)c1c(cccc1)C(=O)c1ccc(cc1)*)(C)C,172.0
*Oc1ccc(cc1)C(c1ccc(cc1)Oc1ccc(cc1)C(=O)c1c(cccc1)c1c(cccc1)C(=O)c1ccc(cc1)*)(C(F)(F)F)C(F)(F)F,178.5
*Oc1ccc(cc1)c1ccc(cc1)Oc1ccc(cc1)C(=O)c1c(cccc1)c1c(cccc1)C(=O)c1ccc(cc1)*,193.0
*Oc1ccc(cc1)Oc1ccc(cc1)C(=O)c1c(cccc1)c1c(cccc1)C(=O)c1ccc(cc1)*,175.0
*Oc1cc(c(cc1)C(=O)c1ccccc1)c1c(ccc(c1)Oc1ccc(cc1)C(c1ccc(cc1)*)(C)C)C(=O)c1ccccc1,156.0
*Oc1cc(c(cc1)C(=O)c1ccccc1)c1c(ccc(c1)Oc1ccc(cc1)C(c1ccc(cc1)*)(C(F)(F)F)C(F)(F)F)C(=O)c1ccccc1,164.0
*Oc1cc(c(cc1)C(=O)c1ccccc1)c1c(ccc(c1)Oc1ccc(cc1)c1ccc(cc1)*)C(=O)c1ccccc1,174.0
*Oc1ccc(cc1)Oc1cc(c(cc1)C(=O)c1ccccc1)c1c(ccc(c1)*)C(=O)c1ccccc1,156.0
*Oc1ccc(cc1)Oc1ccc(cc1)C(=O)c1cc(ccc1)c1cc(ccc1)C(=O)c1ccc(cc1)*,154.0
*Oc1c(cc(cc1)Oc1ccc(cc1)C(=O)c1ccc(cc1)*)C(C)(C)C,176.25
*Oc1c(cc(cc1)Oc1ccc(cc1)C(=O)c1ccc(cc1)*)C,149.29
*Oc1ccc(cc1)C(=O)Nc1c(cc(c(c1)SCCC#N)NC(=O)c1ccc(cc1)*)SCCC#N,158.0
*c1sc2cc3c(cc2n1)sc(n3)c1ccc(cc1)Oc1ccc(cc1)*,350.0
*c1oc(cc1)C(c1oc(cc1)CNC(=O)OCc1oc(cc1)COC(=O)NC*)(C)C,44.8
*c1oc(cc1)C(c1oc(cc1)CNC(=O)OC(COC(=O)NC*)c1occc1)(C)C,20.0
*c1oc(cc1)C(c1oc(cc1)CNC(=O)OCc1oc(cc1)COCc1oc(cc1)COC(=O)NC*)(C)C,39.0
*c1oc(cc1)COC(=O)Nc1ccc(cc1)Cc1ccc(cc1)NC(=O)OC*,81.0
*c1oc(cc1)C(c1oc(cc1)CNC(=O)OCc1cocc1COC(=O)NC*)(C)C,25.0
*c1oc(cc1)COC(=O)NCc1oc(cc1)CNC(=O)OC*,75.0
*c1oc(cc1)CNC(=O)OC(COC(=O)NC*)c1occc1,30.0
*c1oc(cc1)COC(=O)NCCCCCCNC(=O)OC*,33.0
*c1oc(cc1)C(c1oc(cc1)CNC(=O)OC(C(OC(=O)NC*)c1occc1)c1occc1)(C)C,45.0
*c1oc(cc1)C(c1oc(cc1)CNC(=O)OCCOC(=O)NC*)(C)C,50.0
*c1oc(cc1)C(c1oc(cc1)CNC(=O)OC(COC(=O)NC*)c1occc1)CCC,43.0
*c1sc(cc1)Oc1ccc(cc1)C(c1ccc(cc1)Oc1ccc(cc1)S(=O)(=O)*)(C)C,160.93
*Oc1ccc(cc1)C(c1ccc(cc1)Oc1ccc(cc1)C(=O)Nc1ccc(cc1)NC(=O)c1ccc(cc1)*)(C(F)(F)F)C(F)(F)F,218.0
*Oc1ccc(cc1)C(c1ccc(cc1)Oc1ccc(cc1)C(=O)Nc1ccc(cc1)NC(=O)c1ccc(cc1)*)(C)C,230.0
*Oc1ccc(cc1)C(c1ccc(cc1)Oc1ccc(cc1)C(=O)Nc1ccc(cc1)NC(=O)c1ccc(cc1)*)(c1ccccc1)c1ccccc1,254.0
*Oc1ccc(cc1)C(c1ccc(cc1)Oc1ccc(cc1)C(=O)Nc1cc(ccc1)NC(=O)c1ccc(cc1)*)(C)C,214.0
*Oc1ccc(cc1)C(c1ccc(cc1)Oc1ccc(cc1)C(=O)Nc1cc(c(cc1)c1c(cc(cc1)NC(=O)c1ccc(cc1)*)C(F)(F)F)C(F)(F)F)(C)C,250.0
*Oc1ccc(cc1)C(c1ccc(cc1)Oc1ccc(cc1)C(=O)Nc1cc(c(cc1)c1c(cc(cc1)NC(=O)c1ccc(cc1)*)C(F)(F)F)C(F)(F)F)(C(F)(F)F)C(F)(F)F,240.0
*c1nc2c(n1c1ccc(cc1)n1c(nc3c1cccc3)c1ccc(cc1)Oc1ccc(cc1)S(=O)(=O)c1ccc(cc1)Oc1ccc(cc1)*)cccc2,270.0
*c1nc2c(n1c1ccc(cc1)n1c(nc3c1cccc3)c1ccc(cc1)Oc1ccc(cc1)C(=O)c1ccc(cc1)Oc1ccc(cc1)*)cccc2,242.0
*c1nc2c(n1c1ccc(cc1)n1c(nc3c1cccc3)c1ccc(cc1)Oc1ccc(cc1)C(=O)c1ccc(cc1)C(=O)c1ccc(cc1)Oc1ccc(cc1)*)cccc2,238.0
*c1nc2c(n1c1ccc(cc1)n1c(nc3c1cccc3)c1ccc(cc1)Oc1ccc(cc1)C(=O)c1cc(ccc1)C(=O)c1ccc(cc1)Oc1ccc(cc1)*)cccc2,219.0
*c1nc2c(n1c1ccc(cc1)n1c(nc3c1cccc3)c1ccc(cc1)Oc1ccc(cc1)C(=O)c1ccc(cc1)Oc1ccc(cc1)C(=O)c1ccc(cc1)Oc1ccc(cc1)*)cccc2,223.0
*C1(OC(OC1(*)F)(C(Cl)(F)F)C(F)(F)F)F,330.0
*C1(OC(OC1*)(C(F)(F)F)C(F)(F)F)F,256.0
*Oc1ccc(cc1)NC(=O)c1cc(cc(c1)C(C(C(C(F)(F)F)(F)F)(F)F)(F)F)C(=O)Nc1ccc(cc1)*,257.0
*Oc1cc(ccc1)NC(=O)c1cc(cc(c1)C(C(C(C(F)(F)F)(F)F)(F)F)(F)F)C(=O)Nc1ccc(cc1)*,230.0
*Oc1ccc(cc1)NC(=O)c1cc(cc(c1)C(C(C(C(C(C(C(C(F)(F)F)(F)F)(F)F)(F)F)(F)F)(F)F)(F)F)(F)F)C(=O)Nc1ccc(cc1)*,230.0
*Oc1cc(ccc1)NC(=O)c1cc(cc(c1)C(C(C(C(C(C(C(C(F)(F)F)(F)F)(F)F)(F)F)(F)F)(F)F)(F)F)(F)F)C(=O)Nc1ccc(cc1)*,210.0
*Oc1cc(ccc1)NC(=O)c1cc(ccc1)C(=O)Nc1ccc(cc1)*,236.75
*N1C(=O)c2c(C1=O)cc(cc2)Oc1c2c(ccc1)c(ccc2)Oc1cc2c(C(=O)N(C2=O)c2cc(ccc2)*)cc1,260.0
*Oc1ccc(cc1)OC(=O)c1ccc(cc1)OCCOCCOCCOc1ccc(cc1)C(=O)Oc1ccc(cc1)OCCCCCCCCCC*,64.0
*N1C(=O)c2c(C1=O)cc(cc2)Oc1cc2c(cc1Oc1cc3c(C(=O)N(C3=O)c3cc(ccc3)*)cc1)cccc2,228.75
*N1C(=O)c2c(C1=O)cc(cc2)Oc1cc2c(cc1)cc(cc2)Oc1cc2c(C(=O)N(C2=O)c2cc(ccc2)*)cc1,230.0
*N1C(=O)c2c(C1=O)cc(cc2)Oc1cc2c(cc1)ccc(c2)Oc1cc2c(C(=O)N(C2=O)c2cc(ccc2)*)cc1,249.5
*N1C(=O)c2c(C1=O)cc(cc2)Oc1c2c(ccc1)c(ccc2)Oc1cc2c(C(=O)N(C2=O)c2ccc(cc2)Oc2ccc(cc2)*)cc1,240.0
*N1C(=O)c2c(C1=O)cc(cc2)Oc1cc2c(cc1Oc1cc3c(C(=O)N(C3=O)c3ccc(cc3)Oc3ccc(cc3)*)cc1)cccc2,228.75
*N1C(=O)c2c(C1=O)cc(cc2)Oc1cc2c(cc1)ccc(c2)Oc1cc2c(C(=O)N(C2=O)c2ccc(cc2)Oc2ccc(cc2)*)cc1,249.5
*N1C(=O)c2c(C1=O)cc(cc2)Oc1c2c(ccc1)c(ccc2)Oc1cc2c(C(=O)N(C2=O)c2cc(ccc2)Oc2ccc(cc2)*)cc1,235.0
*N1C(=O)c2c(C1=O)cc(cc2)Oc1cc2c(cc1Oc1cc3c(C(=O)N(C3=O)c3cc(ccc3)Oc3ccc(cc3)*)cc1)cccc2,226.0
*N1C(=O)c2c(C1=O)cc(cc2)Oc1cc2c(cc1)cc(cc2)Oc1cc2c(C(=O)N(C2=O)c2cc(ccc2)Oc2ccc(cc2)*)cc1,225.0
*N1C(=O)c2c(C1=O)cc(cc2)Oc1cc2c(cc1)ccc(c2)Oc1cc2c(C(=O)N(C2=O)c2cc(ccc2)Oc2ccc(cc2)*)cc1,221.0
*N1C(=O)c2c(C1=O)cc(cc2)Oc1c2c(ccc1)c(ccc2)Oc1cc2c(C(=O)N(C2=O)c2ccc(cc2)C(c2ccc(cc2)*)(C)C)cc1,265.0
*N1C(=O)c2c(C1=O)cc(cc2)Oc1cc2c(cc1)cc(cc2)Oc1cc2c(C(=O)N(C2=O)c2ccc(cc2)C(c2ccc(cc2)*)(C)C)cc1,236.0
*N1C(=O)c2c(C1=O)cc(cc2)Oc1cc2c(cc1)ccc(c2)Oc1cc2c(C(=O)N(C2=O)c2ccc(cc2)C(c2ccc(cc2)*)(C)C)cc1,247.0
*N1C(=O)c2c(C1=O)cc(cc2)Oc1c2c(ccc1)c(ccc2)Oc1cc2c(C(=O)N(C2=O)c2ccc(cc2)C(c2ccc(cc2)C(c2ccc(cc2)*)(C)C)(C)C)cc1,253.0
*N1C(=O)c2c(C1=O)cc(cc2)Oc1cc2c(cc1)cc(cc2)Oc1cc2c(C(=O)N(C2=O)c2ccc(cc2)C(c2ccc(cc2)C(c2ccc(cc2)*)(C)C)(C)C)cc1,246.0
*N1C(=O)c2c(C1=O)cc(cc2)Oc1cc2c(cc1)ccc(c2)Oc1cc2c(C(=O)N(C2=O)c2ccc(cc2)C(c2ccc(cc2)C(c2ccc(cc2)*)(C)C)(C)C)cc1,246.0
*N1C(=O)c2c(C1=O)cc(cc2)Oc1cc2c(cc1Oc1cc3c(C(=O)N(C3=O)c3ccc(cc3)Oc3ccc(cc3)Oc3ccc(cc3)*)cc1)cccc2,224.5
*N1C(=O)c2c(C1=O)cc(cc2)Oc1cc2c(cc1)ccc(c2)Oc1cc2c(C(=O)N(C2=O)c2ccc(cc2)Oc2ccc(cc2)Oc2ccc(cc2)*)cc1,228.0
*N1C(=O)c2c(C1=O)cc(cc2)Oc1cc2c(cc1Oc1cc3c(C(=O)N(C3=O)c3ccc(cc3)Oc3cc(ccc3)Oc3ccc(cc3)*)cc1)cccc2,208.0
*N1C(=O)c2c(C1=O)cc(cc2)Oc1cc2c(cc1Oc1cc3c(C(=O)N(C3=O)c3ccc(cc3)Oc3ccc(cc3)c3ccc(cc3)Oc3ccc(cc3)*)cc1)cccc2,222.5
*N1C(=O)c2c(C1=O)cc(cc2)Oc1cc2c(cc1)cc(cc2)Oc1cc2c(C(=O)N(C2=O)c2ccc(cc2)Oc2ccc(cc2)c2ccc(cc2)Oc2ccc(cc2)*)cc1,230.0
*N1C(=O)c2c(C1=O)cc(cc2)Oc1cc2c(cc1)ccc(c2)Oc1cc2c(C(=O)N(C2=O)c2ccc(cc2)Oc2ccc(cc2)c2ccc(cc2)Oc2ccc(cc2)*)cc1,231.0
*N1C(=O)c2c(C1=O)cc(cc2)Oc1c2c(ccc1)c(ccc2)Oc1cc2c(C(=O)N(C2=O)c2c(cc(cc2C)Cc2cc(c(c(c2)C)*)C)C)cc1,281.0
*N1C(=O)c2c(C1=O)cc(cc2)Oc1cc2c(cc1Oc1cc3c(C(=O)N(C3=O)c3c(cc(cc3C)Cc3cc(c(c(c3)C)*)C)C)cc1)cccc2,265.0
*N1C(=O)c2c(C1=O)cc(cc2)Oc1cc2c(cc1)ccc(c2)Oc1cc2c(C(=O)N(C2=O)c2c(cc(cc2C)Cc2cc(c(c(c2)C)*)C)C)cc1,272.0
*N1C(=O)c2c(C1=O)cc(cc2)Oc1cc2c(cc1Oc1cc3c(C(=O)N(C3=O)c3c(cc(cc3C)c3cc(c(c(c3)C)*)C)C)cc1)cccc2,308.0
*N1C(=O)c2c(C1=O)cc(cc2)Oc1c2c(ccc1)c(ccc2)Oc1cc2c(C(=O)N(C2=O)c2cc(cc(c2)C(F)(F)F)*)cc1,250.0
*N1C(=O)c2c(C1=O)cc(cc2)Oc1cc2c(cc1Oc1cc3c(C(=O)N(C3=O)c3cc(cc(c3)C(F)(F)F)*)cc1)cccc2,250.0
*N1C(=O)c2c(C1=O)cc(cc2)Oc1cc2c(cc1)ccc(c2)Oc1cc2c(C(=O)N(C2=O)c2cc(cc(c2)C(F)(F)F)*)cc1,235.0
*N1C(=O)c2c(C1=O)cc(cc2)Oc1c2c(ccc1)c(ccc2)Oc1cc2c(C(=O)N(C2=O)c2ccc(cc2)C(c2ccc(cc2)*)(C(F)(F)F)C(F)(F)F)cc1,276.0
*N1C(=O)c2c(C1=O)cc(cc2)Oc1cc2c(cc1Oc1cc3c(C(=O)N(C3=O)c3ccc(cc3)C(c3ccc(cc3)*)(C(F)(F)F)C(F)(F)F)cc1)cccc2,256.0
*N1C(=O)c2c(C1=O)cc(cc2)Oc1cc2c(cc1)cc(cc2)Oc1cc2c(C(=O)N(C2=O)c2ccc(cc2)C(c2ccc(cc2)*)(C(F)(F)F)C(F)(F)F)cc1,218.0
*N1C(=O)c2c(C1=O)cc(cc2)Oc1cc2c(cc1)ccc(c2)Oc1cc2c(C(=O)N(C2=O)c2ccc(cc2)C(c2ccc(cc2)*)(C(F)(F)F)C(F)(F)F)cc1,256.0
*Oc1cc(ccc1)NC(=O)c1ccc(cc1)C(=O)c1cc(ccc1)C(=O)Nc1ccc(cc1)*,237.0
*Oc1ccc(cc1)C(c1ccc(cc1)OCC(CN(S(=O)(=O)c1cc(ccc1)S(=O)(=O)N(CC(C*)O)C)C)O)(C)C,76.0
*Oc1ccc(cc1)Sc1ccc(cc1)OCC(CN(S(=O)(=O)c1cc(ccc1)S(=O)(=O)N(CC(C*)O)C)C)O,90.0
*Oc1ccc(cc1)S(=O)(=O)c1ccc(cc1)OCC(CN(S(=O)(=O)c1cc(ccc1)S(=O)(=O)N(CC(C*)O)C)C)O,100.0
*Oc1ccc(cc1)OCC(CN(S(=O)(=O)c1cc(ccc1)S(=O)(=O)N(CC(C*)O)C)C)O,66.0
*Oc1ccc(cc1)c1ccc(cc1)OCC(CN(S(=O)(=O)c1cc(ccc1)S(=O)(=O)N(CC(C*)O)C)C)O,58.0
*Oc1ccc(cc1)C(c1ccc(cc1)OCC(CN(S(=O)(=O)c1ccc(cc1)c1ccc(cc1)S(=O)(=O)N(CC(C*)O)C)C)O)(C)C,101.0
*Oc1ccc(cc1)OCC(CN(S(=O)(=O)c1ccc(cc1)c1ccc(cc1)S(=O)(=O)N(CC(C*)O)C)C)O,84.0
*Oc1ccc(cc1)C(c1ccc(cc1)OCC(CN(S(=O)(=O)c1ccc(cc1)c1ccc(cc1)S(=O)(=O)N(CC(C*)O)CCO)CCO)O)(C)C,76.0
*Oc1ccc(cc1)NC(=O)/C=C/c1ccc(cc1)/C=C/C(=O)Nc1ccc(cc1)*,205.0
*Oc1ccc(cc1)NC(=O)c1ccc(cc1)Oc1ccc(cc1)C(=O)Nc1ccc(cc1)*,274.0
*Oc1ccc(cc1)Oc1ccc(cc1)NC(=O)c1ccc(cc1)Oc1ccc(cc1)Oc1ccc(cc1)C(=O)Nc1ccc(cc1)*,236.0
*Oc1c(cc(cc1)Oc1ccc(cc1)NC(=O)c1ccc(cc1)Oc1c(cc(cc1)Oc1ccc(cc1)C(=O)Nc1ccc(cc1)*)C)C,218.5
*Oc1c(cc(cc1)Oc1ccc(cc1)NC(=O)c1ccc(cc1)Oc1c(cc(cc1)Oc1ccc(cc1)C(=O)Nc1ccc(cc1)*)c1ccccc1)c1ccccc1,200.5
*Oc1cc(ccc1)Oc1ccc(cc1)NC(=O)c1ccc(cc1)Oc1cc(ccc1)Oc1ccc(cc1)C(=O)Nc1ccc(cc1)*,176.5
*Oc1cc(ccc1)Oc1cc(ccc1)NC(=O)c1cc(ccc1)Oc1cc(ccc1)Oc1cc(ccc1)C(=O)Nc1cc(ccc1)*,137.5
*Oc1ccc(cc1)C(=O)N(C(=O)c1ccc(cc1)OCCCCCC*)c1ccccc1,100.0
*Oc1ccc(cc1)C(=O)N(C(=O)c1ccc(cc1)OCCCCCC*)c1ccc(cc1)Oc1ccccc1,78.0
*Oc1ccc(cc1)C(=O)N(C(=O)c1ccc(cc1)OCCCCCC*)c1cc(cc(c1)C)C,75.0
*Oc1ccc(cc1)C(=O)N(C(=O)c1ccc(cc1)OCCCCCC*)c1c2c(ccc1)cccc2,56.0
*Oc1ccc(cc1)c1ccc(cc1)OCCCCCCOC(=O)OCCCCCCOC(=O)OCCCCCC*,14.95
*Oc1ccc(cc1)c1ccc(cc1)OCCCCCCOC(=O)Nc1c(ccc(c1)NC(=O)OCCCCCC*)C,85.68
*Oc1ccc(cc1)C(=O)Nc1ccc(cc1)Cc1ccc(cc1)NC(=O)c1ccc(cc1)Oc1ccc(cc1)C(=O)c1ccc(cc1)S(=O)(=O)c1ccc(cc1)C(=O)c1ccc(cc1)*,240.0
*Oc1ccc(cc1)C(=O)Nc1ccc(cc1)S(=O)(=O)c1ccc(cc1)NC(=O)c1ccc(cc1)Oc1ccc(cc1)C(=O)c1ccc(cc1)S(=O)(=O)c1ccc(cc1)C(=O)c1ccc(cc1)*,260.0
*Oc1c(c(c(c(c1C)C)NC(=O)c1ccc(cc1)C(=O)Nc1ccc(cc1)*)C)C,333.0
*Oc1c(c(c(c(c1C)C)Oc1ccc(cc1)NC(=O)c1ccc(cc1)C(=O)Nc1ccc(cc1)*)C)C,310.0
*Oc1c(cc(cc1)OC(=O)c1ccc(cc1)OCCCCCCCCOc1ccc(cc1)C(=O)*)C(=O)CC,70.0
*Oc1ccc(cc1)Oc1ccc(cc1)C(=O)Nc1ccc(cc1)Cc1ccc(cc1)NC(=O)c1ccc(cc1)*,216.0
*Oc1ccc(cc1)Oc1ccc(cc1)C(=O)Nc1ccc(cc1)Oc1ccc(cc1)S(=O)(=O)c1ccc(cc1)Oc1ccc(cc1)NC(=O)c1ccc(cc1)*,220.0
*Oc1ccc(cc1)Oc1ccc(cc1)NC(=O)c1ccc(cc1)Oc1c(cc(cc1)Oc1ccc(cc1)C(=O)Nc1ccc(cc1)*)C,200.0
*Oc1c(cc(cc1)Oc1ccc(cc1)C(=O)Nc1ccc(cc1)Oc1ccc(cc1)c1ccc(cc1)Oc1ccc(cc1)NC(=O)c1ccc(cc1)*)C,220.0
*Oc1c(cc(cc1)Oc1ccc(cc1)C(=O)Nc1ccc(cc1)Oc1ccc(cc1)S(=O)(=O)c1ccc(cc1)Oc1ccc(cc1)NC(=O)c1ccc(cc1)*)C,217.0
*Oc1c(cc(cc1)Oc1ccc(cc1)C(=O)Nc1ccc(cc1)Oc1ccc(cc1)NC(=O)c1ccc(cc1)*)c1ccccc1,219.0
*Oc1c(cc(cc1)Oc1ccc(cc1)C(=O)Nc1ccc(cc1)Cc1ccc(cc1)NC(=O)c1ccc(cc1)*)c1ccccc1,218.0
*Oc1ccc(cc1)Oc1ccc(cc1)NC(=O)c1ccc(cc1)Oc1c(cc(cc1)Oc1ccc(cc1)C(=O)Nc1ccc(cc1)*)c1ccccc1,209.0
*Oc1c(cc(cc1)Oc1ccc(cc1)C(=O)Nc1ccc(cc1)Oc1ccc(cc1)c1ccc(cc1)Oc1ccc(cc1)NC(=O)c1ccc(cc1)*)c1ccccc1,232.0
*Oc1c(cc(cc1)Oc1ccc(cc1)C(=O)Nc1ccc(cc1)Oc1ccc(cc1)S(=O)(=O)c1ccc(cc1)Oc1ccc(cc1)NC(=O)c1ccc(cc1)*)c1ccccc1,231.0
*Oc1ccc(cc1)C1(c2ccccc2c2ccccc12)c1ccc(cc1)OCC(CN(S(=O)(=O)c1cc(ccc1)S(=O)(=O)N(CC(C*)O)C)C)O,127.0
*Oc1ccc(cc1)S(=O)(=O)c1ccc(cc1)Oc1ccc(cc1)C1(c2ccccc2c2ccccc12)c1ccc(cc1)*,276.67
*c1oc(cc1)CC*,23.0
*N1C(=O)c2c(C1=O)cc(cc2)Oc1cc2c(cc1)cc(cc2)Oc1cc2c(C(=O)N(C2=O)c2ccc(cc2)Oc2ccc(cc2)*)cc1,249.0
*Oc1ccc(cc1)C(c1ccc(cc1)C(c1ccc(cc1)Oc1ccc(cc1)C(=O)Nc1ccc(cc1)NC(=O)c1ccc(cc1)*)(C)C)(C)C,163.0
*Oc1ccc(cc1)C(c1ccc(cc1)C(c1ccc(cc1)Oc1ccc(cc1)C(=O)Nc1cc(ccc1)NC(=O)c1ccc(cc1)*)(C)C)(C)C,173.0
*Oc1ccc(cc1)NC(=O)c1ccc(cc1)Oc1ccc(cc1)C(c1ccc(cc1)C(c1ccc(cc1)Oc1ccc(cc1)C(=O)Nc1ccc(cc1)*)(C)C)(C)C,174.0
*Oc1cc(ccc1)NC(=O)c1ccc(cc1)Oc1ccc(cc1)C(c1ccc(cc1)C(c1ccc(cc1)Oc1ccc(cc1)C(=O)Nc1ccc(cc1)*)(C)C)(C)C,168.0
*Oc1ccc(cc1)C(c1ccc(cc1)C(c1ccc(cc1)Oc1ccc(cc1)C(=O)Nc1ccc(cc1)Cc1ccc(cc1)NC(=O)c1ccc(cc1)*)(C)C)(C)C,162.0
*Oc1ccc(cc1)Oc1ccc(cc1)NC(=O)c1ccc(cc1)Oc1ccc(cc1)C(c1ccc(cc1)C(c1ccc(cc1)Oc1ccc(cc1)C(=O)Nc1ccc(cc1)*)(C)C)(C)C,165.0
*Oc1ccc(cc1)NC(=O)c1ccc(cc1)Oc1ccc(cc1)C(c1ccc(cc1)C(c1ccc(cc1)Oc1ccc(cc1)C(=O)Nc1ccc(cc1)Oc1ccc(cc1)C(c1ccc(cc1)*)(C)C)(C)C)(C)C,163.0
*Oc1ccc(cc1)NC(=O)c1ccc(cc1)Oc1ccc(cc1)C(c1ccc(cc1)C(c1ccc(cc1)Oc1ccc(cc1)C(=O)Nc1ccc(cc1)Oc1ccc(cc1)c1ccc(cc1)*)(C)C)(C)C,177.0
*Oc1ccc(cc1)S(=O)(=O)c1ccc(cc1)Oc1ccc(cc1)NC(=O)c1ccc(cc1)Oc1ccc(cc1)C(c1ccc(cc1)C(c1ccc(cc1)Oc1ccc(cc1)C(=O)Nc1ccc(cc1)*)(C)C)(C)C,177.0
*Oc1ccc(cc1)NC(=O)c1ccc(cc1)Oc1ccc(cc1)C(c1ccc(cc1)C(c1ccc(cc1)Oc1ccc(cc1)C(=O)Nc1ccc(cc1)Oc1ccc(cc1)C(c1ccc(cc1)*)(C(F)(F)F)C(F)(F)F)(C)C)(C)C,169.0
*Oc1ccc(cc1)C(c1cc(ccc1)C(c1ccc(cc1)Oc1ccc(cc1)C(=O)Nc1ccc(cc1)NC(=O)c1ccc(cc1)*)(C)C)(C)C,154.0
*Oc1ccc(cc1)C(c1cc(ccc1)C(c1ccc(cc1)Oc1ccc(cc1)C(=O)Nc1cc(ccc1)NC(=O)c1ccc(cc1)*)(C)C)(C)C,155.0
*Oc1ccc(cc1)NC(=O)c1ccc(cc1)Oc1ccc(cc1)C(c1cc(ccc1)C(c1ccc(cc1)Oc1ccc(cc1)C(=O)Nc1ccc(cc1)*)(C)C)(C)C,155.0
*Oc1cc(ccc1)NC(=O)c1ccc(cc1)Oc1ccc(cc1)C(c1cc(ccc1)C(c1ccc(cc1)Oc1ccc(cc1)C(=O)Nc1ccc(cc1)*)(C)C)(C)C,147.0
*Oc1ccc(cc1)C(c1cc(ccc1)C(c1ccc(cc1)Oc1ccc(cc1)C(=O)Nc1ccc(cc1)Cc1ccc(cc1)NC(=O)c1ccc(cc1)*)(C)C)(C)C,149.0
*Oc1ccc(cc1)Oc1ccc(cc1)NC(=O)c1ccc(cc1)Oc1ccc(cc1)C(c1cc(ccc1)C(c1ccc(cc1)Oc1ccc(cc1)C(=O)Nc1ccc(cc1)*)(C)C)(C)C,147.0
*Oc1ccc(cc1)NC(=O)c1ccc(cc1)Oc1ccc(cc1)C(c1cc(ccc1)C(c1ccc(cc1)Oc1ccc(cc1)C(=O)Nc1ccc(cc1)Oc1ccc(cc1)C(c1ccc(cc1)*)(C)C)(C)C)(C)C,147.0
*Oc1ccc(cc1)NC(=O)c1ccc(cc1)Oc1ccc(cc1)C(c1cc(ccc1)C(c1ccc(cc1)Oc1ccc(cc1)C(=O)Nc1ccc(cc1)Oc1ccc(cc1)c1ccc(cc1)*)(C)C)(C)C,167.0
*Oc1ccc(cc1)S(=O)(=O)c1ccc(cc1)Oc1ccc(cc1)NC(=O)c1ccc(cc1)Oc1ccc(cc1)C(c1cc(ccc1)C(c1ccc(cc1)Oc1ccc(cc1)C(=O)Nc1ccc(cc1)*)(C)C)(C)C,167.0
*Oc1ccc(cc1)NC(=O)c1ccc(cc1)Oc1ccc(cc1)C(c1cc(ccc1)C(c1ccc(cc1)Oc1ccc(cc1)C(=O)Nc1ccc(cc1)Oc1ccc(cc1)C(c1ccc(cc1)*)(C(F)(F)F)C(F)(F)F)(C)C)(C)C,154.0
*Oc1ccc(cc1)NC(=O)c1cc(ccc1)C(=O)Nc1ccc(cc1)Oc1ccc(cc1)C(c1ccc(cc1)*)(C(F)(F)F)C(F)(F)F,226.25
*Oc1ccc(cc1)NC(=O)c1cc(cc(c1)C(C)(C)C)C(=O)Nc1ccc(cc1)Oc1ccc(cc1)C(c1ccc(cc1)*)(C(F)(F)F)C(F)(F)F,254.25
*Oc1ccc(cc1)NC(=O)c1ccc(cc1)S(=O)(=O)c1ccc(cc1)C(=O)Nc1ccc(cc1)Oc1ccc(cc1)C(c1ccc(cc1)*)(C(F)(F)F)C(F)(F)F,250.0
*Oc1ccc(cc1)NC(=O)c1cc(cc(c1)[N+](=O)[O-])C(=O)Nc1ccc(cc1)Oc1ccc(cc1)C(c1ccc(cc1)*)(C(F)(F)F)C(F)(F)F,232.0
*Oc1ccc(cc1)NC(=O)c1ccc(cc1)C(=O)Nc1ccc(cc1)Oc1ccc(cc1)C(c1ccc(cc1)*)(C(F)(F)F)C(F)(F)F,243.0
*Oc1ccc(cc1)NC(=O)c1ccc(cc1)P(=O)(c1ccc(cc1)C(=O)Nc1ccc(cc1)*)c1ccccc1,254.0
*Oc1cc(ccc1)NC(=O)c1ccc(cc1)P(=O)(c1ccc(cc1)C(=O)Nc1cc(ccc1)Oc1ccc(cc1)P(=O)(c1ccc(cc1)*)c1ccccc1)c1ccccc1,235.0
*Oc1ccc(cc1)NC(=O)c1ccc(cc1)P(=O)(c1ccc(cc1)C(=O)Nc1ccc(cc1)Oc1ccc(cc1)P(=O)(c1ccc(cc1)*)c1ccccc1)c1ccccc1,225.0
*c1cc2c(C(=O)N(C2=O)c2ccc(cc2)N2C(=O)c3c(C2=O)cc(cc3)c2c(c(c(c(c2c2ccccc2)c2ccccc2)c2ccc(cc2)Oc2ccc(cc2)c2c(c(c(c(c2c2ccccc2)c2ccccc2)*)c2ccccc2)c2ccccc2)c2ccccc2)c2ccccc2)cc1,353.0
*c1cc2c(C(=O)N(C2=O)c2ccc(cc2)Oc2ccc(cc2)N2C(=O)c3c(C2=O)cc(cc3)c2c(c(c(c(c2c2ccccc2)c2ccccc2)c2ccc(cc2)Oc2ccc(cc2)c2c(c(c(c(c2c2ccccc2)c2ccccc2)*)c2ccccc2)c2ccccc2)c2ccccc2)c2ccccc2)cc1,329.0
*c1cc2c(C(=O)N(C2=O)c2cc(ccc2)Oc2ccc(cc2)N2C(=O)c3c(C2=O)cc(cc3)c2c(c(c(c(c2c2ccccc2)c2ccccc2)c2ccc(cc2)Oc2ccc(cc2)c2c(c(c(c(c2c2ccccc2)c2ccccc2)*)c2ccccc2)c2ccccc2)c2ccccc2)c2ccccc2)cc1,309.0
*c1cc2c(C(=O)N(C2=O)c2ccc(cc2)Oc2ccc(cc2)N2C(=O)c3c(C2=O)cc(cc3)c2c(c(c(c(c2c2ccccc2)c2ccccc2)c2ccc(cc2)Sc2ccc(cc2)c2c(c(c(c(c2c2ccccc2)c2ccccc2)*)c2ccccc2)c2ccccc2)c2ccccc2)c2ccccc2)cc1,322.0
*c1cc2c(C(=O)N(C2=O)c2cc(ccc2)Oc2ccc(cc2)N2C(=O)c3c(C2=O)cc(cc3)c2c(c(c(c(c2c2ccccc2)c2ccccc2)c2ccc(cc2)Sc2ccc(cc2)c2c(c(c(c(c2c2ccccc2)c2ccccc2)*)c2ccccc2)c2ccccc2)c2ccccc2)c2ccccc2)cc1,300.0
*Oc1ccc(cc1)C=CC(=O)c1ccc(cc1)Oc1ccc(cc1)C(c1ccc(cc1)*)(C)C,152.0
*Oc1ccc(cc1)C=CC(=O)c1ccc(cc1)Oc1c(cc(cc1)C(c1cc(c(cc1)*)C)(C)C)C,157.0
*Oc1ccc(cc1)C=CC(=O)c1ccc(cc1)Oc1ccc(cc1)C(c1ccc(cc1)*)(c1ccccc1)C,167.0
*Oc1ccc(cc1)C1(c2ccccc2c2ccccc12)c1ccc(cc1)Oc1ccc(cc1)C=CC(=O)c1ccc(cc1)*,195.0
*Oc1cc(cc(c1)[N+](=O)[O-])Oc1ccc(cc1)C(c1ccc(cc1)*)(C)C,150.0
*Oc1ccc(cc1)S(=O)(=O)c1ccc(cc1)OCC(C*)OC(=O)C,130.0
*Oc1c(cc(cc1c1ccccc1)*)c1c(c(ccc1)c1ccccc1)c1ccccc1,212.0
*OC(C*)C[N-][N+]#N,-44.57
*c1ccc2C3(OC(=O)c4ccccc34)c3c(Oc2c1)cc(cc3)OC(=O)c1cc(ccc1)C(=O)O*,276.0
*SC(*)(F)F,-118.0
*SCC*,-5.5
*SSCC*,-27.0
*SSSSCC*,-24.0
*SC(C*)C,-45.29
*SC(C*)CC,-50.0
*SC(C*)COCC=C,-59.0
*SCCC*,-61.5
*SCC(C*)(C)C,-51.03
*SC(C*)(C)C,-14.0
*SC(CC*)C,-59.0
*SCC(C*)(CC)C,-50.0
*SSCCCCC*,-72.0
*SSCCCCCC*,-74.0
*SSCCCCCCCCCC*,-65.0
*SSSCCCCCCCCCC*,-70.0
*SSSSCCCCCCCCCC*,-76.0
*SCCC(=O)NCCCCCCNC(=O)CC*,20.5
*SC1C(CCCC1)*,-45.0
*SC1CC(CCC1)*,-54.33
*Sc1ccc(cc1)*,93.49
*SSCc1ccc(cc1)C*,23.0
*SSSSCc1ccc(cc1)C*,3.0
*SC(C*)c1ccccc1,-2.5
*SCCCCC(=O)NCc1ccc(cc1)CNC(=O)CCCC*,70.0
*SCCCCCCC(=O)NCc1ccc(cc1)CNC(=O)CCCCCC*,65.0
*SCCCCCCCCCCC(=O)NCCc1ccc(cc1)CCNC(=O)CCCCCCCCCC*,58.0
*Oc1ccc(cc1)Sc1ccc(cc1)OC(=O)*,110.0
*OC(=O)c1ccc(cc1)SCCCCSc1ccc(cc1)C(=O)*,62.0
*C1(NCC(NC1)(C(=O)OCC(CSCC(COC(=O)*)(C)C)(C)C)C)C,40.0
*c1c(nc2c(n1)cc(cc2)c1cc2c(nc(c(n2)c2ccc(cc2)Sc2ccc(cc2)*)c2ccccc2)cc1)c1ccccc1,281.0
*c1sc2c(n1)ccc(c2)c1ccc2c(sc(n2)c2cc(ccc2)*)c1,495.0
*c1sc2c(n1)ccc(c2)c1ccc2c(sc(n2)CCCCCCCC*)c1,238.0
*c1nc2c(nc1c1ccccc1)cc(cc2)c1cc2c(nc(c(n2)c2ccccc2)c2ccc(cc2)Sc2ccc(cc2)*)cc1,288.0
*SSSCc1ccc(cc1)C*,8.0
*Sc1c(cc(cc1C)*)C,198.0
*Sc1c(cc(c(c1)C)*)C,298.0
*Sc1cc(ccc1)Sc1ccc(cc1)Sc1ccc(cc1)*,75.0
*Oc1c(cc(cc1)OC(=O)c1ccc(cc1)Sc1cc(ccc1)OC(=O)c1ccc(cc1)C(=O)Oc1cc(ccc1)Sc1ccc(cc1)C(=O)*)C,135.0
*Oc1c(cc(cc1)OC(=O)c1cc(ccc1)Sc1ccc(cc1)OC(=O)c1ccc(cc1)C(=O)Oc1ccc(cc1)Sc1cc(ccc1)C(=O)*)C,106.5
*Oc1c(cc(cc1)OC(=O)c1cc(ccc1)Sc1ccc(cc1)OC(=O)c1ccc(cc1)C(=O)Oc1ccc(cc1)Sc1cc(ccc1)C(=O)*)c1ccccc1,128.0
*c1sc(cc1)CC*,22.33
*c1cc2c(C(=O)N(C2=O)c2ccc(cc2)N2C(=O)c3c(C2=O)cc(cc3)c2c(c(c(c(c2c2ccccc2)c2ccccc2)c2ccc(cc2)Sc2ccc(cc2)c2c(c(c(c(c2c2ccccc2)c2ccccc2)*)c2ccccc2)c2ccccc2)c2ccccc2)c2ccccc2)cc1,344.0
*c1sc(cc1)C(=C(*)OC)OC,91.0
*OC(=O)CCC(=O)OCC*,-11.33
*OC(=O)CCC(=O)OCCC*,-34.42
*OC(=O)CCC(=O)OCCCC*,-22.65
*OC(=O)CCCC(=O)OCCC*,-33.67
*OC(=O)CCCCC(=O)OCC*,-61.91
*OC(=O)CCCCC(=O)OCCC*,-52.17
*OC(=O)CCCCC(=O)OCCCCCCCCCC*,-68.0
*OC(=O)CCCCCCC(=O)OCCC*,-58.75
*OC(=O)CCCCCCC(=O)OCCCCCCCCCC*,-22.0
*OC(=O)CCCCCCCC(=O)OCC*,-45.0
*OC(=O)CCCCCCCCC(=O)OCC*,-37.16
*OC(=O)CCCCCCCCC(=O)OCCCC*,-64.4
*OC(=O)CCCCCCCCC(=O)OCCCCCC*,-50.0
*OC(=O)CCCCCCCCC(=O)OCCCCCCCCCC*,-53.0
*OC(=O)c1ccc(cc1)C(=O)OCC*,77.74
*OC(=O)c1cc(ccc1)C(=O)OCC*,56.5
*OC(=O)c1ccc(cc1)C(=O)OCCCC*,45.52
*OC(=O)c1cc(ccc1)C(=O)OCCCC*,19.1
*OC(=O)c1ccc(cc1)C(=O)OCCCCC*,20.39
*OC(=O)c1ccc(cc1)C(=O)OCCCCCC*,17.08
*OC(=O)c1ccc(cc1)C(=O)OCCCCCCCCCC*,5.33
*OC(=O)c1ccc(cc1)C(=O)OCC1CCC(CC1)C*,83.89
*Oc1c(cc(cc1Cl)C(c1cc(c(c(c1)Cl)OC(=O)CCCCC(=O)*)Cl)(C)C)Cl,100.0
*Oc1ccc(cc1)C(c1ccc(cc1)OC(=O)C1CCC(CC1)C(=O)*)(C)C,150.0
*Oc1ccc(cc1)C(c1ccc(cc1)OC(=O)c1ccc(cc1)C(=O)*)(C)C,202.92
*Oc1ccc(cc1)Cc1ccc(cc1)OC(=O)c1cc(ccc1)C(=O)*,150.0
*Oc1ccc(cc1)C(c1ccc(cc1)OC(=O)c1cc(ccc1)C(=O)*)(C)C,166.08
*OC(=O)c1cc2c(cc1)ccc(c2)C(=O)OCC*,119.0
*OC(=O)c1cc2c(cc1)cc(cc2)C(=O)OCC*,121.43
*O[Si](CC(COC(=O)c1cc(ccc1)C(=O)OCC(C[Si](*)(C)C)(C)C)(C)C)(C)C,-52.0
*SC(=O)CCCCC*,19.0
*OC(=O)CCCCC(=O)OCCCC*,-70.49
*OC(=O)CCCCC(=O)OCCCCC*,-70.33
*OC1CCC(CC1)OC(=O)CCCCC(=O)*,77.8
*OC(=O)CCCCCCCCC(=O)OCC#CC*,-30.88
*OC(=O)c1c(cccc1)C(=O)OCC*,70.88
*Oc1cc(ccc1)OC(=O)c1cc(ccc1)C(=O)*,141.6
*Oc1c(cc(cc1)C(c1cc(c(cc1)OC(=O)c1ccc(cc1)C(=O)*)C)(C)C)C,167.0
*Oc1ccc(cc1)C1(c2ccccc2c2ccccc12)c1ccc(cc1)OC(=O)c1cc(ccc1)C(=O)*,269.5
*C1(c2c(C(=O)O1)cccc2)c1ccc(cc1)OC(=O)c1ccc(cc1)C(=O)Oc1ccc(cc1)*,279.0
*C1(c2c(C(=O)O1)cccc2)c1ccc(cc1)OC(=O)c1cc(ccc1)C(=O)Oc1ccc(cc1)*,282.5
*OC(=O)c1c2c(ccc1)c(ccc2)C(=O)OCC*,75.0
*OC(=O)c1c2c(c(cc1)C(=O)OCC*)cccc2,64.0
*OC(=O)C*,55.86
*OC(=O)CCC*,-28.78
*OC(=O)CCCC*,-58.13
*OC(=O)CCCCC*,-57.39
*OC(=O)CCCCCCCCCC*,-46.05
*OC(=O)CCCCCCCCCCCC*,-41.37
*OC(=O)CCCCCCCCCCCCCC*,-35.42
*OC(=O)CCCCCC*,-14.0
*OC(=O)CCCCC(=O)OCCCCCC*,-70.67
*OC(=O)CCCCCCCCCCCCCCCCC(=O)OCCCCCCCCCC*,-17.0
*OC(=O)CCCCC(=O)OCCCCCCCCCCCCCCCC*,-15.0
*OC(=O)CCCCCCC(=O)OCCCCCCCCCCCCCCCC*,-26.0
*OC(=O)c1ccc(cc1)C(=O)OCCC*,53.44
*OC(=O)c1cc(ccc1)C(=O)OCCCCCCCCCC*,-22.5
*OC(=O)c1ccc(cc1)C(=O)OCC(C(C*)C)C,37.5
*OC(=O)c1ccc(cc1)C(=O)OCC(C(C*)CC)CC,26.0
*OC(=O)c1ccc(cc1)C(=O)OCC(C(C*)CCC)CCC,19.67
*OC(=O)c1ccc(cc1)C(=O)OCC(C(C*)CCCC)CCCC,16.0
*OC(=O)c1ccc(cc1)C(=O)OCC(C(C*)CCCCCC)CCCCCC,-15.5
*OC(=O)c1ccc(cc1)C(=O)OCC(C(C*)CCCCCCCCCC)CCCCCCCCCC,-38.0
*OC(=O)c1ccc(cc1)C(=O)OCC(C(C*)CCCCCCCCCCCCCCCC)CCCCCCCCCCCCCCCC,-27.0
*OC(=O)c1ccc(cc1)C(=O)OCC(C(C*)C(C)C)C(C)C,65.0
*Oc1c(cc(cc1)OC(=O)c1ccc(cc1)C(=O)*)CCC(CC)C,237.0
*Oc1c(cc(cc1)OC(=O)c1ccc(cc1)C(=O)*)C1CCCCC1,206.0
*Oc1c(cc(cc1)OC(=O)c1ccc(cc1)C(=O)*)C1C2CCC(C1)C2,267.0
*OC(=O)c1cc(ccc1)C(=O)OCCCCC*,7.0
*OC(=O)c1cc(ccc1)C(=O)OCCCCCC*,5.5
*Oc1ccc(cc1)c1ccc(cc1)OC(=O)CCCCCCCCCCCCC(=O)*,95.0
*OC(=O)CCC(=O)OCC1CCC(CC1)C*,-1.0
*OC(=O)CCCCCC(=O)OCC*,-54.0
*OC(=O)c1ccc(cc1)C(=O)OCCCCCCC*,-1.0
*OC(=O)C(=O)OCCCCCC*,66.5
*OC(CC(=O)*)C,2.01
*OC(C(=O)*)C,53.36
*OC(=O)CC*,-24.18
*OC(CCC(C(=O)*)C1OCCCO1)CCC,17.4
*OC(=O)C(C*)(CC)CC,60.0
*OC(=O)C(C*)(C)C,-6.17
*OC(CC(=O)*)CC,-16.67
*OC(=O)C(C*)(CC)C,-7.4
*OC(=O)C(C*)C,-26.33
*OC(=O)C(C*)(CCC)C,7.35
*OC(CC(=O)*)C(Cl)(Cl)Cl,156.0
*OC(=O)c1ccc(cc1)C(=O)OCCCCCCCCC*,22.0
*OC(=O)c1ccc(cc1)C(=O)OCCCCCCCC*,23.0
*Oc1ccc(cc1)OC(=O)CCCCC(=O)*,90.0
*OC(=O)C1CCC(CC1)C(=O)OCC1CCC(CC1)C*,67.68
*OC(=O)c1cc(ccc1)C(=O)OCC1CCC(CC1)C*,70.0
*OC(=O)CCCCCNC(=O)CCCCC(=O)NCCCCCC(=O)OCCCCCCCCCC*,-12.0
*OC(=O)c1ccc(cc1)c1ccc(cc1)C(=O)OCCCCCCCCCC*,46.0
*OC(=O)CC(=O)OCCCCCCCCCCCCCCCCCCCC*,-35.1
*OC(=O)C1CCC(CC1)C(=O)OCC*,25.0
*OC(=O)c1ccc(cc1)c1ccc(cc1)C(=O)OCC*,60.0
*OC(COC(=O)c1cc(ccc1)C(=O)*)C,75.17
*OC(=O)CCCCCNC(=O)CCCCC(=O)NCCCCCC(=O)OCCCCCC*,-7.0
*OC(=O)c1ccc(cc1)c1ccc(cc1)C(=O)OCCCCCC*,52.0
*Oc1cc(ccc1)C(=O)*,142.33
*Oc1ccc(cc1)CC(=O)*,117.0
*OC(CC(=O)*)C(Cl)(Cl)C,109.0
*SC(C(=O)*)C,12.0
*SC(=O)CCC(CC*)C,-50.0
*Oc1ccc(cc1)Cc1ccc(cc1)OC(=O)CCCCC(=O)*,60.5
*OC(=O)c1ccc(cc1)c1ccc(cc1)C(=O)OCCCCCCCC*,41.4
*OC(=O)CCCCC(=O)OCC(C(C(C*)(F)F)(F)F)(F)F,-60.5
*OC(=O)c1ccc(cc1)c1ccc(cc1)C(=O)OCCCCC*,45.25
*Oc1cc(ccc1)OC(=O)CCC(=O)*,38.2
*Oc1ccc(cc1)OC(=O)c1ccc(cc1)C(=O)*,267.0
*OC(=O)CCCCCNC(=O)CCCCC(=O)NCCCCCC(=O)OCCCC*,-15.0
*OC(=O)c1ccc(cc1)c1ccc(cc1)C(=O)OCCCC*,70.0
*OC(=O)CCCC(=O)OCCCC*,-36.5
*OC(=O)COCC(=O)OCCCC*,-27.0
*OC(=O)CCCCC(=O)OCC(C*)(C)C,-50.0
*OC(=O)C1CCC(CC1)C(=O)OCCC*,-6.0
*OC(CCOC(=O)c1ccc(cc1)c1ccc(cc1)C(=O)*)C,86.83
*OC(=O)c1cc(ccc1)C(=O)OCCC*,36.0
*OC(=O)CCC(=O)OCC(C*)(C)C,-18.0
*OC(=O)c1ccc(cc1)C(=O)OCC(C*)(C)C,68.0
*OC(=O)c1cc(ccc1)C(=O)OCc1ccc(cc1)C*,143.0
*Oc1c(cc(cc1C)c1cc(c(c(c1)C)OC(=O)CCCCC(=O)*)C)C,108.0
*Oc1c(cc(cc1C)C(c1cc(c(c(c1)C)OC(=O)CCCCC(=O)*)C)(C)C)C,93.0
*Oc1ccc(cc1)C(c1ccc(cc1)OC(=O)CCCCC(=O)*)(C)C,54.0
*Oc1c(cc(cc1c1ccccc1)Cc1cc(c(c(c1)c1ccccc1)OC(=O)CCCCC(=O)*)c1ccccc1)c1ccccc1,115.0
*Oc1cc(cc(c1)CCCC)OC(=O)c1cc(ccc1)C(=O)*,97.5
*O[Sn](OC(=O)CCCCC(=O)*)(CCCC)CCCC,110.0
*O[Sn](OC(=O)c1ccc(cc1)C(=O)*)(CCCC)CCCC,315.0
*OC(=O)c1cc2c(cc1)cc(cc2)C(=O)OCCCCCCCCCC*,43.75
*OC(=O)CCC(CC*)C,-53.0
*OC(CCCC(C(=O)*)C)C,-33.0
*Oc1cc(cc(c1)CC)OC(=O)c1cc(ccc1)C(=O)*,138.0
*OC(=O)c1cc(cc(c1)C(C(C(C(C(C(C(F)(F)F)(F)F)(F)F)(F)F)(F)F)(F)F)(F)F)C(=O)OCC(C(C(C*)(F)F)(F)F)(F)F,27.0
*OC(=O)c1cc(ccc1)c1cc(ccc1)C(=O)OCC(C(C(C*)(F)F)(F)F)(F)F,45.0
*OC(=O)c1cc(ccc1)C(C(C(C(C(c1cc(ccc1)C(=O)OCC(C(C(C*)(F)F)(F)F)(F)F)(F)F)(F)F)(F)F)(F)F)(F)F,19.83
*OC(=O)c1cc(ccc1)C(C(C(c1cc(ccc1)C(=O)OCC(C(C(C*)(F)F)(F)F)(F)F)(F)F)(F)F)(F)F,18.67
*Oc1cc(cc(c1)CCCCCC)OC(=O)c1cc(ccc1)C(=O)*,67.5
*Oc1ccc(cc1)c1ccc(cc1)OC(=O)c1cc(ccc1)C(=O)*,185.5
*OC(=O)c1cc(ccc1)C(=O)OCC(C(C(C*)(F)F)(F)F)(F)F,23.5
*Oc1c(cc(cc1)C(c1cc(c(cc1)OC(=O)c1cc(ccc1)C(=O)*)C)(C)C)C,162.0
*Oc1c(cc(cc1C)C(c1cc(c(c(c1)C)OC(=O)c1cc(ccc1)C(=O)*)C)(C)C)C,187.0
*Oc1ccc(cc1)C1(CCCCC1)c1ccc(cc1)OC(=O)c1cc(ccc1)C(=O)*,127.0
*Oc1c(cc(cc1C)c1cc(c(c(c1)C)OC(=O)CCCCCCCCC(=O)*)C)C,57.0
*OC1C(C(C1(C)C)OC(=O)C1CCC(CC1)C(=O)*)(C)C,169.0
*OC1C(C(C1(C)C)OC(=O)c1ccc(cc1)C(=O)*)(C)C,184.0
*OC(=O)C1CCC(CC1)C(=O)OCCCC*,-10.5
*OC(=O)c1cc2c(cc1)cc(cc2)C(=O)OCCCCCC*,59.33
*OC(=O)c1cc2c(cc1)cc(cc2)C(=O)OCCCCC*,50.83
*OC(=O)c1cc2c(cc1)cc(cc2)C(=O)OCCCC*,65.5
*OC(=O)c1cc2c(cc1)cc(cc2)C(=O)OCCC*,84.0
*Oc1c(cc(cc1C)C(c1cc(c(c(c1)C)OC(=O)CCCCCCCCC(=O)*)C)(C)C)C,45.0
*Oc1cc(cc(c1)C)OC(=O)c1cc(ccc1)C(=O)*,163.0
*OC(=O)C1CCC(CC1)C(=O)OCC(C*)(C)C,30.0
*Oc1cc(cc(c1)CCCCCCCCC)OC(=O)c1cc(ccc1)C(=O)*,41.5
*Oc1cc(cc(c1)CCCCCCCC)OC(=O)c1cc(ccc1)C(=O)*,50.5
*Oc1ccc(cc1)c1ccc(cc1)OC(=O)c1cc(cc(c1)CCCCC)C(=O)*,138.0
*OC(=O)c1c(c(ccc1)C(=O)OCC(C(C(C*)(F)F)(F)F)(F)F)OCCCCC,17.0
*OC(=O)c1c(ccc(c1)C(=O)OCC(C(C(C*)(F)F)(F)F)(F)F)OCCCCC,9.0
*OC(=O)c1cc(cc(c1)OCCCCC)C(=O)OCC(C(C(C*)(F)F)(F)F)(F)F,-30.0
*Oc1ccc(cc1)Cc1ccc(cc1)OC(=O)c1cc(cc(c1)OCCCCC)C(=O)*,110.0
*Oc1c(cc(cc1c1ccccc1)c1cc(c(c(c1)c1ccccc1)OC(=O)CCCCCCCCC(=O)*)c1ccccc1)c1ccccc1,98.0
*Oc1ccc(cc1)C1(c2ccccc2c2ccccc12)c1ccc(cc1)OC(=O)CCCCCCCCC(=O)*,151.0
*Oc1cc(ccc1)C(C(C(c1cc(ccc1)OC(=O)c1cc(ccc1)C(C(C(c1cc(ccc1)C(=O)*)(F)F)(F)F)(F)F)(F)F)(F)F)(F)F,74.0
*Oc1ccc(cc1)C(c1ccc(cc1)OC(=O)c1ccc(cc1)C(c1ccc(cc1)C(=O)*)(CC)C)(C)C,207.5
*Oc1ccc(cc1)C(c1ccc(cc1)OC(=O)c1cc(ccc1)C(C(C(c1cc(ccc1)C(=O)*)(F)F)(F)F)(F)F)(C)C,122.0
*Oc1ccc(cc1)C(c1ccc(cc1)OC(=O)CCCCCCCCC(=O)*)(C)C,14.25
*Oc1c(cc(cc1c1ccccc1)Cc1cc(c(c(c1)c1ccccc1)OC(=O)CCCCCCCCC(=O)*)c1ccccc1)c1ccccc1,92.0
*Oc1c(cc(cc1C)c1cc(c(c(c1)C)OC(=O)CCCCCC(=O)*)C)C,96.0
*Oc1c(cc(cc1C)C(c1cc(c(c(c1)C)OC(=O)CCCCCC(=O)*)C)(C)C)C,84.0
*Oc1c(cc(cc1c1ccccc1)Cc1cc(c(c(c1)c1ccccc1)OC(=O)CCCCCC(=O)*)c1ccccc1)c1ccccc1,111.0
*Oc1cc(cc(c1)CCC)OC(=O)c1cc(ccc1)C(=O)*,129.0
*Oc1c(cc(cc1)C(c1cc(c(cc1)OC(=O)c1ccc(cc1)C(=O)*)CCCC)(C)C)CCCC,156.67
*Oc1c(cc(cc1)C(c1cc(c(cc1)OC(=O)c1ccc(cc1)C(=O)*)C(CC)C)(C)C)C(CC)C,90.0
*Oc1c(cc(cc1)C(c1cc(c(cc1)OC(=O)c1ccc(cc1)C(=O)*)Cl)(C)C)Cl,190.0
*Oc1c(cc(cc1)C(c1cc(c(cc1)OC(=O)c1ccc(cc1)C(=O)*)C(C)C)(C)C)C(C)C,130.0
*Oc1cc(ccc1)OC(=O)c1cc(cc(c1)OCCCCC)C(=O)*,96.0
*Oc1c(cc(cc1C)C(c1cc(c(c(c1)C)OC(=O)c1ccc(cc1)C(=O)*)C)(C)C)C,239.0
*Oc1ccc(cc1)C1(c2ccccc2c2ccccc12)c1ccc(cc1)OC(=O)c1ccc(cc1)C(=O)*,285.0
*Oc1cc(cc(c1)CCCCCCCCCCCCC)OC(=O)c1cc(ccc1)C(=O)*,25.5
*Oc1cc(cc(c1)CCCCCCCCCCC)OC(=O)c1cc(ccc1)C(=O)*,34.5
*OC(=O)c1ccc(cc1)C(=O)OCC(CS(=O)(=O)CC(C*)(C)C)(C)C,105.0
*C1(c2c(C(=O)N1)cccc2)c1ccc(cc1)OC(=O)c1cc(ccc1)C(=O)Oc1ccc(cc1)*,325.0
*C1(c2c(C(=O)N1)cccc2)c1ccc(cc1)OC(=O)c1ccc(cc1)C(=O)Oc1ccc(cc1)*,327.0
*C1(c2c(C(=O)O1)cccc2)c1ccc(cc1)OC(=O)c1cc(cc(c1)C(C)(C)C)C(=O)Oc1ccc(cc1)*,279.0
*C1(c2c(C(=O)O1)cccc2)c1ccc(cc1)OC(=O)c1cc(cc(c1)Cl)C(=O)Oc1ccc(cc1)*,313.0
*OC1CCC(CC1)OC(=O)CCCCCCCCC(=O)*,66.0
*OC(COC(=O)c1c(cccc1)C(=O)*)C,95.0
*OC(COC(=O)c1ccc(cc1)C(=O)*)C,91.71
*Oc1ccc(cc1)C1(c2c(CC1)cccc2)c1ccc(cc1)OC(=O)c1ccc(cc1)C(=O)*,312.0
*Oc1c(cc(cc1)c1ccc(cc1)OC(=O)c1ccc(cc1)C(=O)*)c1ccccc1,132.0
*OC(=O)c1ccc(cc1)c1ccc(cc1)C(=O)OCCCCCCC*,41.71
*OC(=O)c1ccc(cc1)[Si](c1ccc(cc1)C(=O)OCCCC*)(C)C,42.0
*OC(=O)c1ccc(cc1)C(c1ccc(cc1)C(=O)OCCCC*)(C)C,44.0
*Oc1ccc(cc1)OC(=O)c1ccc(cc1)[Si](c1ccc(cc1)C(=O)*)(C)C,176.0
*Oc1ccc(cc1)OC(=O)c1ccc(cc1)C(c1ccc(cc1)C(=O)*)(C)C,195.0
*Oc1cc(ccc1)OC(=O)c1ccc(cc1)[Si](c1ccc(cc1)C(=O)*)(C)C,134.0
*Oc1cc(ccc1)OC(=O)c1ccc(cc1)C(c1ccc(cc1)C(=O)*)(C)C,158.0
*Oc1ccc(cc1)C(c1ccc(cc1)OC(=O)CN(CC(=O)*)c1ccc(cc1)N=Nc1ccc(cc1)[N+](=O)[O-])(C)C,152.0
*Oc1ccc(cc1)OC(=O)/C=C/c1ccc(cc1)/C=C/C(=O)*,210.0
*Oc1ccc(cc1)c1ccc(cc1)OC(=O)/C=C/c1ccc(cc1)/C=C/C(=O)*,243.0
*c1cc2c(C(=O)N(C2=O)c2cc(ccc2)N2C(=O)c3c(C2=O)cc(cc3)C(=O)Oc2ccc(cc2)C(c2ccc(cc2)OC(=O)*)(C)C)cc1,225.0
*c1cc2c(C(=O)N(C2=O)c2ccc(cc2)C(=O)Nc2ccc(cc2)C(=O)OCCCCOC(=O)*)cc1,130.0
*c1cc2c(C(=O)N(C2=O)c2ccc(cc2)C(=O)Nc2ccc(cc2)C(=O)OCCCCCOC(=O)*)cc1,129.0
*c1cc2c(C(=O)N(C2=O)c2ccc(cc2)C(=O)Nc2ccc(cc2)C(=O)OCCCCCCOC(=O)*)cc1,107.0
*c1cc2c(C(=O)N(C2=O)c2ccc(cc2)C(=O)Nc2ccc(cc2)C(=O)OCCCCCCCOC(=O)*)cc1,106.0
*c1cc2c(C(=O)N(C2=O)c2ccc(cc2)C(=O)Nc2ccc(cc2)C(=O)OCCCCCCCCOC(=O)*)cc1,105.0
*c1cc2c(C(=O)N(C2=O)c2ccc(cc2)C(=O)Nc2ccc(cc2)C(=O)OCCCCCCCCCOC(=O)*)cc1,100.0
*c1cc2c(C(=O)N(C2=O)c2ccc(cc2)C(=O)Nc2ccc(cc2)C(=O)OCCCCCCCCCCOC(=O)*)cc1,102.0
*c1cc2c(C(=O)N(C2=O)c2ccc(cc2)C(=O)Nc2ccc(cc2)C(=O)OCCCCCCCCCCCCOC(=O)*)cc1,74.0
*Oc1ccc(cc1)c1c(c(c(c(c1)c1ccccc1)c1ccc(cc1)OC(=O)c1c(cc(cc1)C(=O)*)c1ccccc1)c1ccccc1)c1ccccc1,225.0
*Oc1ccc(cc1)c1ccc(cc1)c1c(c(c(c(c1)c1ccccc1)c1ccc(cc1)c1ccc(cc1)OC(=O)c1c(cc(cc1)C(=O)*)c1ccccc1)c1ccccc1)c1ccccc1,260.0
*C1(c2c(C(=O)O1)cccc2)c1cc(c(cc1)OC(=O)c1cc(ccc1)C(=O)Oc1c(cc(cc1)*)C)C,273.0
*OC(=O)c1cc(c(cc1)c1c(cc(cc1)C(=O)OCC*)C)C,73.0
*OC(=O)c1cc2c(C(CC2(c2ccc(cc2)C(=O)OCC*)C)(C)C)cc1,154.0
*Oc1ccc(cc1)OC(=O)CCCCCCCCC(=O)*,52.8
*Oc1ccc(cc1)C(c1ccc(cc1)OC(=O)c1ccc(cc1)S(=O)(=O)c1ccc(cc1)C(=O)*)(C)C,205.0
*Oc1ccc(cc1)S(=O)(=O)c1ccc(cc1)OC(=O)c1cc(ccc1)C(=O)*,249.0
*OC(CCCCC(=O)*)C,-40.0
*C1(c2c(C(=O)N1C)cccc2)c1ccc(cc1)OC(=O)c1cc(ccc1)C(=O)Oc1ccc(cc1)*,285.0
*C1(c2c(C(=O)N1C)cccc2)c1ccc(cc1)OC(=O)c1ccc(cc1)C(=O)Oc1ccc(cc1)*,282.0
*c1ccc2c(c1)c(=O)oc(n2)c1cc(cc(c1)N1C(=O)c2c(C1=O)cccc2)c1oc(=O)c2c(ccc(c2)C*)n1,322.0
*C1(c2c(NC1=O)cccc2)c1ccc(cc1)OC(=O)c1cc(ccc1)C(=O)Oc1ccc(cc1)*,256.0
*C1(c2c(NC1=O)c(cc(c2)Cl)Cl)c1ccc(cc1)OC(=O)c1cc(ccc1)C(=O)Oc1ccc(cc1)*,270.0
*NC(=O)CC*,127.0
*NC(=O)CCCCC(=O)NCCCC*,59.62
*NC(=O)CCCCC(=O)NCCCCC*,46.5
*NC(=O)CCCCC*,48.52
*NC(=O)CCCCC(=O)NCCCCCC*,55.55
*NC(=O)CCCCCC(=O)NCCCCCC*,54.0
*NC(=O)CCCCCCC(=O)NCCCCCC*,52.67
*NC(=O)CCCCCCCC(=O)NCCCCCC*,37.61
*NC(=O)CCCCCCCCC(=O)NCCCCCC*,43.11
*NC(=O)CCCCCCCCCCC(=O)NCCCCCC*,50.61
*NC(=O)CCCCCC*,51.14
*NC(=O)CCCCC(=O)NCCCCCCC*,51.0
*NC(=O)CCCCCC(=O)NCCCCCCC*,55.0
*NC(=O)CCCCCCC*,38.45
*NC(=O)CCCCC(=O)NCCCCCCCC*,50.0
*NC(=O)CCCCCCCCC(=O)NCCCCCCCC*,54.0
*NC(=O)CCCCCCCCCCC(=O)NCCCCCCCC*,50.0
*NC(=O)CCCCCCCCCCCCCCCCCCCCC(=O)NCCCCCCCC*,48.0
*NC(=O)CCCCCCCC*,44.29
*NC(=O)CCCCC(=O)NCCCCCCCCC*,60.33
*NC(=O)CCCCCCCCC*,43.0
*NC(=O)CCCCCCCCCCC(=O)NCCCCCCCCCC*,49.0
*NC(=O)CCCCCCCCCC*,46.15
*NC(=O)CCCCCCCCCCC*,42.59
*NC(=O)CCCCCCCCCCCCCCCCC(=O)NCCCCCCCCCCCC*,47.0
*NC(=O)CCCCCCCCCCCC*,41.0
*NC(=O)CCCCCCCCCCCCCCCCC(=O)NCCCCCCCCCCCCCC*,47.0
*NC(=O)CCCCCCCCCCCCCCCCC(=O)NCCCCCCCCCCCCCCCCCC*,50.0
*NC1CCC(CC1)CC1CCC(CC1)NC(=O)CCCCC(=O)*,173.33
*NC(=O)CCCCC(=O)NCCCC1(c2ccccc2c2ccccc12)CCC*,120.0
*NC(=O)CCCCC(=O)NCCCP(CCC*)CC(C)C,71.0
*NC(=O)CCCCC(=O)NCCCCCCCCCC*,45.0
*NC(=O)CCCCCCCCC(=O)NCCCCCCCCCC*,57.78
*N(CCCNC(=O)CCCCC(=O)NCCC*)C,5.0
*NC(=O)CCCCC(=O)NCc1c(cc(c(c1)C)C*)C,70.0
*NC(=O)CCCCC(=O)NCCCP(=O)(CCCC*)C,59.0
*NC(=O)CCCCC(=O)NCCCP(=O)(CCC*)C,33.0
*NC(=O)CCCCC(=O)NCCCP(CCC*)c1ccccc1,49.0
*NC(=O)CCCCC(=O)NCCCP(=O)(CCC*)c1ccccc1,55.0
*NC(=O)c1cc(cc(c1)C(C)(C)C)C(=O)NCCCCCC*,163.0
*NC(=O)c1cc(cc(c1)C(C)(C)C)C(=O)NCC1CCC(CC1)C*,236.0
*NC(=O)c1cc(cc(c1)C(C)(C)C)C(=O)NCc1cc(ccc1)C*,192.0
*NC(=O)c1cc(cc(c1)C(C)(C)C)C(=O)NCc1ccc(cc1)C*,204.0
*NC(=O)c1cc(cc(c1)C(C)(C)C)C(=O)NCC(CCC(C*)C)C,149.0
*NC(=O)c1cc(cc(c1)C(C)(C)C)C(=O)NCCC(C(CC*)C)C,173.0
*NC(=O)c1c(cccc1)c1c(cccc1)C(=O)NCCCC1(c2ccccc2c2ccccc12)CCC*,165.0
*NC(=O)c1ccc(cc1)CC(=O)NCCCCCC*,104.0
*NC1CCC(CC1)CC1CCC(CC1)NC(=O)CCCCCCCCCCC(=O)*,139.67
*NC1CCC(CC1)CC1CCC(CC1)NC(=O)CCCCCCCCC(=O)*,139.33
*NC(=O)CCCCCCCCCCCCCCCCC(=O)NCCc1ccc(cc1)CC*,75.0
*NC(=O)CCCCCCCCCCCCC(=O)NCCc1ccc(cc1)CC*,93.0
*NC(=O)CCCCCCCCCC(=O)NCCc1ccc(cc1)CC*,96.0
*NC(=O)CCCCCCCCC(=O)NCCc1ccc(cc1)CC*,105.0
*NC(=O)CCCC(=O)NCC(CCC*)(C)C,82.0
*Nc1ccc(cc1)c1ccc(cc1)NC(=O)c1cc(ccc1)C(=O)*,294.0
*NC(=O)c1cc(ccc1)C(=O)NCCCCCC*,121.6
*NC(=O)c1cc(ccc1)C(=O)NCCCCCCCC*,110.0
*NC(=O)c1cc(ccc1)C(=O)NCC1CCC(CC1)C*,208.0
*NC(=O)c1cc(ccc1)C(=O)NCCCC1(c2ccccc2c2ccccc12)CCC*,175.0
*NC(=O)c1cc(ccc1)C(=O)NCc1cc(ccc1)C*,167.33
*NC(=O)c1cc(ccc1)C(=O)NCCC(C(CC*)C)C,125.0
*NC(=O)c1cc(ccc1)C(=O)NCC(CCC*)(C)C,153.0
*Nc1ccc(cc1)Cc1ccc(cc1)NC(=O)c1cc(ccc1)C(=O)*,264.6
*NC(=O)C(=CC(=O)NCCCCCCCCCC*)C,74.0
*NC(=O)C(=CC(=O)NCCCCCC*)C,94.0
*NC(=O)C(=CC(=O)NCc1cc(ccc1)C*)C,135.0
*NC(=O)CC(CCC(=O)NCCCCCC*)C,17.0
*NC(=O)c1cc(ccc1)C(=O)NCC1CC(CC(C1)C(C)(C)C)C*,209.0
*NC(=O)CCCCC(=O)NCc1cc(cc(c1)C(C)(C)C)C*,109.0
*NC(=O)c1cc(ccc1)C(=O)NCc1cc(cc(c1)C(C)(C)C)C*,188.0
*NC(=O)c1cc(cc(c1)C(C)(C)C)C(=O)NCC1CC(CCC1)C*,200.0
*NC(=O)c1cc(ccc1)C(=O)NCC1CC(CCC1)C*,180.0
*NC(=O)CCCCCCCCC(=O)NCCCC1(c2ccccc2c2ccccc12)CCC*,85.0
*NC(=O)c1c(cccc1)c1c(cccc1)C(=O)NCCCCCC*,122.5
*NC(=O)c1ccc(cc1)C(c1ccc(cc1)C(=O)NCCCCCC*)(CC)C,159.0
*NC(=O)c1ccc(cc1)C(c1ccc(cc1)C(=O)NCCCC*)(CC)C,177.5
*NC(=O)c1ccc(cc1)CC(=O)NCCCCC*,103.0
*NC(=O)c1ccc(cc1)CC(=O)NCCCC*,84.0
*NC(=O)c1ccc(cc1)CC(=O)NCCC*,109.0
*NC(=O)Cc1ccc(cc1)CC(=O)NCCCCCCCC*,110.0
*NC(=O)CCC1(c2ccccc2c2ccccc12)CCC(=O)NCCCCCC*,122.0
*NC(=O)CCP(=S)(CCC(=O)NCCCCCC*)c1ccccc1,43.0
*NC(=O)CCP(=O)(CCC(=O)NCCCCCC*)c1ccccc1,29.0
*NC(=O)c1ccc(cc1)C(=O)NCCCCC*,177.0
*NC1CC(CC(C1)(CNC(=O)CCCCC(=O)*)C)(C)C,149.72
*NC(=O)CCCCC(=O)NCc1cc(ccc1)C*,81.05
*NC(=O)c1c(cccc1)c1c(cccc1)C(=O)NCc1cc(ccc1)C*,159.0
*NC(=O)C(CC(CC(=O)NCc1ccc(cc1)C*)(C)C)C,125.0
*NC(=O)CCCCCCCCCCC(=O)NCc1ccc(cc1)C*,105.0
*NC(=O)CCCCCCCCCCCCCCCCC(=O)NCc1ccc(cc1)C*,75.0
*NC(=O)CCC1(c2ccccc2c2ccccc12)CCC(=O)NCc1cc(ccc1)C*,150.0
*NC(=O)CCCCCCCCCCCCCC(=O)NCc1ccc(cc1)C*,90.0
*NC(=O)CCCCCCCCC(=O)NCc1ccc(cc1)C*,115.0
*NC(=O)CCCCCCCCCCCC(=O)NCc1ccc(cc1)C*,100.0
*NC(=O)CCCCCCCCCC(=O)NCc1ccc(cc1)C*,108.8
*NC(=O)CCCCC(=O)NCC(CCC*)(C)C,77.0
*NC(=O)CCCCC(=O)NCC(CC(CC*)(C)C)C,65.0
*NC(=O)CCCCCCCC(=O)NCC(CCC*)(C)C,63.0
*NC(=O)CCCCCC(=O)NCC(CCC*)(C)C,70.5
*NC(=O)c1ccc(cc1)C(=O)NCC(CCC*)(C)C,157.0
*Nc1c2c(ccc1)c(ccc2)NC(=O)c1cc(ccc1)C(=O)*,325.0
*Nc1c2c(ccc1)c(ccc2)NC(=O)c1ccc(cc1)C(=O)*,305.0
*NC(=O)C(=O)NCC(CCC*)(C)C,109.0
*NC(=O)Cc1ccc(cc1)CC(=O)NCCCCCCCCCCCCCCCCCC*,78.0
*NC(=O)CCC1(c2ccccc2c2ccccc12)CCC(=O)NCCCC1(c2ccccc2c2ccccc12)CCC*,165.0
*NC(=O)CCc1ccc(cc1)CCC(=O)NCCCCCCCCCCCC*,85.0
*NC(=O)CCc1ccc(cc1)CCC(=O)NCCCCCCCCCCCCCCCCCC*,65.0
*Nc1cc(ccc1)NC(=O)c1cc(ccc1)C(=O)*,274.67
*Nc1ccc(cc1)NC(=O)c1cc(ccc1)C(=O)*,285.75
*Nc1cc(ccc1)NC(=O)CCCCCCCCC(=O)*,110.0
*Nc1cc(ccc1)NC(=O)c1ccc(cc1)C(=O)*,238.0
*Nc1ccc(cc1)NC(=O)c1ccc(cc1)C(=O)*,302.4
*Nc1ccc(cc1)c1ccc(cc1)NC(=O)c1ccc(cc1)C(=O)*,340.0
*NC(=O)c1ccc(cc1)C(=O)NCCC(CCC*)C(C)C,146.5
*NC(=O)c1ccc(cc1)C(=O)NCCCCCCCCCCCC*,130.0
*NC(=O)c1ccc(cc1)C(=O)NCCCCCCC*,138.25
*NC(=O)c1ccc(cc1)C(=O)NCCCCCC*,132.5
*NC(=O)c1ccc(cc1)C(=O)NCCCCCCCCC*,115.0
*NC(=O)c1ccc(cc1)C(=O)NCc1c(cc(c(c1)C)C*)C,225.0
*NC(=O)c1ccc(cc1)C(=O)NCCCC(CCC*)(C)C,152.0
*NC(CCC(CCCNC(=O)c1ccc(cc1)C(=O)*)(C)C)C,150.0
*NC(=O)c1ccc(cc1)C(=O)NCC(CC(CC*)C)(C)C,143.84
*NC(=O)c1ccc(cc1)C(=O)NCC(CC(CC*)(C)C)C,148.0
*Nc1ccc(cc1)Cc1ccc(cc1)NC(=O)c1ccc(cc1)C(=O)*,294.5
*N(C(=O)C(C(C(C(=O)N(CCCCCC*)C(C)C)(F)F)(F)F)(F)F)C(C)C,142.5
*NC(=O)c1ccc(cc1)C(=O)NCCC(CCC*)CC,132.5
*S(=O)(=O)c1cc(ccc1)NC(=O)CCCCC(=O)Nc1cc(ccc1)*,140.0
*S(=O)(=O)c1ccc(cc1)NC(=O)CCCCC(=O)Nc1ccc(cc1)*,194.0
*S(=O)(=O)c1cc(ccc1)NC(=O)CCCCCCCC(=O)Nc1cc(ccc1)*,125.0
*S(=O)(=O)c1ccc(cc1)NC(=O)CCCCCCCC(=O)Nc1ccc(cc1)*,178.0
*S(=O)(=O)c1cc(ccc1)NC(=O)CCCCCCCCCCC(=O)Nc1cc(ccc1)*,107.0
*S(=O)(=O)c1ccc(cc1)NC(=O)CCCCCCCCCCC(=O)Nc1ccc(cc1)*,160.0
*S(=O)(=O)c1ccc(cc1)NC(=O)CCCCCC(=O)Nc1ccc(cc1)*,163.0
*S(=O)(=O)c1cc(ccc1)NC(=O)CCCCCCCCC(=O)Nc1cc(ccc1)*,112.0
*S(=O)(=O)c1ccc(cc1)NC(=O)CCCCCCCCC(=O)Nc1ccc(cc1)*,97.0
*S(=O)(=O)c1cc(ccc1)NC(=O)CCCCCCC(=O)Nc1cc(ccc1)*,125.0
*NC(C(=O)*)CCC(=O)OC,0.0
*N1CCN(CC1)C(=O)CCCCCCCCC(=O)*,70.4
*NC(=O)CCCCCNC(=O)CCCCCCCCCC*,25.5
*NC(CC(=O)*)C,115.0
*NC(=O)CCC*,62.18
*NC(=O)CCCCC(=O)NCC*,71.0
*NC(=O)CC(=O)NCCCCC*,65.0
*NC(=O)CCCCCCCCCCCCCCCCC(=O)NCCCCCC*,47.0
*NC(=O)CCCCCCCCCCCCCCCCC(=O)NCCCCCCCC*,36.0
*NC(=O)CCCCCCCCCCCCCCCCC(=O)NCCCCCCCCCC*,46.0
*NC(=O)CCCCCCCCC(=O)NCCCCCCCCCCC*,40.0
*NC(=O)c1ccc(cc1)C(=O)NCCC*,180.0
*NC(=O)Cc1ccc(cc1)CC(=O)NCCCCCC*,95.0
*NC(=O)CCc1ccc(cc1)CCC(=O)NCCCCCC*,85.0
*NC(=O)c1ccc(cc1)C(=O)NCCCCCCCC*,123.0
*NC(=O)c1ccc(cc1)Cc1ccc(cc1)C(=O)NCCCCCCCCCC*,140.0
*NC(=O)CCc1ccc(cc1)CCC(=O)NCCCCCCCCCCCCCC*,85.0
*NC(=O)CCCCC(=O)NCC1CCC(CC1)C*,113.0
*NC(=O)CCCCCCCCC(=O)NCC1CCC(CC1)C*,89.0
*NC(=O)CCCCCCCCCCC(=O)NCC1CCC(CC1)C*,85.0
*NC1CCC(CC1)CCC1CCC(CC1)NC(=O)CCCCCCCCC(=O)*,116.0
*NC1CCC(CC1)CCC1CCC(CC1)NC(=O)CCCCCCCCCCC(=O)*,105.0
*Nc1cc(ccc1)NC(=O)CCCCC(=O)*,113.35
*Nc1ccc(cc1)NC(=O)CCCCC(=O)*,133.0
*Nc1cc(ccc1)NC(=O)CCCCCCC(=O)*,115.5
*Nc1ccc(cc1)NC(=O)CCCCCCC(=O)*,138.0
*Nc1ccc(cc1)Cc1ccc(cc1)NC(=O)CCCCCCCC(=O)*,140.0
*Nc1ccc(cc1)NC(=O)CCCCCCCCC(=O)*,125.0
*Nc1ccc(cc1)Cc1ccc(cc1)NC(=O)CCCCCCCCC(=O)*,160.0
*N(C(=O)CCCCCCCCCC*)C,-12.0
*N(C(=O)CCCCCCCCCCC*)C,-30.5
*NC(C(=O)*)CCC(=O)OCc1ccccc1,9.38
*c1ncc(cc1)C(=O)NCCCCCCNC(=O)*,80.0
*Nc1ccc(cc1)NC(=O)c1ccc(cc1)P(=O)(c1ccc(cc1)C(=O)*)c1ccccc1,252.0
*NC(=O)C(=O)NCCCCCC*,250.0
*N1C(CN(C(C1)C)C(=O)c1ccc(cc1)C(=O)*)C,350.0
*N1CCN(CC1)C(=O)c1cc(ccc1)C(=O)*,214.5
*NC(=O)CCCCCCC(=O)NCc1c(cc(c(c1)C)C*)C,78.0
*Nc1ccc(cc1)CC(NC(=O)CCC(=O)*)(C)C,158.0
*Nc1ccc(cc1)CC(NC(=O)CCCCC(=O)*)(C)C,130.0
*Nc1ccc(cc1)CC(NC(=O)CCCCCCCCC(=O)*)(C)C,92.0
*Nc1ccc(cc1)CC(NC(=O)c1ccc(cc1)C(=O)*)(C)C,175.0
*NC(=O)C(C*)C,96.0
*C1OC(CCC1)NC(=O)*,145.0
*NC(=O)CCCCC(=O)NCC1CC(CCC1)C*,96.0
*NC1CCC(CC1)CC1CCC(CC1)NC(=O)CCCCCCCCCCCCC(=O)*,131.0
*NC(C(=O)*)CCC(=O)OCCCCC,-20.0
*NC(C(=O)*)CCC(=O)OCCCC,-39.33
*NC(C(=O)*)CCC(=O)OCCCCCC,-48.33
*NC(C(=O)*)CCC(=O)OCC,-27.33
*NC(C(=O)*)CCC(=O)OCCCCCCCC,-59.5
*NC(C(=O)*)CCC(=O)OCCC,-10.0
*NC(=O)CCP(=O)(CCC(=O)NCCCCCCCCCC*)C,45.5
*NC(=O)CCP(=O)(CCC(=O)NCCCCCCCCCCCC*)C,44.0
*NC(=O)Cc1ccc(cc1)CCC(=O)NCCCCCC*,87.0
*NC(=O)CC(c1ccc(cc1)C(CC(=O)NCCCCCC*)(C)C)(C)C,91.0
*NC(=O)CC(c1ccc(cc1)C(CC(=O)NCCCCCC*)C)C,88.0
*Nc1ccc(cc1)C(c1ccc(cc1)NC(=O)c1cc(ccc1)C(=O)*)(C)C,278.33
*Nc1ccc(cc1)NC(=O)CCCCCCCC(=O)*,130.0
*Nc1ccc(cc1)NC(=O)CCCC(=O)*,135.0
*NC(=O)c1cc(ccc1)C(=O)NCCCC*,141.0
*NC(=O)c1c(c(c(c(c1Cl)Cl)C(=O)NCCCCCC*)Cl)Cl,268.83
*c1oc2c(n1)cc(cc2)NC(=O)CCCCC(=O)Nc1cc2c(oc(n2)CCCCCCCC*)cc1,87.2
*c1oc2c(n1)cc(cc2)NC(=O)CCCCCCCCC(=O)Nc1cc2c(oc(n2)CCCCCC*)cc1,86.0
*c1oc2c(n1)cc(cc2)NC(=O)CCCCCCCCC(=O)Nc1cc2c(oc(n2)CCCCCCCC*)cc1,88.12
*c1oc2c(n1)cc(cc2)NC(=O)CCCCCCC(=O)Nc1cc2c(oc(n2)CCCCCC*)cc1,77.0
*Nc1ccc(cc1)NC(=O)CCCCCC(=O)*,133.0
*Nc1ccc(cc1)CCNC(=O)CCCCC(=O)*,115.0
*Nc1cc(ccc1)NC(=O)c1cc(cc(c1)S(=O)(=O)c1ccccc1)C(=O)*,277.0
*Nc1ccc(cc1)NC(=O)c1cc(cc(c1)S(=O)(=O)c1ccccc1)C(=O)*,308.0
*Nc1ccc(cc1)c1ccc(cc1)NC(=O)c1cc(cc(c1)S(=O)(=O)c1ccccc1)C(=O)*,319.0
*Oc1ccc(cc1)NC(=O)c1cc(cc(c1)S(=O)(=O)c1ccccc1)C(=O)Nc1ccc(cc1)*,279.0
*Nc1ccc(cc1)Cc1ccc(cc1)NC(=O)c1cc(cc(c1)S(=O)(=O)c1ccccc1)C(=O)*,270.0
*Nc1ccc(cc1)C(c1ccc(cc1)NC(=O)c1cc(cc(c1)S(=O)(=O)c1ccccc1)C(=O)*)(C)C,287.0
*S(=O)(=O)c1ccc(cc1)NC(=O)c1cc(cc(c1)S(=O)(=O)c1ccccc1)C(=O)Nc1ccc(cc1)*,307.0
*NC(=O)CNC(=O)CCCCC(=O)NCCCCCC*,53.4
*Nc1ccc(cc1)NC(=O)c1cc(ccc1)C(=O)c1ccc(cc1)C(=O)*,257.5
*Nc1cc(ccc1)C(=O)c1ccc(cc1)NC(=O)c1cc(ccc1)C(=O)c1ccc(cc1)C(=O)*,215.0
*Nc1ccc(cc1)Cc1ccc(cc1)NC(=O)/C=C/c1ccc(cc1)/C=C/C(=O)*,230.0
*Nc1c(cc(cc1c1ccccc1)c1ccc(cc1)c1cc(c(c(c1)c1ccccc1)NC(=O)c1ccc(cc1)C(=O)*)c1ccccc1)c1ccccc1,135.0
*Nc1c(c(c(c(c1C)C)C(=O)c1ccc(cc1)NC(=O)c1ccc(cc1)C(=O)*)C)C,366.0
*Nc1ccc(cc1)C(=O)c1c(c(c(c(c1C)C)C(=O)c1ccc(cc1)NC(=O)c1ccc(cc1)C(=O)*)C)C,345.0
*Nc1cc(cc(c1)C(=O)OCCN(c1ccc(cc1)C#N)C)NC(=O)c1cc(cc(c1)OCCN(c1ccc(cc1)C#N)C)C(=O)*,167.0
*Nc1cc(cc(c1)c1nc2c([nH]1)cccc2)NC(=O)c1ccc(cc1)C(=O)*,267.5
*Nc1cc(cc(c1)C(=O)OCCN(c1ccc(cc1)C#N)C)NC(=O)c1cc(cc(c1)OCCN(c1ccc(cc1)S(=O)(=O)C(C(C(C(C(C(C(C(F)(F)F)(F)F)(F)F)(F)F)(F)F)(F)F)(F)F)(F)F)C)C(=O)*,157.0
*Nc1cc(cc(c1)C(=O)OCCN(c1ccc(cc1)S(=O)(=O)C(C(C(C(C(C(C(C(F)(F)F)(F)F)(F)F)(F)F)(F)F)(F)F)(F)F)(F)F)C)NC(=O)c1cc(cc(c1)OCCN(c1ccc(cc1)C#N)C)C(=O)*,165.0
*N(C(=O)CCCCCCCCC(=O)N(CC*)C)C,0.0
*Nc1ccc(cc1)NC(=O)c1ccc(cc1)NC(=O)c1ccc(cc1)P(=O)(c1ccc(cc1)C(=O)*)c1ccccc1,243.0
*NC(=O)c1cc2c(C(CC2(c2ccc(cc2)C(=O)NCCCCCC*)C)(C)C)cc1,143.33
*Nc1cc(cc(c1)c1c(=O)oc2c(cccc2)n1)NC(=O)c1ccc(cc1)C(=O)*,103.0
*OC(=O)NCCCCCCNC(=O)OCC*,56.0
*OC(=O)NCCCCCCCCCNC(=O)OCC*,44.0
*OC(=O)NCCCCCCCCCCNC(=O)OCC*,60.8
*OC(=O)NCCCCCCNC(=O)OCCC*,55.0
*OC(=O)NCCCCCCNC(=O)OCCCC*,38.12
*OC(=O)NCC(C(C(C(CNC(=O)OCCCC*)(F)F)(F)F)(F)F)(F)F,33.0
*OC(=O)NCCCCCCNC(=O)OCCCCC*,33.0
*OC(=O)NCC(C(C(C(CNC(=O)OCCCCC*)(F)F)(F)F)(F)F)(F)F,33.0
*OC(=O)NCC(C(C(C(CNC(=O)OCCCCCC*)(F)F)(F)F)(F)F)(F)F,5.0
*OC(=O)NCCCCCCNC(=O)OCCCCCC*,168.0
*OC(=O)NCCCCCCNC(=O)OCCCCCCC*,55.0
*OC(=O)NCCCCCCNC(=O)OCCCCCCCC*,58.0
*OC(=O)NCCCCCCNC(=O)OCCCCCCCCC*,58.0
*OC(=O)NCCCCCCNC(=O)OCCCCCCCCCC*,55.0
*OC(=O)NCCCCCCNC(=O)OCCCCCCCCCCCC*,36.0
*OC(=O)NCCCCCCCCCCNC(=O)OCCCCCCCCCCCC*,34.0
*OC(=O)NCCCCCCNC(=O)OCCCCCCCCCCCCCCCC*,39.0
*OC(=O)NCCCCCCCCCCNC(=O)OCCCCCCCCCCCCCCCC*,34.0
*OC(=O)NCCCCCCNC(=O)OCC#CC*,-45.0
*OC(=O)NCCCCCCNC(=O)OCC(C(C*)(F)F)(F)F,9.0
*OC(=O)NCC(C(C(C(CNC(=O)OCC(C(C*)(F)F)(F)F)(F)F)(F)F)(F)F)(F)F,38.0
*OC(=O)NCCCCCCNC(=O)OCC(C(C(C*)(F)F)(F)F)(F)F,16.0
*OC(=O)NCC(C(C(C(CNC(=O)OCC(C(C(C*)(F)F)(F)F)(F)F)(F)F)(F)F)(F)F)(F)F,25.0
*OC(=O)NCCCCCCNC(=O)OCC(C(C(C(C*)(F)F)(F)F)(F)F)(F)F,-2.0
*OC(=O)NCC(C(C(C(CNC(=O)OCC(C(C(C(C*)(F)F)(F)F)(F)F)(F)F)(F)F)(F)F)(F)F)(F)F,20.0
*OC(=O)Nc1cc(c(cc1)C)NC(=O)OCC*,52.0
*OC(=O)Nc1cc(c(cc1)C)NC(=O)OCCC*,6.0
*OC(=O)Nc1c(ccc(c1)NC(=O)OCCCC*)C,42.0
*OC(=O)Nc1c(ccc(c1)NC(=O)OCCCCC*)C,52.0
*OC(=O)Nc1c(ccc(c1)NC(=O)OCCCCCC*)C,32.0
*OC(=O)Nc1c(ccc(c1)NC(=O)OCCCCCCC*)C,61.0
*OC(=O)Nc1c(ccc(c1)NC(=O)OCC(C*)(CC)CC)C,-60.0
*OC(=O)Nc1c(ccc(c1)NC(=O)OCCCCCCCC*)C,64.0
*OC(=O)Nc1c(ccc(c1)NC(=O)OCCCCCCCCC*)C,62.0
*OC(=O)Nc1c(ccc(c1)NC(=O)OCCCCCCCCCC*)C,18.0
*OC(=O)NCc1ccc(cc1)CNC(=O)OCCCCCC*,56.0
*OC(=O)NCc1ccc(cc1)CNC(=O)OCCCCCCCCCC*,49.0
*OC(=O)NCc1ccc(cc1)CNC(=O)OCCCCCCCCCCCC*,45.0
*OC(=O)NCc1ccc(cc1)CNC(=O)OCCCCCCCCCCCCCCCC*,47.0
*OC(=O)Nc1ccc(cc1)Cc1ccc(cc1)NC(=O)OCC*,107.23
*OC(=O)Nc1ccc(cc1)Cc1ccc(cc1)NC(=O)OCCC*,119.0
*OC(=O)Nc1ccc(cc1)Cc1ccc(cc1)NC(=O)OCCCC*,69.2
*OC(=O)Nc1ccc(cc1)Cc1ccc(cc1)NC(=O)OCCCCC*,95.0
*OC(=O)Nc1ccc(cc1)Cc1ccc(cc1)NC(=O)OCC(C*)(C)C,94.0
*OC(=O)Nc1ccc(cc1)Cc1ccc(cc1)NC(=O)OCCCCCC*,71.0
*OC(=O)Nc1ccc(cc1)Cc1ccc(cc1)NC(=O)OCCCCCCC*,84.0
*OC(=O)Nc1ccc(cc1)Cc1ccc(cc1)NC(=O)OCCCCCCCC*,79.0
*OC(=O)Nc1ccc(cc1)Cc1ccc(cc1)NC(=O)OCCCCCCCCC*,72.0
*OC(=O)Nc1ccc(cc1)Cc1ccc(cc1)NC(=O)OCCCCCCCCCC*,60.0
*OC(=O)Nc1ccc(cc1)Cc1ccc(cc1)NC(=O)OCCCCCCCCCCCC*,43.0
*OC(=O)Nc1ccc(cc1)Cc1ccc(cc1)NC(=O)OCCCCCCCCCCCCCCCC*,40.0
*OC(=O)Nc1ccc(cc1)Cc1ccc(cc1)NC(=O)OCc1cc(ccc1)C*,106.0
*OC(=O)Nc1ccc(cc1)Cc1ccc(cc1)NC(=O)OCc1cc(cc(c1)C(C)(C)C)C*,114.0
*OC(=O)Nc1ccc(cc1)CCc1ccc(cc1)NC(=O)OCC*,116.9
*OC(=O)Nc1ccc(cc1)CCCc1ccc(cc1)NC(=O)OCC*,74.1
*OC(=O)Nc1ccc(cc1)CCCCc1ccc(cc1)NC(=O)OCC*,105.7
*OC(=O)NCCCCCCNC(=O)OC/C=C/C*,-41.5
*OC(=O)NCCCCCCNC(=O)OC/C=C\C*,-41.5
*N1CCN(CC1)C(=O)OCCOC(=O)*,60.0
*N1CCN(CC1)C(=O)OCC(COC(=O)*)(C)C,70.0
*OC(=O)Nc1c(ccc(c1)NC(=O)OCC(C*)(C)C)C,-32.0
*OC(=O)Nc1ccc(cc1)Cc1ccc(cc1)NC(=O)OCC1CCC(CC1)C*,134.0
*OC(=O)NCCCCNC(=O)OCCCCCC*,16.0
*NC(=O)CCCCCCCCCCCC(=O)NCCCCCCCCCCCCC*,56.5
*OC(=O)NCCCCCCNC(=O)OCC(CS(=O)(=O)CC(C*)(C)C)(C)C,30.0
*N1C(CN(C(C1)C)C(=O)OCC(CS(=O)(=O)CC(COC(=O)*)(C)C)(C)C)C,85.0
*OC(COC(=O)Nc1ccc(cc1)Cc1ccc(cc1)NC(=O)*)c1occc1,40.0
*OC(C(OC(=O)Nc1ccc(cc1)Cc1ccc(cc1)NC(=O)*)c1occc1)c1occc1,74.0
*c1cocc1COC(=O)Nc1ccc(cc1)Cc1ccc(cc1)NC(=O)OC*,45.0
*OC(COC(=O)NCCCCCCNC(=O)*)c1occc1,17.0
*Oc1ccc(cc1)C(c1ccc(cc1)OC(=O)Nc1ccc(cc1)Cc1ccc(cc1)NC(=O)*)(C(F)(F)F)C(F)(F)F,81.0
*OC(=O)Nc1ccc(cc1)Cc1ccc(cc1)NC(=O)OCC(CS(=O)(=O)CC(C*)(C)C)(C)C,90.0
*NC(=O)NCCCCCCC*,62.0
*NC(=O)NCCCCCCCCC*,125.0
*NC(=O)NCCCCCCNC(=O)NCCCCCCCCCCCC*,49.0
*NC(=O)NCCCCCCNC(=O)NCCCCCCCCCCCCCC*,47.0
*NC(=O)NCCCCCCCCCCNC(=O)NCCCCCCCCCCCCCC*,40.0
*NC(=O)NCc1ccc(cc1)CNC(=O)NCCCCCC*,72.0
*NC(=O)NCc1ccc(cc1)CNC(=O)NCCCCCCCC*,68.0
*NC(=O)NCc1ccc(cc1)CNC(=O)NCCCCCCCCCC*,55.0
*NC(=O)NCc1ccc(cc1)CNC(=O)NCCCCCCCCCCCCCC*,54.0
*NC(=O)NCc1ccc(cc1)CNC(=O)NCCCCCCCCCCCCCCCCCC*,52.0
*Nc1ccc(cc1)Cc1ccc(cc1)NC(=O)NCCCCCCNC(=O)*,78.0
*Nc1ccc(cc1)Cc1ccc(cc1)NC(=O)NCCCCCCCCNC(=O)*,50.0
*Nc1ccc(cc1)Cc1ccc(cc1)NC(=O)NCCCCCCCCCCNC(=O)*,46.0
*Nc1ccc(cc1)Cc1ccc(cc1)NC(=O)NCCCCCCCCCCCCNC(=O)*,51.0
*Nc1ccc(cc1)Cc1ccc(cc1)NC(=O)NCCCCCCCCCCCCCCCCCCNC(=O)*,48.0
*c1[nH]c(nc1c1ccc(cc1)NC(=O)Nc1ccc(cc1)NC(=O)Nc1ccc(cc1)*)c1ccc(cc1)[N+](=O)[O-],292.0
*N1C(=O)CC(CC1=O)CCC*,90.23
*c1cc2c(C(=O)N(C2=O)c2ccc(cc2)Oc2ccc(cc2)N2C(=O)c3c(C2=O)cc(cc3)C(=O)Oc2ccc(cc2)OC(=O)*)cc1,267.5
*c1cc2c(C(=O)N(C2=O)c2ccc(cc2)Oc2ccc(cc2)Oc2ccc(cc2)N2C(=O)c3c(C2=O)cc(cc3)C(=O)Oc2ccc(cc2)OC(=O)*)cc1,230.0
*N1C(=O)C2OC3C(C2C1=O)C(=O)N(C3=O)c1ccc(cc1)c1c(nc2c(n1)cc(cc2)c1cc2c(nc(c(n2)c2ccc(cc2)*)c2ccccc2)cc1)c1ccccc1,230.0
*N1C(=O)C2OC3C(C2C1=O)C(=O)N(C3=O)c1ccc(cc1)c1c(nc2c(n1)cc(cc2)C(=O)c1cc2c(nc(c(n2)c2ccc(cc2)*)c2ccccc2)cc1)c1ccccc1,255.0
*N1C(=O)c2c(C1=O)cc(cc2)Oc1cc2c(C(=O)N(C2=O)c2ccc(cc2)Oc2ccc(cc2)*)cc1,266.3
*N1C(=O)c2c(C1=O)cc(cc2)Oc1cc(ccc1)Oc1cc2c(C(=O)N(C2=O)c2ccc(cc2)Oc2cc(ccc2)Oc2ccc(cc2)*)cc1,188.0
*c1cc2c(C(=O)N(C2=O)c2ccc(cc2)S(=O)(=O)c2ccc(cc2)N2C(=O)c3c(C2=O)cc(cc3)C(=O)Nc2ccc(cc2)NC(=O)*)cc1,368.0
*c1cc2c(C(=O)N(C2=O)c2cc(ccc2)C(C(C(c2cc(ccc2)N2C(=O)c3c(C2=O)cc(cc3)C(C(C(*)(F)F)(F)F)(F)F)(F)F)(F)F)(F)F)cc1,151.0
*c1cc2c(C(=O)N(C2=O)c2cc(ccc2)C(C(C(C(C(c2cc(ccc2)N2C(=O)c3c(C2=O)cc(cc3)C(C(C(*)(F)F)(F)F)(F)F)(F)F)(F)F)(F)F)(F)F)(F)F)cc1,104.5
*c1cc2c(C(=O)N(C2=O)c2cc(ccc2)C(C(C(C(C(c2cc(ccc2)N2C(=O)c3c(C2=O)cc(cc3)C(C(C(C(*)(F)F)(F)F)(F)F)(F)F)(F)F)(F)F)(F)F)(F)F)(F)F)cc1,144.0
*c1cc2c(C(=O)N(C2=O)c2cc(ccc2)C(C(C(c2cc(ccc2)N2C(=O)c3c(C2=O)cc(cc3)C(C(C(C(*)(F)F)(F)F)(F)F)(F)F)(F)F)(F)F)(F)F)cc1,159.0
*c1cc2c(C(=O)N(C2=O)c2cc(ccc2)C(C(C(C(C(c2cc(ccc2)N2C(=O)c3c(C2=O)cc(cc3)C(C(C(C(C(C(C(*)(F)F)(F)F)(F)F)(F)F)(F)F)(F)F)(F)F)(F)F)(F)F)(F)F)(F)F)(F)F)cc1,108.5
*c1cc2c(C(=O)N(C2=O)c2cc(ccc2)C(C(C(c2cc(ccc2)N2C(=O)c3c(C2=O)cc(cc3)C(C(C(C(C(C(C(*)(F)F)(F)F)(F)F)(F)F)(F)F)(F)F)(F)F)(F)F)(F)F)(F)F)cc1,133.5
*c1cc2c(C(=O)N(C2=O)c2ccc(cc2)Cc2ccc(cc2)N2C(=O)c3c(C2=O)cc(cc3)C(C(C(*)(F)F)(F)F)(F)F)cc1,272.4
*c1cc2c(C(=O)N(C2=O)c2ccc(cc2)Oc2ccc(cc2)N2C(=O)c3c(C2=O)cc(cc3)C(C(C(C(C(C(*)(F)F)(F)F)(F)F)(F)F)(F)F)(F)F)cc1,185.0
*c1cc2c(C(=O)N(C2=O)c2cc(ccc2)Oc2cc(ccc2)N2C(=O)c3c(C2=O)cc(cc3)C(C(C(*)(F)F)(F)F)(F)F)cc1,221.0
*c1cc2c(C(=O)N(C2=O)c2ccc(cc2)Oc2ccc(cc2)N2C(=O)c3c(C2=O)cc(cc3)C(C(C(*)(F)F)(F)F)(F)F)cc1,216.5
*c1cc2c(C(=O)N(C2=O)c2ccc(cc2)Oc2ccc(cc2)N2C(=O)c3c(C2=O)cc(cc3)C(C(C(C(C(C(C(C(*)(F)F)(F)F)(F)F)(F)F)(F)F)(F)F)(F)F)(F)F)cc1,186.0
*c1cc2c(C(=O)N(C2=O)c2ccc(cc2)Oc2ccc(cc2)N2C(=O)c3c(C2=O)cc(cc3)C(C(C(C(*)(F)F)(F)F)(F)F)(F)F)cc1,212.0
*c1cc2c(C(=O)N(C2=O)c2ccc(cc2)Oc2ccc(cc2)N2C(=O)c3c(C2=O)cc(cc3)C(C(C(C(C(C(C(*)(F)F)(F)F)(F)F)(F)F)(F)F)(F)F)(F)F)cc1,178.0
*c1cc2c(C(=O)N(C2=O)c2ccc(cc2)S(=O)(=O)c2ccc(cc2)N2C(=O)c3c(C2=O)cc(cc3)C(C(C(*)(F)F)(F)F)(F)F)cc1,259.0
*N1C(=O)c2c(C1=O)cc(cc2)Oc1cc2c(C(=O)N(C2=O)c2cc(ccc2)C(C(C(C(C(c2cc(ccc2)*)(F)F)(F)F)(F)F)(F)F)(F)F)cc1,138.5
*N1C(=O)c2c(C1=O)cc(cc2)Oc1cc2c(C(=O)N(C2=O)c2cc(ccc2)C(C(C(c2cc(ccc2)*)(F)F)(F)F)(F)F)cc1,183.0
*N1C(=O)c2c(C1=O)cc(cc2)Oc1cc2c(C(=O)N(C2=O)c2cc(ccc2)Oc2cc(ccc2)*)cc1,200.0
*c1cc2c(C(=O)N(C2=O)c2ccc(cc2)S(=O)(=O)c2ccc(cc2)N2C(=O)c3c(C2=O)cc(cc3)C(=O)Nc2ccc(cc2)c2ccc(cc2)NC(=O)*)cc1,370.0
*c1cc2c(C(=O)N(C2=O)c2ccc(cc2)S(=O)(=O)c2ccc(cc2)N2C(=O)c3c(C2=O)cc(cc3)C(=O)Nc2cc(ccc2)NC(=O)*)cc1,311.0
*c1cc2c(C(=O)N(C2=O)c2ccc(cc2)S(=O)(=O)c2ccc(cc2)N2C(=O)c3c(C2=O)cc(cc3)C(=O)Nc2ccc(cc2)Cc2ccc(cc2)NC(=O)*)cc1,324.0
*c1cc2c(C(=O)N(C2=O)c2ccc(cc2)S(=O)(=O)c2ccc(cc2)N2C(=O)c3c(C2=O)cc(cc3)C(=O)Nc2ccc(cc2)Oc2ccc(cc2)NC(=O)*)cc1,281.0
*c1cc2c(C(=O)N(C2=O)c2ccc(cc2)S(=O)(=O)c2ccc(cc2)N2C(=O)c3c(C2=O)cc(cc3)C(=O)Nc2ccc(cc2)S(=O)(=O)c2ccc(cc2)NC(=O)*)cc1,307.0
*N1C(=O)c2c(C1=O)cc(cc2)c1cc2c(C(=O)N(C2=O)c2ccc(cc2)Oc2ccc(cc2)*)cc1,281.03
*N1C(=O)c2c(C1=O)c(ccc2)c1cc2c(C(=O)N(C2=O)c2ccc(cc2)Oc2ccc(cc2)*)cc1,326.5
*N1C(=O)c2c(C1=O)cc(cc2)c1cc2c(C(=O)N(C2=O)c2ccc(cc2)Cc2ccc(cc2)*)cc1,298.0
*N1C(=O)c2c(C1=O)cc(cc2)c1cc2c(C(=O)N(C2=O)c2ccc(cc2)*)cc1,372.08
*N1C(=O)c2c(C1=O)cc(cc2)c1cc2c(C(=O)N(C2=O)c2cc(ccc2)*)cc1,327.88
*N1C(=O)c2c(C1=O)cc(cc2)c1cc2c(C(=O)N(C2=O)c2c(ccc(c2)*)C)cc1,341.33
*N1C(=O)c2c(C1=O)cc(cc2)c1cc2c(C(=O)N(C2=O)c2c(cc(cc2)c2cc(c(cc2)*)C)C)cc1,300.67
*N1C(=O)c2c(C1=O)cc(cc2)c1cc2c(C(=O)N(C2=O)c2ccc(cc2)Oc2ccc(cc2)C(c2ccc(cc2)Oc2ccc(cc2)*)(C)C)cc1,230.0
*N1C(=O)c2c(C1=O)cc(cc2)c1cc2c(C(=O)N(C2=O)c2ccc(cc2)Oc2ccc(cc2)C(c2ccc(cc2)Oc2ccc(cc2)*)(C(F)(F)F)C(F)(F)F)cc1,246.0
*N1C(=O)c2c(C1=O)cc(cc2)c1cc2c(C(=O)N(C2=O)c2ccc(cc2)Oc2ccc(cc2)C(=O)c2ccc(cc2)C(=O)c2ccc(cc2)Oc2ccc(cc2)*)cc1,245.0
*N1C(=O)c2c(C1=O)cc(cc2)c1cc2c(C(=O)N(C2=O)c2ccc(cc2)Oc2ccc(cc2)C(=O)c2cc(ccc2)C(=O)c2ccc(cc2)Oc2ccc(cc2)*)cc1,222.0
*N1C(=O)c2c(C1=O)cc(cc2)Oc1cc2c(C(=O)N(C2=O)CCCCCC*)cc1,164.0
*N1C(=O)c2c(C1=O)cc(cc2)Oc1cc2c(C(=O)N(C2=O)CCCCCCCC*)cc1,145.0
*N1C(=O)c2c(C1=O)cc(cc2)Oc1cc2c(C(=O)N(C2=O)c2ccc(cc2)*)cc1,363.0
*N1C(=O)c2c(C1=O)cc(cc2)Oc1cc2c(C(=O)N(C2=O)c2ccc(cc2)c2ccc(cc2)*)cc1,286.0
*N1C(=O)c2c(C1=O)cc(cc2)Oc1cc2c(C(=O)N(C2=O)c2ccc(cc2)Oc2ccc(cc2)C(=O)c2cc(ccc2)C(=O)c2ccc(cc2)Oc2ccc(cc2)*)cc1,208.0
*N1C(=O)c2c(C1=O)cc(cc2)Oc1cc2c(C(=O)N(C2=O)c2cc(ccc2)Oc2ccc(cc2)*)cc1,233.75
*N1C(=O)c2c(C1=O)cc(cc2)Oc1cc2c(C(=O)N(C2=O)c2c(cccc2)Oc2ccc(cc2)*)cc1,264.0
*N1C(=O)c2c(C1=O)cc(cc2)Oc1cc2c(C(=O)N(C2=O)c2cc(ccc2)Oc2ccc(cc2)Oc2cc(ccc2)*)cc1,204.0
*N1C(=O)c2c(C1=O)cc(cc2)Oc1cc2c(C(=O)N(C2=O)c2cc(ccc2)Oc2cc(ccc2)Oc2cc(ccc2)*)cc1,189.33
*N1C(=O)c2c(C1=O)cc(cc2)Oc1cc2c(C(=O)N(C2=O)c2ccc(cc2)Oc2cc(ccc2)Oc2ccc(cc2)*)cc1,217.0
*N1C(=O)c2c(C1=O)cc(cc2)Oc1cc2c(C(=O)N(C2=O)c2ccc(cc2)Oc2ccc(cc2)Oc2ccc(cc2)*)cc1,235.78
*c1cc2c(C(=O)N(C2=O)c2ccc(cc2)Oc2ccc(cc2)C(=O)c2cc(ccc2)C(=O)c2ccc(cc2)Oc2ccc(cc2)N2C(=O)c3c(C2=O)cc(cc3)C(*)(C(F)(F)F)C(F)(F)F)cc1,236.0
*c1cc2c(C(=O)N(C2=O)c2c(cccc2)Oc2ccc(cc2)N2C(=O)c3c(C2=O)cc(cc3)C(*)(C(F)(F)F)C(F)(F)F)cc1,276.0
*c1cc2c(C(=O)N(C2=O)c2cc(ccc2)Oc2cc(ccc2)N2C(=O)c3c(C2=O)cc(cc3)C(*)(C(F)(F)F)C(F)(F)F)cc1,244.0
*c1cc2c(C(=O)N(C2=O)c2cc(ccc2)Oc2ccc(cc2)N2C(=O)c3c(C2=O)cc(cc3)C(*)(C(F)(F)F)C(F)(F)F)cc1,261.3
*c1cc2c(C(=O)N(C2=O)c2ccc(cc2)Oc2ccc(cc2)N2C(=O)c3c(C2=O)cc(cc3)C(*)(C(F)(F)F)C(F)(F)F)cc1,304.1
*c1cc2c(C(=O)N(C2=O)c2ccc(cc2)Oc2ccc(cc2)Oc2ccc(cc2)N2C(=O)c3c(C2=O)cc(cc3)C(*)(C(F)(F)F)C(F)(F)F)cc1,272.0
*c1cc2c(C(=O)N(C2=O)c2ccc(cc2)Oc2cc(ccc2)Oc2ccc(cc2)N2C(=O)c3c(C2=O)cc(cc3)C(*)(C(F)(F)F)C(F)(F)F)cc1,247.67
*c1cc2c(C(=O)N(C2=O)c2cc(ccc2)Oc2ccc(cc2)Oc2cc(ccc2)N2C(=O)c3c(C2=O)cc(cc3)C(*)(C(F)(F)F)C(F)(F)F)cc1,230.0
*c1cc2c(C(=O)N(C2=O)c2cc(ccc2)Oc2cc(ccc2)Oc2cc(ccc2)N2C(=O)c3c(C2=O)cc(cc3)C(*)(C(F)(F)F)C(F)(F)F)cc1,208.62
*c1cc2c(C(=O)N(C2=O)c2cc(ccc2)C(=O)c2cc(ccc2)N2C(=O)c3c(C2=O)cc(cc3)C(=O)*)cc1,245.81
*c1cc2c(C(=O)N(C2=O)c2cc(ccc2)NC(=O)c2cc(ccc2)N2C(=O)c3c(C2=O)cc(cc3)C(=O)*)cc1,285.67
*c1cc2c(C(=O)N(C2=O)c2ccc(cc2)NC(=O)c2cc(ccc2)N2C(=O)c3c(C2=O)cc(cc3)C(=O)*)cc1,308.0
*c1cc2c(C(=O)N(C2=O)c2cc(ccc2)NC(=O)c2ccc(cc2)N2C(=O)c3c(C2=O)cc(cc3)C(=O)*)cc1,311.0
*c1cc2c(C(=O)N(C2=O)c2ccc(cc2)N(C(=O)c2cc(ccc2)N2C(=O)c3c(C2=O)cc(cc3)C(=O)*)C)cc1,260.5
*c1cc2c(C(=O)N(C2=O)c2ccc(cc2)C(=O)c2ccc(cc2)Cc2ccc(cc2)N2C(=O)c3c(C2=O)cc(cc3)C(=O)*)cc1,307.0
*c1cc2c(C(=O)N(C2=O)c2ccc(cc2)C(=O)c2ccc(cc2)Cc2cc(ccc2)N2C(=O)c3c(C2=O)cc(cc3)C(=O)*)cc1,254.0
*c1cc2c(C(=O)N(C2=O)c2cc(ccc2)C(=O)c2ccc(cc2)Cc2ccc(cc2)N2C(=O)c3c(C2=O)cc(cc3)C(=O)*)cc1,290.0
*c1cc2c(C(=O)N(C2=O)c2cc(ccc2)C(=O)c2ccc(cc2)Cc2cc(ccc2)N2C(=O)c3c(C2=O)cc(cc3)C(=O)*)cc1,265.5
*c1cc2c(C(=O)N(C2=O)c2ccc(cc2)Oc2ccc(cc2)C(=O)c2cc(ccc2)C(=O)c2ccc(cc2)Oc2ccc(cc2)N2C(=O)c3c(C2=O)cc(cc3)C(=O)*)cc1,227.82
*c1cc2c(C(=O)N(C2=O)c2ccc(cc2)Oc2ccc(cc2)C(=O)c2ccc(cc2)C(=O)c2ccc(cc2)Oc2ccc(cc2)N2C(=O)c3c(C2=O)cc(cc3)C(=O)*)cc1,233.0
*c1cc2c(C(=O)N(C2=O)c2ccc(cc2)Oc2ccc(cc2)C(=O)c2ccc(cc2)C(=O)c2ccc(cc2)C(=O)c2ccc(cc2)Oc2ccc(cc2)N2C(=O)c3c(C2=O)cc(cc3)C(=O)*)cc1,233.0
*c1cc2c(C(=O)N(C2=O)c2ccc(cc2)Oc2ccc(cc2)C(=O)c2ccc(cc2)Oc2ccc(cc2)C(=O)c2ccc(cc2)Oc2ccc(cc2)N2C(=O)c3c(C2=O)cc(cc3)C(=O)*)cc1,215.0
*N1C(=O)c2c(C1=O)cc(cc2)C(=O)c1cc2c(C(=O)N(C2=O)CCCCCCCCCCCC*)cc1,87.5
*N1C(=O)c2c(C1=O)cc(cc2)C(=O)c1cc2c(C(=O)N(C2=O)CCCCCCCC*)cc1,113.0
*N1C(=O)c2c(C1=O)cc(cc2)C(=O)c1cc2c(C(=O)N(C2=O)CCCCCC*)cc1,127.0
*c1cc2c(C(=O)N(C2=O)c2ccc(cc2)C(=O)c2ccc(cc2)C(=O)c2ccc(cc2)N2C(=O)c3c(C2=O)cc(cc3)C(=O)*)cc1,286.0
*c1cc2c(C(=O)N(C2=O)c2ccc(cc2)C(=O)c2ccc(cc2)Cc2ccc(cc2)C(=O)c2ccc(cc2)N2C(=O)c3c(C2=O)cc(cc3)C(=O)*)cc1,285.5
*c1cc2c(C(=O)N(C2=O)c2cc(ccc2)Cc2ccc(cc2)Cc2ccc(cc2)Cc2cc(ccc2)N2C(=O)c3c(C2=O)cc(cc3)C(=O)*)cc1,235.5
*c1cc2c(C(=O)N(C2=O)c2cc(ccc2)C(=O)c2ccc(cc2)C(=O)c2cc(ccc2)N2C(=O)c3c(C2=O)cc(cc3)C(=O)*)cc1,240.0
*c1cc2c(C(=O)N(C2=O)c2ccc(cc2)C(=O)c2cc(ccc2)C(=O)c2ccc(cc2)N2C(=O)c3c(C2=O)cc(cc3)C(=O)*)cc1,276.0
*c1cc2c(C(=O)N(C2=O)c2cc(ccc2)Cc2ccc(cc2)Cc2cc(ccc2)N2C(=O)c3c(C2=O)cc(cc3)C(=O)*)cc1,240.0
*c1cc2c(C(=O)N(C2=O)c2ccc(cc2)C(=O)c2ccc(cc2)N2C(=O)c3c(C2=O)cc(cc3)C(=O)*)cc1,286.33
*c1cc2c(C(=O)N(C2=O)c2cc(ccc2)Cc2cc(ccc2)N2C(=O)c3c(C2=O)cc(cc3)C(=O)*)cc1,241.33
*c1cc2c(C(=O)N(C2=O)c2cc(ccc2)N2C(=O)c3c(C2=O)cc(cc3)C(=O)*)cc1,292.1
*c1cc2c(C(=O)N(C2=O)c2c(ccc(c2)N2C(=O)c3c(C2=O)cc(cc3)C(=O)*)C)cc1,313.5
*c1cc2c(C(=O)N(C2=O)c2c(cc(cc2)c2cc(c(cc2)N2C(=O)c3c(C2=O)cc(cc3)C(=O)*)C)C)cc1,365.0
*c1cc2c(C(=O)N(C2=O)c2cc3Cc4c(c3cc2)ccc(c4)N2C(=O)c3c(C2=O)cc(cc3)C(=O)*)cc1,341.5
*c1cc2c(C(=O)N(C2=O)c2ccc(cc2)Oc2ccc(cc2)N2C(=O)c3c(C2=O)cc(cc3)C(=O)*)cc1,270.76
*c1cc2c(C(=O)N(C2=O)c2ccc(cc2)Sc2ccc(cc2)N2C(=O)c3c(C2=O)cc(cc3)C(=O)*)cc1,276.0
*c1cc2c(C(=O)N(C2=O)c2ccc(cc2)Cc2ccc(cc2)N2C(=O)c3c(C2=O)cc(cc3)C(=O)*)cc1,305.69
*c1cc2c(C(=O)N(C2=O)c2c(cc(cc2)Cc2cc(c(cc2)N2C(=O)c3c(C2=O)cc(cc3)C(=O)*)C)C)cc1,364.67
*c1cc2c(C(=O)N(C2=O)c2ccc(cc2)c2ccc(cc2)N2C(=O)c3c(C2=O)cc(cc3)C(=O)*)cc1,337.0
*c1cc2c(C(=O)N(C2=O)c2ccc(cc2)N2C(=O)c3c(C2=O)cc(cc3)C(=O)*)cc1,328.57
*c1cc2c(C(=O)N(C2=O)c2cc(ccc2)OCCOCCOc2cc(ccc2)N2C(=O)c3c(C2=O)cc(cc3)C(=O)*)cc1,152.33
*c1cc2c(C(=O)N(C2=O)c2ccc(cc2)OCCOc2ccc(cc2)N2C(=O)c3c(C2=O)cc(cc3)C(=O)*)cc1,246.0
*c1cc2c(C(=O)N(C2=O)c2ccc(cc2)OCCOCCOc2ccc(cc2)N2C(=O)c3c(C2=O)cc(cc3)C(=O)*)cc1,235.0
*c1cc2c(C(=O)N(C2=O)c2ccc(cc2)OCCOCCOCCOc2ccc(cc2)N2C(=O)c3c(C2=O)cc(cc3)C(=O)*)cc1,200.0
*c1cc2c(C(=O)N(C2=O)c2cc(ccc2)OCCOc2cc(ccc2)N2C(=O)c3c(C2=O)cc(cc3)C(=O)*)cc1,191.0
*c1cc2c(C(=O)N(C2=O)c2cc(ccc2)Oc2cc(ccc2)Oc2cc(ccc2)N2C(=O)c3c(C2=O)cc(cc3)C(=O)*)cc1,211.0
*c1cc2c(C(=O)N(C2=O)c2ccc(cc2)Oc2ccc(cc2)C(c2ccc(cc2)Oc2ccc(cc2)N2C(=O)c3c(C2=O)cc(cc3)C(=O)*)(C)C)cc1,287.73
*c1cc2c(C(=O)N(C2=O)c2ccc(cc2)Oc2ccc(cc2)C(c2ccc(cc2)Oc2ccc(cc2)N2C(=O)c3c(C2=O)cc(cc3)C(=O)*)(C(F)(F)F)C(F)(F)F)cc1,251.0
*N1C(=O)c2c(C1=O)cc(cc2)Oc1ccc(cc1)Sc1ccc(cc1)Oc1cc2c(C(=O)N(C2=O)c2cc(ccc2)S(=O)(=O)c2cc(ccc2)*)cc1,217.67
*N1C(=O)c2c(C1=O)cc(cc2)Oc1ccc(cc1)S(=O)(=O)c1ccc(cc1)Oc1cc2c(C(=O)N(C2=O)c2cc(ccc2)S(=O)(=O)c2cc(ccc2)*)cc1,205.0
*N1C(=O)c2c(C1=O)c(ccc2)Oc1ccc(cc1)c1ccc(cc1)Oc1c2c(C(=O)N(C2=O)c2ccc(cc2)Oc2ccc(cc2)*)ccc1,277.0
*N1C(=O)c2c(C1=O)cc(cc2)Oc1ccc(cc1)c1ccc(cc1)Oc1cc2c(C(=O)N(C2=O)c2ccc(cc2)Oc2ccc(cc2)*)cc1,229.0
*N1C(=O)c2c(C1=O)c(ccc2)Oc1ccc(cc1)c1ccc(cc1)Oc1c2c(C(=O)N(C2=O)c2ccc(cc2)Oc2cc(ccc2)Oc2ccc(cc2)*)ccc1,224.0
*N1C(=O)c2c(C1=O)cc(cc2)Oc1ccc(cc1)c1ccc(cc1)Oc1cc2c(C(=O)N(C2=O)c2ccc(cc2)Oc2cc(ccc2)Oc2ccc(cc2)*)cc1,205.0
*N1C(=O)c2c(C1=O)c(ccc2)Oc1ccc(cc1)c1ccc(cc1)Oc1c2c(C(=O)N(C2=O)c2cc(ccc2)*)ccc1,275.0
*N1C(=O)c2c(C1=O)cc(cc2)Oc1ccc(cc1)c1ccc(cc1)Oc1cc2c(C(=O)N(C2=O)c2cc(ccc2)*)cc1,247.0
*N1C(=O)c2c(C1=O)c(ccc2)Oc1ccc(cc1)C(=O)c1ccc(cc1)Oc1c2c(C(=O)N(C2=O)c2cc(ccc2)*)ccc1,248.0
*N1C(=O)c2c(C1=O)cc(cc2)Oc1ccc(cc1)C(=O)c1ccc(cc1)Oc1cc2c(C(=O)N(C2=O)c2cc(ccc2)*)cc1,239.0
*N1C(=O)c2c(C1=O)c(ccc2)Oc1ccc(cc1)C(=O)c1ccc(cc1)ON1C(=O)c2c(C1=O)c(ccc2)c1ccc(cc1)Oc1ccc(cc1)*,252.0
*N1C(=O)c2c(C1=O)cc(cc2)Oc1ccc(cc1)C(=O)c1ccc(cc1)Oc1cc2c(C(=O)N(C2=O)c2ccc(cc2)Oc2ccc(cc2)*)cc1,210.0
*N1C(=O)c2c(C1=O)cc(cc2)Oc1ccc(cc1)C(=O)c1ccc(cc1)Oc1cc2c(C(=O)N(C2=O)c2ccc(cc2)Oc2cc(ccc2)Oc2ccc(cc2)*)cc1,194.0
*N1C(=O)c2c(C1=O)c(ccc2)Oc1ccc(cc1)C(=O)c1ccc(cc1)Oc1c2c(C(=O)N(C2=O)c2ccc(cc2)Oc2cc(ccc2)Oc2ccc(cc2)*)ccc1,216.0
*N1C(=O)c2c(C1=O)c(ccc2)Oc1ccc(cc1)C(c1ccc(cc1)Oc1c2c(C(=O)N(C2=O)c2cc(ccc2)*)ccc1)(C)C,222.5
*N1C(=O)c2c(C1=O)cc(cc2)Oc1ccc(cc1)C(c1ccc(cc1)Oc1cc2c(C(=O)N(C2=O)c2cc(ccc2)*)cc1)(C)C,221.3
*N1C(=O)c2c(C1=O)c(ccc2)Oc1ccc(cc1)C(c1ccc(cc1)Oc1c2c(C(=O)N(C2=O)c2ccc(cc2)Oc2ccc(cc2)*)ccc1)(C)C,233.67
*N1C(=O)c2c(C1=O)cc(cc2)Oc1ccc(cc1)C(c1ccc(cc1)Oc1cc2c(C(=O)N(C2=O)c2ccc(cc2)Oc2ccc(cc2)*)cc1)(C)C,217.25
*N1C(=O)c2c(C1=O)c(ccc2)Oc1ccc(cc1)Sc1ccc(cc1)Oc1c2c(C(=O)N(C2=O)c2cc(ccc2)*)ccc1,231.0
*N1C(=O)c2c(C1=O)cc(cc2)Oc1ccc(cc1)Sc1ccc(cc1)Oc1cc2c(C(=O)N(C2=O)c2cc(ccc2)*)cc1,209.0
*N1C(=O)c2c(C1=O)c(ccc2)Oc1ccc(cc1)Sc1ccc(cc1)Oc1c2c(C(=O)N(C2=O)c2ccc(cc2)Oc2ccc(cc2)*)ccc1,234.0
*N1C(=O)c2c(C1=O)cc(cc2)Oc1ccc(cc1)Sc1ccc(cc1)Oc1cc2c(C(=O)N(C2=O)c2ccc(cc2)Oc2ccc(cc2)*)cc1,212.0
*N1C(=O)c2c(C1=O)cc(cc2)Oc1ccc(cc1)Sc1ccc(cc1)Oc1cc2c(C(=O)N(C2=O)c2ccc(cc2)Oc2cc(ccc2)Oc2ccc(cc2)*)cc1,178.0
*N1C(=O)c2c(C1=O)c(ccc2)Oc1ccc(cc1)Sc1ccc(cc1)Oc1c2c(C(=O)N(C2=O)c2ccc(cc2)Oc2cc(ccc2)Oc2ccc(cc2)*)ccc1,202.0
*N1C(=O)c2c(C1=O)c(ccc2)Oc1ccc(cc1)S(=O)(=O)c1ccc(cc1)Oc1c2c(C(=O)N(C2=O)c2cc(ccc2)*)ccc1,266.0
*N1C(=O)c2c(C1=O)cc(cc2)Oc1ccc(cc1)S(=O)(=O)c1ccc(cc1)Oc1cc2c(C(=O)N(C2=O)c2cc(ccc2)*)cc1,265.0
*N1C(=O)c2c(C1=O)c(ccc2)Oc1ccc(cc1)S(=O)(=O)c1ccc(cc1)Oc1c2c(C(=O)N(C2=O)c2ccc(cc2)Oc2ccc(cc2)*)ccc1,267.0
*N1C(=O)c2c(C1=O)cc(cc2)Oc1ccc(cc1)S(=O)(=O)c1ccc(cc1)Oc1cc2c(C(=O)N(C2=O)c2ccc(cc2)Oc2ccc(cc2)*)cc1,260.0
*N1C(=O)c2c(C1=O)cc(cc2)Oc1ccc(cc1)S(=O)(=O)c1ccc(cc1)Oc1cc2c(C(=O)N(C2=O)c2ccc(cc2)Oc2cc(ccc2)Oc2ccc(cc2)*)cc1,219.0
*N1C(=O)c2c(C1=O)c(ccc2)Oc1ccc(cc1)S(=O)(=O)c1ccc(cc1)Oc1c2c(C(=O)N(C2=O)c2ccc(cc2)Oc2cc(ccc2)Oc2ccc(cc2)*)ccc1,230.0
*N1C(=O)c2c(C1=O)c(ccc2)Oc1cc(ccc1)Oc1c2c(C(=O)N(C2=O)c2ccc(cc2)Oc2ccc(cc2)*)ccc1,226.0
*N1C(=O)c2c(C1=O)cc(cc2)Oc1cc(ccc1)Oc1cc2c(C(=O)N(C2=O)c2ccc(cc2)Oc2ccc(cc2)*)cc1,209.0
*N1C(=O)c2c(C1=O)c(ccc2)Oc1cc(ccc1)Oc1c2c(C(=O)N(C2=O)c2ccc(cc2)Oc2cc(ccc2)Oc2ccc(cc2)*)ccc1,193.0
*N1C(=O)c2c(C1=O)cc(cc2)Oc1cc(ccc1)Oc1cc2c(C(=O)N(C2=O)c2cc(ccc2)*)cc1,224.0
*N1C(=O)c2c(C1=O)c(ccc2)Oc1cc(ccc1)Oc1c2c(C(=O)N(C2=O)c2cc(ccc2)*)ccc1,241.0
*N1C(=O)c2c(C1=O)c(ccc2)Oc1ccc(cc1)Oc1c2c(C(=O)N(C2=O)c2ccc(cc2)Oc2ccc(cc2)*)ccc1,263.0
*N1C(=O)c2c(C1=O)c(ccc2)Oc1ccc(cc1)Oc1c2c(C(=O)N(C2=O)c2ccc(cc2)Oc2cc(ccc2)Oc2ccc(cc2)*)ccc1,214.0
*N1C(=O)c2c(C1=O)cc(cc2)Oc1ccc(cc1)Oc1cc2c(C(=O)N(C2=O)c2ccc(cc2)Oc2cc(ccc2)Oc2ccc(cc2)*)cc1,199.0
*N1C(=O)c2c(C1=O)cc(cc2)Oc1ccc(cc1)Oc1cc2c(C(=O)N(C2=O)c2cc(ccc2)*)cc1,255.0
*N1C(=O)c2c(C1=O)c(ccc2)Oc1ccc(cc1)Oc1c2c(C(=O)N(C2=O)c2cc(ccc2)*)ccc1,259.0
*N1C(=O)c2c(C1=O)cc(cc2)Oc1ccc(cc1)Oc1ccc(cc1)Oc1cc2c(C(=O)N(C2=O)c2cc(ccc2)*)cc1,227.0
*N1C(=O)c2c(C1=O)c(ccc2)Oc1ccc(cc1)Oc1ccc(cc1)Oc1c2c(C(=O)N(C2=O)c2cc(ccc2)*)ccc1,238.0
*N1C(=O)c2c(C1=O)c(ccc2)Oc1ccc(cc1)Oc1ccc(cc1)Oc1c2c(C(=O)N(C2=O)c2ccc(cc2)Oc2ccc(cc2)*)ccc1,239.0
*N1C(=O)c2c(C1=O)cc(cc2)Oc1ccc(cc1)Oc1ccc(cc1)Oc1cc2c(C(=O)N(C2=O)c2ccc(cc2)Oc2ccc(cc2)*)cc1,215.0
*N1C(=O)c2c(C1=O)cc(cc2)Oc1ccc(cc1)Oc1ccc(cc1)Oc1cc2c(C(=O)N(C2=O)c2ccc(cc2)Oc2cc(ccc2)Oc2ccc(cc2)*)cc1,184.0
*N1C(=O)c2c(C1=O)c(ccc2)Oc1ccc(cc1)Oc1ccc(cc1)Oc1c2c(C(=O)N(C2=O)c2ccc(cc2)Oc2cc(ccc2)Oc2ccc(cc2)*)ccc1,198.0
*c1cc2c(C(=O)N(C2=O)c2ccc(cc2)Cc2ccc(cc2)N2C(=O)c3c(C2=O)cc(cc3)C(*)(C(F)(F)F)C(F)(F)F)cc1,296.35
*c1cc2c(C(=O)N(C2=O)c2ccc(cc2)C(c2ccc(cc2)N2C(=O)c3c(C2=O)cc(cc3)C(*)(C(F)(F)F)C(F)(F)F)(C)C)cc1,297.0
*N1C(=O)c2c(C1=O)cc(cc2)Oc1ccc(cc1)Oc1cc2c(C(=O)N(C2=O)c2ccc(cc2)Oc2ccc(cc2)*)cc1,248.75
*c1cc2c(C(=O)N(C2=O)c2ccc(cc2)C(=O)NCCNC(=O)*)cc1,235.0
*c1cc2c(C(=O)N(C2=O)c2ccc(cc2)C(=O)NCCCCCCNC(=O)*)cc1,225.0
*c1cc2c(C(=O)N(C2=O)c2ccc(cc2)C(=O)Nc2ccc(cc2)Cc2ccc(cc2)NC(=O)*)cc1,222.0
*c1cc2c(C(=O)N(C2=O)c2ccc(cc2)C(=O)NC2CCC(CC2)CC2CCC(CC2)NC(=O)*)cc1,275.0
*N1C(=O)c2c(C1=O)cc(cc2)c1cc2c(C(=O)N(C2=O)c2ccc(cc2)C2(c3ccccc3c3ccccc23)c2ccc(cc2)*)cc1,388.0
*N1C(=O)c2c(C1=O)cc(cc2)Oc1cc2c(C(=O)N(C2=O)c2cc(ccc2)*)cc1,280.0
*N1C(=O)c2c(C1=O)cc(cc2)Oc1cc2c(C(=O)N(C2=O)c2ccc(cc2)Cc2ccc(cc2)*)cc1,265.33
*N1C(=O)c2c(C1=O)cc(cc2)Oc1cc2c(C(=O)N(C2=O)c2ccc(cc2)C2(c3ccccc3c3ccccc23)c2ccc(cc2)*)cc1,373.0
*N1C(=O)c2c(C1=O)cc(cc2)Oc1ccc(cc1)C(c1ccc(cc1)Oc1cc2c(C(=O)N(C2=O)c2ccc(cc2)Oc2ccc(cc2)*)cc1)(C(F)(F)F)C(F)(F)F,257.0
*N1C(=O)C(CC1=O)Nc1ccc(cc1)Cc1ccc(cc1)NC1C(=O)N(C(=O)C1)c1ccc(cc1)Cc1ccc(cc1)*,239.0
*c1cc2c(C(=O)N(C2=O)c2cc(ccc2)C(=O)c2ccc(cc2)Cc2ccc(cc2)C(=O)c2cc(ccc2)N2C(=O)c3c(C2=O)cc(cc3)C(=O)*)cc1,260.5
*N1C(=O)c2c(C1=O)cc(cc2)Oc1ccc(cc1)Sc1ccc(cc1)Oc1cc2c(C(=O)N(C2=O)c2ccc(cc2)*)cc1,230.67
*N1C(=O)c2c(C1=O)cc(cc2)c1cc2c(C(=O)N(C2=O)c2cc(ccc2)Oc2ccc(cc2)*)cc1,255.5
*N1C(=O)c2c(C1=O)cc(cc2)Oc1ccc(cc1)Sc1ccc(cc1)Oc1cc2c(C(=O)N(C2=O)c2ccc(cc2)c2ccc(cc2)*)cc1,257.0
*c1cc2c(nc(c(n2)c2ccc(cc2)N2C(=O)c3c(C2=O)cc(cc3)C(=O)c2cc3c(C(=O)N(C3=O)c3ccc(cc3)c3c(nc4c(n3)cc(cc4)C(=O)*)c3ccccc3)cc2)c2ccccc2)cc1,255.0
*c1c(nc2c(n1)cc(cc2)Oc1cc2c(nc(c(n2)c2ccc(cc2)N2C(=O)c3c(C2=O)cc(cc3)C(=O)c2cc3c(C(=O)N(C3=O)c3ccc(cc3)*)cc2)c2ccccc2)cc1)c1ccccc1,254.0
*c1c(nc2c(n1)cc(cc2)c1cc2c(nc(c(n2)c2ccc(cc2)N2C(=O)c3c(C2=O)cc(cc3)C(=O)c2cc3c(C(=O)N(C3=O)c3ccc(cc3)*)cc2)c2ccccc2)cc1)c1ccccc1,260.0
*c1c(nc2c(n1)cc(cc2)S(=O)(=O)c1cc2c(nc(c(n2)c2ccc(cc2)N2C(=O)c3c(C2=O)cc(cc3)C(=O)c2cc3c(C(=O)N(C3=O)c3ccc(cc3)*)cc2)c2ccccc2)cc1)c1ccccc1,240.0
*c1cc2c(C(=O)N(C2=O)c2ccc(cc2)C(=O)Nc2c(cccc2)NC(=O)*)cc1,215.0
*c1cc2c(C(=O)N(C2=O)c2ccc(cc2)C(=O)Nc2ccc(cc2)S(=O)(=O)c2ccc(cc2)NC(=O)*)cc1,227.33
*c1cc2c(C(=O)N(C2=O)c2cc(ccc2)C=CC(=O)Nc2cc(ccc2)NC(=O)*)cc1,245.0
*c1cc2c(C(=O)N(C2=O)c2ccc(cc2)C(=O)Nc2cc(ccc2)C=CC(=O)C=Cc2cc(ccc2)NC(=O)*)cc1,237.0
*c1cc2c(C(=O)N(C2=O)c2c(cccc2)C(=O)OCCOC(=O)*)cc1,180.0
*c1cc2c(C(=O)N(C2=O)c2cc(ccc2)C=CC(=O)OCCOC(=O)*)cc1,230.0
*c1cc2c(C(=O)N(C2=O)c2ccc(cc2)Oc2ccc(cc2)N2C(=O)c3c(C2=O)cc(cc3)C(CCCCC(*)(C)C)(C)C)cc1,168.25
*N1C(=O)c2c(C1=O)cc(cc2)c1cc2c(C(=O)N(C2=O)c2ccc(cc2)Oc2c3c(ccc2)c(ccc3)Oc2ccc(cc2)*)cc1,305.0
*c1cc2c(C(=O)N(C2=O)c2ccc(cc2)Oc2c3c(ccc2)c(ccc3)Oc2ccc(cc2)N2C(=O)c3c(C2=O)cc(cc3)C(=O)*)cc1,229.5
*N1C(=O)c2c(C1=O)cc(cc2)S(=O)(=O)c1cc2c(C(=O)N(C2=O)c2ccc(cc2)Oc2c3c(ccc2)c(ccc3)Oc2ccc(cc2)*)cc1,306.0
*c1cc2c(C(=O)N(C2=O)c2ccc(cc2)Oc2c3c(ccc2)c(ccc3)Oc2ccc(cc2)N2C(=O)c3c(C2=O)cc(cc3)C(=O)Nc2cc(ccc2)NC(=O)*)cc1,263.0
*c1cc2c(C(=O)N(C2=O)c2ccc(cc2)Oc2c3c(ccc2)c(ccc3)Oc2ccc(cc2)N2C(=O)c3c(C2=O)cc(cc3)C(=O)Nc2ccc(cc2)Sc2ccc(cc2)NC(=O)*)cc1,265.0
*c1cc2c(C(=O)N(C2=O)c2ccc(cc2)Oc2c3c(ccc2)c(ccc3)Oc2ccc(cc2)N2C(=O)c3c(C2=O)cc(cc3)C(=O)Nc2ccc(cc2)Oc2ccc(cc2)Oc2ccc(cc2)NC(=O)*)cc1,285.0
*c1cc2c(C(=O)N(C2=O)c2ccc(cc2)Oc2c3c(ccc2)c(ccc3)Oc2ccc(cc2)N2C(=O)c3c(C2=O)cc(cc3)C(=O)Nc2ccc(cc2)Oc2ccc(cc2)c2ccc(cc2)Oc2ccc(cc2)NC(=O)*)cc1,310.0
*c1cc2c(C(=O)N(C2=O)c2ccc(cc2)Oc2c3c(ccc2)c(ccc3)Oc2ccc(cc2)N2C(=O)c3c(C2=O)cc(cc3)C(=O)Nc2ccc(cc2)C(c2ccc(cc2)NC(=O)*)(C(F)(F)F)C(F)(F)F)cc1,283.0
*c1cc2c(C(=O)N(C2=O)c2ccc(cc2)Oc2c3c(ccc2)c(ccc3)Oc2ccc(cc2)N2C(=O)c3c(C2=O)cc(cc3)C(=O)Nc2ccc(cc2)Oc2ccc(cc2)C(c2ccc(cc2)Oc2ccc(cc2)NC(=O)*)(C)C)cc1,235.0
*c1cc2c(C(=O)N(C2=O)c2ccc(cc2)Oc2c3c(ccc2)c(ccc3)Oc2ccc(cc2)N2C(=O)c3c(C2=O)cc(cc3)C(=O)Nc2ccc(cc2)Oc2ccc(cc2)C(c2ccc(cc2)Oc2ccc(cc2)NC(=O)*)(C(F)(F)F)C(F)(F)F)cc1,231.0
*c1cc2c(C(=O)N(C2=O)c2ccc(cc2)Oc2c3c(ccc2)c(ccc3)Oc2ccc(cc2)N2C(=O)c3c(C2=O)cc(cc3)C(=O)Nc2ccc(cc2)Oc2ccc(cc2)S(=O)(=O)c2ccc(cc2)Oc2ccc(cc2)NC(=O)*)cc1,260.0
*c1cc2c(C(=O)N(C2=O)c2ccc(cc2)Oc2c3c(ccc2)c(ccc3)Oc2ccc(cc2)N2C(=O)c3c(C2=O)cc(cc3)C(=O)Nc2ccc(cc2)c2sc(c(c2c2ccccc2)c2ccccc2)c2ccc(cc2)NC(=O)*)cc1,340.0
*c1cc2c(C(=O)N(C2=O)c2ccc(cc2)Oc2ccc(cc2)C(c2ccc(cc2)Oc2ccc(cc2)N2C(=O)c3c(C2=O)cc(cc3)C(*)(C(F)(F)F)C(F)(F)F)(C(F)(F)F)C(F)(F)F)cc1,259.43
*c1cc2c(C(=O)N(C2=O)c2ccc(cc2)C(c2ccc(cc2)N2C(=O)c3c(C2=O)cc(cc3)C(=O)*)(C(F)(F)F)C(F)(F)F)cc1,300.0
*c1cc2c(C(=O)N(C2=O)c2ccc(cc2)N2C(=O)c3c(C2=O)cc(cc3)C(*)(C(F)(F)F)C(F)(F)F)cc1,348.86
*N1C(=O)c2c(C1=O)cc(cc2)c1cc2c(C(=O)N(C2=O)c2ccc(cc2)C(c2ccc(cc2)*)(C(F)(F)F)C(F)(F)F)cc1,333.67
*c1cc2c(C(=O)N(C2=O)c2ccc(cc2)C(c2ccc(cc2)N2C(=O)c3c(C2=O)cc(cc3)C(*)(C(F)(F)F)C(F)(F)F)(C(F)(F)F)C(F)(F)F)cc1,312.22
*c1cc2c(C(=O)N(C2=O)c2c(cc(c(c2)C)N2C(=O)c3c(C2=O)cc(cc3)C(*)(C(F)(F)F)C(F)(F)F)C)cc1,347.0
*c1cc2c(C(=O)N(C2=O)c2c(cc(c(c2C)N2C(=O)c3c(C2=O)cc(cc3)C(=O)*)C)C)cc1,401.33
*c1cc2c(C(=O)N(C2=O)c2c(cc(c(c2C)N2C(=O)c3c(C2=O)cc(cc3)C(*)(C(F)(F)F)C(F)(F)F)C)C)cc1,366.25
*c1cc2c(C(=O)N(C2=O)c2c(c(c(c(c2C)C)N2C(=O)c3c(C2=O)cc(cc3)C(*)(C(F)(F)F)C(F)(F)F)C)C)cc1,418.75
*N1C(=O)c2c(C1=O)cc(cc2)c1cc2c(C(=O)N(C2=O)c2cc3S(=O)(=O)c4c(c3cc2C)cc(c(c4)*)C)cc1,490.0
*N1C(=O)c2c(C1=O)cc(cc2)c1cc2c(C(=O)N(C2=O)c2ccc(cc2)Oc2cc3c(cc2Oc2ccc(cc2)*)cccc3)cc1,254.17
*N1C(=O)c2c(C1=O)cc(cc2)Oc1cc2c(C(=O)N(C2=O)c2ccc(cc2)Oc2cc3c(cc2Oc2ccc(cc2)*)cccc3)cc1,254.17
*c1cc2c(C(=O)N(C2=O)c2ccc(cc2)Oc2cc3c(cc2Oc2ccc(cc2)N2C(=O)c4c(C2=O)cc(cc4)C(=O)*)cccc3)cc1,246.0
*N1C(=O)c2c(C1=O)cc(cc2)S(=O)(=O)c1cc2c(C(=O)N(C2=O)c2ccc(cc2)Oc2cc3c(cc2Oc2ccc(cc2)*)cccc3)cc1,275.0
*c1cc2c(C(=O)N(C2=O)c2cc(cc(c2)OCCN(c2ccc(cc2)N=Nc2ccc(cc2)[N+](=O)[O-])CC)N2C(=O)c3c(C2=O)cc(cc3)C(*)(C(F)(F)F)C(F)(F)F)cc1,210.0
*N(C(=O)c1cc(ccc1)C(=O)*)c1ccccc1,148.0
*N(C(=O)c1ccc(cc1)C(=O)*)c1ccccc1,179.0
*N(C(=O)c1c(cc(cc1)C(=O)*)Sc1ccccc1)c1ccccc1,152.0
*c1cc2c(C(=O)N(C2=O)c2c(cc(cc2c2ccccc2)c2ccc(cc2)c2cc(c(c(c2)c2ccccc2)N2C(=O)c3c(C2=O)cc(cc3)C(=O)*)c2ccccc2)c2ccccc2)cc1,265.0
*N1C(=O)c2c(C1=O)c(ccc2)c1cc2c(C(=O)N(C2=O)c2ccc(cc2)*)cc1,407.6
*N1C(=O)c2c(C1=O)cc(cc2)C(=O)c1cc2c(C(=O)N(C2=O)CCCOC(=O)OCCCCCCOC(=O)OCCC*)cc1,55.0
*N1C(=O)c2c(C1=O)cc(cc2)C(=O)c1cc2c(C(=O)N(C2=O)CCCCCCOC(=O)OCCCOC(=O)OCCCCCC*)cc1,61.0
*N1C(=O)c2c(C1=O)cc(cc2)C(=O)c1cc2c(C(=O)N(C2=O)CCCCCCOC(=O)OCCCCCCOC(=O)OCCCCCC*)cc1,55.0
*C1C(=O)N(C(=O)C1*)c1c(cccc1CC)CC,288.0
*C1C(=O)N(C(=O)C1*)c1c(cccc1)C,335.0
*C1C(=O)N(C(=O)C1C(C*)(C)C)c1c(cccc1CC)CC,210.0
*c1cc2c(C(=O)N(C2=O)c2cc(cc(c2)c2nc3c([nH]2)cccc3)N2C(=O)c3c(C2=O)cc(cc3)C(=O)*)cc1,197.0
*c1cc2c(C(=O)N(C2=O)c2cc3c(C(CC3(c3ccc(cc3)N3C(=O)c4c(C3=O)cc(cc4)C(=O)*)C)(C)C)cc2)cc1,318.77
*C1C(=O)N(C(=O)C1*)c1c(cccc1)C(=O)OC,259.0
*C1C(=O)N(C(=O)C1*)c1c(cccc1)C(=O)OCC,230.0
*C1C(=O)N(C(=O)C1*)c1c(cccc1)C(=O)OCCCC,181.0
*C1(C(=O)N(C(=O)C1)c1ccccc1)C*,236.0
*c1cc2c(C(=O)N(C2=O)c2cc(cc(c2)c2c(=O)oc3c(cccc3)n2)N2C(=O)c3c(C2=O)cc(cc3)C(=O)*)cc1,95.0
*OC(=O)c1ccc(cc1)CCCCCCc1ccc(cc1)C(=O)*,20.0
*OC(=O)c1ccc(cc1)C(c1ccc(cc1)C(=O)*)(C)C,100.0
*OC(=O)c1ccc(cc1)Cc1ccc(cc1)C(=O)*,122.0
*OC(=O)c1ccc(cc1)CCCCCc1ccc(cc1)C(=O)*,42.5
*OC(=O)Cc1ccc(cc1)CC(=O)*,65.0
*OC(=O)c1ccc(cc1)CCCCc1ccc(cc1)C(=O)*,46.0
*OC(=O)c1ccc(cc1)C(C(C(c1ccc(cc1)C(=O)*)(F)F)(F)F)(F)F,98.0
*OC(=O)c1cc(ccc1)C(=O)*,130.0
*C1(C(=O)OC(=O)C(C1)(C*)C)C,144.0
*C1C(=O)OC(=O)C(C1)C*,140.0
*OC(=O)OCCCCCC*,-54.25
*OC1C(C(C1(C)C)OC(=O)*)(C)C,160.0
*OC(=O)OCC(C(C(C(C*)(F)F)(F)F)(F)F)(F)F,-41.0
*Oc1ccc(cc1)Cc1ccc(cc1)OC(=O)*,133.5
*Oc1c(cc(cc1)Cc1cc(c(cc1)OC(=O)*)C)C,51.0
*Oc1ccc(cc1)C(c1ccc(cc1)OC(=O)*)C,122.2
*Oc1ccc(cc1)C(c1ccc(cc1)OC(=O)*)CCC,110.33
*Oc1ccc(cc1)C(c1ccc(cc1)OC(=O)*)C(C)C,149.0
*Oc1ccc(cc1)C(c1ccc(cc1)OC(=O)*)c1ccccc1,150.6
*Oc1ccc(cc1)C(c1ccc(cc1)OC(=O)*)(C)C,144.87
*Oc1cc(c(cc1)C(c1c(cc(cc1)OC(=O)*)C)c1ccccc1)C,182.0
*Oc1ccc(cc1)C(c1ccc(cc1)OC(=O)*)(CC)C,131.5
*Oc1ccc(cc1)C(c1ccc(cc1)OC(=O)*)(CCC)C,137.0
*Oc1c(cc(cc1)C(c1cc(c(cc1)OC(=O)*)C)(C)C)C,108.7
*Oc1c(cc(cc1)C(c1cc(c(cc1)OC(=O)*)Cl)(C)C)Cl,145.67
*Oc1c(cc(cc1Cl)C(c1cc(c(c(c1)Cl)OC(=O)*)Cl)(C)C)Cl,213.8
*Oc1c(cc(cc1Br)C(c1cc(c(c(c1)Br)OC(=O)*)Br)(C)C)Br,206.75
*Oc1ccc(cc1)C(c1ccc(cc1)OC(=O)*)(c1ccccc1)C,180.0
*Oc1ccc(cc1)C(c1ccc(cc1)OC(=O)*)(CCC)CCC,140.8
*Oc1ccc(cc1)C1(CCCC1)c1ccc(cc1)OC(=O)*,162.86
*Oc1ccc(cc1)C1(CCCCC1)c1ccc(cc1)OC(=O)*,175.19
*Oc1c(cc(cc1)C1(CCCCC1)c1cc(c(cc1)OC(=O)*)C)C,134.75
*Oc1c(cc(cc1Cl)C1(CCCCC1)c1cc(c(c(c1)Cl)OC(=O)*)Cl)Cl,163.0
*Oc1c(cc(cc1)C1(CCCCC1)c1cc(c(cc1)OC(=O)*)Cl)Cl,179.0
*Oc1ccc(cc1)C1(c2ccccc2c2ccccc12)c1ccc(cc1)OC(=O)*,303.33
*Oc1ccc(cc1)C(c1ccc(cc1)OC(=O)*)(c1ccccc1)c1ccccc1,159.2
*Oc1ccc(cc1)C(c1ccc(cc1)OC(=O)*)(C(F)(F)F)C(F)(F)F,173.55
*Oc1ccc(cc1)C(c1ccc(cc1)OC(=O)*)(C(Cl)(F)F)C(Cl)(F)F,183.5
*Oc1ccc(cc1)C(c1ccc(cc1)OC(=O)*)(c1ccccc1)C#N,138.0
*Oc1cc(ccc1)C(C(C(c1cc(ccc1)OC(=O)*)(F)F)(F)F)(F)F,46.0
*Oc1ccc(cc1)C(c1ccc(cc1)C(c1ccc(cc1)OC(=O)*)(C)C)(C)C,154.0
*Oc1c(cc(cc1C)C(c1cc(c(c(c1)C)OC(=O)*)C)(C)C)C,193.62
*Oc1ccc(cc1)Cc1ccc(cc1)OC(=S)*,95.0
*Oc1ccc(cc1)C(c1ccc(cc1)OC(=S)*)C,101.67
*Oc1ccc(cc1)C(c1ccc(cc1)OC(=S)*)CC,97.33
*Oc1ccc(cc1)C(c1ccc(cc1)OC(=S)*)CCC,129.0
*Oc1ccc(cc1)C(c1ccc(cc1)OC(=S)*)C(C)C,135.0
*Oc1ccc(cc1)C(c1ccc(cc1)OC(=S)*)C(CC)CC,148.0
*Oc1ccc(cc1)C1(CCCC1)c1ccc(cc1)OC(=S)*,79.0
*Oc1ccc(cc1)C1(CCCCC1)c1ccc(cc1)OC(=S)*,155.0
*Oc1ccc(cc1)C1(CCC(CC1)C)c1ccc(cc1)OC(=S)*,168.0
*Oc1ccc(cc1)C(c1ccc(cc1)OC(=S)*)c1ccccc1,179.0
*Oc1ccc(cc1)C(c1ccc(cc1)OC(=S)*)c1c2c(ccc1)cccc2,191.0
*Oc1ccc(cc1)C(c1ccc(cc1)OC(=S)*)(C)C,140.5
*Oc1ccc(cc1)C(c1ccc(cc1)OC(=S)*)(CC)C,102.0
*Oc1ccc(cc1)C(c1ccc(cc1)OC(=S)*)(CC(C)C)C,128.0
*Oc1ccc(cc1)C(c1ccc(cc1)OC(=S)*)(CC)CC,121.0
*Oc1ccc(cc1)C(c1ccc(cc1)OC(=S)*)(c1ccccc1)C,181.0
*Oc1ccc(cc1)C(c1ccc(cc1)OC(=S)*)(CC)c1ccccc1,173.0
*OC(=O)OCCCC*,-28.75
*OC(=O)OCCCCCCCCCC*,-39.67
*Oc1c(cc(cc1)C(c1cc(c(cc1)OC(=O)*)C(C)C)(C)C)C(C)C,80.0
*Oc1cc(c(c(c1)Br)C(c1c(cc(cc1Br)OC(=O)*)Br)(C)C)Br,267.0
*Oc1cc(c(c(c1)Cl)C(c1c(cc(cc1Cl)OC(=O)*)Cl)(C)C)Cl,240.0
*OC(=O)OCCCCC*,-40.0
*C1(c2c(C(=O)O1)cccc2)c1ccc(cc1)OC(=O)Oc1ccc(cc1)*,252.5
*Oc1ccc(cc1)C(=C(Cl)Cl)c1ccc(cc1)OC(=O)*,167.67
*Oc1ccc(cc1)C1(C2CCC(C1)C2)c1ccc(cc1)OC(=O)*,230.0
*Oc1ccc(cc1)C(c1ccc(cc1)OC(=O)*)C(Cl)(Cl)Cl,230.0
*OC(=O)OCC(CS(=O)(=O)CC(C*)(C)C)(C)C,50.0
*Oc1c(cc(cc1C)C(c1cc(c(c(c1)Cl)OC(=O)*)C)(C)C)Cl,154.0
*NCC*,-8.55
*N(CC*)C(=O)C,77.0
*N(CC*)C(=O)CC,59.08
*N(CC*)C(=O)CCC,33.33
*N(CC*)C(=O)C(C)C,30.0
*N(CC*)C(=O)CCCC,13.0
*N(CC*)C(=O)CC(C)C,30.0
*N(CC*)C(=O)CCCCC,7.0
*N(CCC*)C(=O)CCCCC,-16.0
*N(CC*)C(=O)CCCCCC,10.0
*N(CC*)C(=O)CCCCCCC,10.0
*N(CC*)C(=O)CCCCCCCCCCC,10.0
*N(CC*)C(=O)CCCCCCCCCCCCCCCCC,10.0
*N(CC*)C(=O)c1ccccc1,108.5
*N(CCC*)C(=O)c1ccccc1,72.0
*N(CC*)C(=O)c1cc2c(cc1)cccc2,130.0
*N(CCC*)C(=O)C(C(C(C(C(C(C(F)(F)F)(F)F)(F)F)(F)F)(F)F)(F)F)(F)F,25.0
*N(CCC*)C(=O)C,30.0
*N(CCC*)C(=O)CC,8.0
*N(CC*)C(=O)CCC(=O)OC,31.0
*c1nc2c(nc1)ccc(c2)c1ccc2c(nc(cn2)c2ccc(cc2)*)c1,376.0
*c1nc2c(nc1)ccc(c2)c1ccc2c(nc(cn2)c2ccc(cc2)c2ccc(cc2)c2ccc(cc2)*)c1,305.0
*c1c(nc2c(n1)cc(cc2)c1cc2c(nc(c(n2)c2ccc(cc2)*)c2ccccc2)cc1)c1ccccc1,367.45
*c1ccc2c(nc(cn2)c2ccc(cc2)c2nc3c(nc2)ccc(c3)C(=O)*)c1,318.0
*c1cc2c(nc(c(n2)c2ccc(cc2)c2c(nc3c(n2)cc(cc3)C(=O)*)c2ccccc2)c2ccccc2)cc1,323.79
*c1nc2c(nc1)ccc(c2)S(=O)(=O)c1ccc2c(nc(cn2)c2ccc(cc2)*)c1,342.0
*c1c(nc2c(n1)cc(cc2)S(=O)(=O)c1cc2c(nc(c(n2)c2ccc(cc2)*)c2ccccc2)cc1)c1ccccc1,291.8
*c1nc2cc3c(cc2nc1)ncc(n3)c1ccc(cc1)*,392.0
*c1nc2cc3c(cc2nc1c1ccccc1)nc(c(n3)c1ccc(cc1)*)c1ccccc1,395.0
*c1nc2cc3c(cc2nc1c1ccccc1)nc(c(n3)c1cc(ccc1)*)c1ccccc1,365.0
*c1c(nc2c(n1)cc(cc2)c1cc2c(nc(c(n2)c2cc(ccc2)*)c2ccccc2)cc1)c1ccccc1,320.0
*c1cc2c(nc(cn2)c2ccc(cc2)c2nc3c(nc2)cc(cc3)C(=O)*)cc1,318.0
*c1nc2c(nc1)cc(cc2)S(=O)(=O)c1cc2c(nc(cn2)c2ccc(cc2)*)cc1,342.0
*c1nc2c(nc1)cc(cc2)c1ccc2c(nc(cn2)c2ccc(cc2)*)c1,376.0
*c1nc2cc3c(cc2nc1)nc(cn3)c1ccc(cc1)*,392.0
*c1nc2c(nc1c1ccccc1)cc(cc2)S(=O)(=O)c1cc2c(nc(c(n2)c2ccccc2)c2ccc(cc2)*)cc1,345.0
*c1nc2cc3c(cc2nc1c1ccccc1)nc(c(n3)c1ccccc1)c1cc(ccc1)*,365.0
*c1nc2cc3c(cc2nc1c1ccccc1)nc(c(n3)c1ccccc1)c1ccc(cc1)*,395.0
*c1nc2c(c(c1)c1ccccc1)cc(cc2)*,415.0
*c1cc2c(nc(c(n2)c2ccccc2)c2ccc(cc2)c2c(nc3c(n2)cc(cc3)C(=O)*)c2ccccc2)cc1,323.79
*c1nc2c(nc1c1ccccc1)cc(cc2)c1cc2c(nc(c(n2)c2ccccc2)c2ccc(cc2)c2ccc(cc2)*)cc1,404.0
*c1nc2c(nc1c1ccccc1)cc(cc2)S(=O)(=O)c1cc2c(nc(c(n2)c2ccc(cc2)*)c2ccccc2)cc1,277.5
*c1nc2c(nc1)cc(cc2)c1cc2c(nc(cn2)c2ccc(cc2)c2ccc(cc2)*)cc1,345.5
*c1nc2c(nc1)cc(cc2)c1cc2c(nc(cn2)c2ccc(cc2)*)cc1,350.0
*N1CCN(CC1)C(=O)c1c(cccc1)c1c(cccc1)C(=O)*,193.0
*N1CCN(CC1)C(=O)c1ccc(cc1)C(c1ccc(cc1)C(=O)*)(CC)C,225.5
*N1CCN(CC1)C(=O)CCC1(c2ccccc2c2ccccc12)CCC(=O)*,145.0
*N1C(=O)C(CC1=O)CC*,121.0
*c1cc2c(nc([nH]2)S(=O)(=O)c2nc3c([nH]2)ccc(c3)c2cc(ccc2)*)cc1,286.5
*c1nc(nc(n1)N(c1ncnc(n1)N(*)c1ccccc1)c1ccccc1)c1ccccc1,273.5
*c1nc(nc(n1)C(C(C(C(C(C(*)(F)F)(F)F)(F)F)(F)F)(F)F)(F)F)C(C(C(F)(F)F)(F)F)(F)F,-11.0
*c1nc2c([nH]1)cc(cc2)c1cc2c(nc([nH]2)c2cc(ccc2)*)cc1,395.88
*c1nc2c([nH]1)cc(cc2)c1cc2c(nc([nH]2)c2cc3c(cc2)cc(cc3)*)cc1,403.0
*c1nc(nc(n1)NCCCCCCN*)c1ccccc1,95.0
*c1nc(nc(n1)N(CCCCCCN(*)C)C)c1ccccc1,57.0
*c1nc(nc(n1)N(CCCCCCN(*)c1ccccc1)c1ccccc1)c1ccccc1,74.0
*c1nc2c(nc1c1ccccc1)cc(cc2)c1cc2c(nc(c(n2)c2ccc(cc2)*)c2ccccc2)cc1,367.45
*c1nc2c(nc1c1ccccc1)cc(cc2)c1cc2c(nc(c(n2)c2cc(ccc2)*)c2ccccc2)cc1,319.0
*c1nc2c(nc1c1cc3c(cc1)cccc3)cc(cc2)c1cc2c(nc(c(n2)c2ccc(cc2)*)c2cc3c(cc2)cccc3)cc1,333.0
*c1nc2c(nc1c1cc3c(cc1)cccc3)cc(cc2)c1cc2c(nc(c(n2)c2cc(ccc2)*)c2cc3c(cc2)cccc3)cc1,317.0
*c1ncnc(n1)N(CCCCN(*)c1ccccc1)c1ccccc1,91.0
*c1ncnc(n1)N(CCCCCCN(*)c1ccccc1)c1ccccc1,72.0
*c1ncnc(n1)N(CCCCCCCCCCN(*)c1ccccc1)c1ccccc1,55.0
*c1nc(nc(n1)N(CCCCN(*)c1ccccc1)c1ccccc1)C,89.5
*c1nc(nc(n1)N(CCCCCCN(*)c1ccccc1)c1ccccc1)C,67.0
*c1nc(nc(n1)N(CCCCCCCCCCN(*)c1ccccc1)c1ccccc1)C,48.0
*c1nc(nc(n1)N(CCCCN(*)c1ccccc1)c1ccccc1)c1ccccc1,89.5
*c1nc(nc(n1)N(CCCCCCCCCCN(*)c1ccccc1)c1ccccc1)c1ccccc1,62.0
*c1n(c(nn1)c1cc(ccc1)c1n(c(nn1)c1ccc(cc1)*)c1ccccc1)c1ccccc1,265.0
*O[Si](Oc1ccc(cc1)C(c1ccc(cc1)*)(C)C)(C)C,45.0
*O[Si](c1cc(ccc1)*)(c1ccccc1)c1ccccc1,58.5
*[Si](CCC*)(c1ccc(cc1)N(C)C)C,6.5
*[Si](CCC*)(c1ccc(cc1)N(C)C)c1ccccc1,52.0
*[Si](CCC*)(c1ccccc1)C,-1.5
*[Si](C*)(C)C,-91.17
*[Si](CCC*)(C)C,-72.5
*[Si](CCC*)(c1ccc(cc1)C)c1ccc(cc1)C,38.0
*O[Si](*)(CC)CC,-105.5
*O[Si](*)(CCC)CCC,-77.5
*O[Si](O[Si](O[Si](*)(c1c(c(c(c(c1F)F)F)F)F)c1c(c(c(c(c1F)F)F)F)F)(C)C)(C)C,-42.0
*O[Si](O[Si](O[Si](*)(c1c(c(c(c(c1F)F)Cl)F)F)C)(C)C)(C)C,-75.0
*O[Si](O[Si](*)(c1c(c(c(c(c1F)F)F)F)F)C)(C)C,-65.0
*O[Si](O[Si](O[Si](*)(c1c(c(c(c(c1F)F)F)F)F)C)(C)C)(C)C,-83.0
*O[Si](CCC(C(C(C(C(C(CC[Si](*)(CCC(F)(F)F)C)(F)F)(F)F)(F)F)(F)F)(F)F)(F)F)(CCC(F)(F)F)C,-24.0
*O[Si](CCC(C(C(C(C(C(C(C(C(C(CC[Si](*)(CCC(F)(F)F)C)(F)F)(F)F)(F)F)(F)F)(F)F)(F)F)(F)F)(F)F)(F)F)(F)F)(CCC(F)(F)F)C,-11.0
*O[Si](CCC(C(C(C(C(C(C(C(CC[Si](*)(CCC(F)(F)F)C)(F)F)(F)F)(F)F)(F)F)(F)F)(F)F)(F)F)(F)F)(CCC(F)(F)F)C,-28.0
*O[Si](CCC(C(C(C(CC[Si](*)(CCC(F)(F)F)C)(F)F)(F)F)(F)F)(F)F)(CCC(F)(F)F)C,-25.0
*O[Si](CCC(CC[Si](*)(CCC(F)(F)F)C)(F)F)(CCC(F)(F)F)C,-38.0
*O[Si](CCC(C(CC[Si](*)(CCC(F)(F)F)C)(F)F)(F)F)(CCC(F)(F)F)C,-27.0
*O[Si](*)(C)C,-116.0
*O[Si](*)(c1c(c(c(c(c1F)F)F)F)F)C,-25.0
*O[Si](*)(CCC(F)(F)F)C,-69.94
*O[Si](*)(c1ccccc1)C,-24.27
*O[Si](Oc1ccc(cc1)*)(c1ccccc1)C,95.0
*O[Si](Oc1ccc(cc1)C(c1ccc(cc1)*)(C)C)(c1ccccc1)C,58.0
*O[Si](Oc1ccc(cc1)*)(C)C,90.0
*O[Si](c1c(c(c(c(c1F)F)F)[Si](*)(C)C)F)(C)C,-28.5
*O[Si](O[Si](O[Si](O[Si](c1cc(ccc1)[Si](*)(c1ccccc1)C)(c1ccccc1)C)(C)C)(C)C)(C)C,-42.0
*O[Si](O[Si](c1c(c(c(c(c1F)F)F)[Si](*)(C)C)F)(C)C)(C)C,-61.0
*O[Si](c1cc(ccc1)C(C(c1cc(ccc1)[Si](*)(C)C)(F)F)(F)F)(C)C,-2.0
*O[Si](c1cc(ccc1)C(C(C(c1cc(ccc1)[Si](*)(C)C)(F)F)(F)F)(F)F)(C)C,-8.0
*O[Si](O[Si](c1ccc(cc1)[Si](*)(C)C)(C)C)(C)C,-62.5
*O[Si](O[Si](O[Si](O[Si](O[Si](c1ccc(cc1)[Si](*)(C)C)(C)C)(C)C)(C)C)(C)C)(C)C,-80.0
*O[Si](O[Si](O[Si](O[Si](c1cc(ccc1)[Si](*)(C)C)(C)C)(C)C)(C)C)(C)C,-75.0
*O[Si](O[Si](O[Si](O[Si](c1ccc(cc1)[Si](*)(C)C)(C)C)(C)C)(C)C)(C)C,-72.0
*O[Si](O[Si](O[Si](c1ccc(cc1)[Si](*)(C)C)(C)C)(C)C)(C)C,-62.0
*O[Si](O[Si](c1ccc(cc1)[Si](*)(C)C)(C)C)(c1ccccc1)c1ccccc1,0.0
*O[Si](c1ccc(cc1)[Si](*)(C)C)(C)C,-29.33
*O[Si](*)(c1ccccc1)c1ccccc1,45.8
*[Si](C/C=C\C*)(C)C,-57.5
*[Si](C/C=C\C*)(c1ccccc1)C,-1.0
*[Si](C/C=C\C*)(CCCOc1ccccc1)c1ccccc1,-5.0
*[Si](C/C=C\C*)(CCCOc1cc2c(cc1)cccc2)C,-1.0
*[Si](C/C=C\C*)(CCCOc1ccc(cc1)c1ccccc1)C,10.0
*[Si](C/C=C\C*)(CCCOc1ccccc1)C,-30.0
*O[Si](*)(CCCCCCCCOc1ccc(cc1)C(=O)Oc1c(cc(cc1)C#N)C)C,1.0
*[Si](C*)(CCCCCC)C,-77.6
*[Si](C*)(CCCN(CC)CC)C,-61.2
*[Si](C*)(CCCn1c2ccccc2c2ccccc12)C,71.2
*O[Si](*)(CCCn1c2ccccc2c2ccccc12)C,51.0
*[Si](C*)(CCCOCCOCCOC)C,-73.3
*[Si](C*)(CCC)CCC,-41.0
*[Si](C*)(CCCC)CCCC,-30.0
*[Si](C*)(CCCCC)CCCCC,-55.0
*[Si](C*)(CCCCCC)CCCCCC,-56.0
*N=P(*)(OC)OC,-75.33
*N=P(*)(OCC)OCC,-87.33
*N=P(*)(OCCC)OCCC,-100.0
*N=P(*)(OCCCC)OCCCC,-105.0
*N=P(*)(OCCCCC)OCCC,-100.0
*N=P(*)(OCCCCC)OCCCCC,-104.0
*N=P(*)(OCCCCCC)OCCCCCC,-104.0
*N=P(*)(OCCCCCCC)OCCCCCCC,-94.0
*N=P(*)(OCCCCCCCC)OCCCCCCCC,-84.0
*N=P(*)(OCCCCCCCCC)OCCCCCCCCC,-56.0
*N=P(*)(OCCCCCCCCCC)OCCCCCCCCCC,-44.0
*N=P(*)(Oc1ccccc1)Oc1ccccc1,-4.9
*N=P(*)(Oc1ccc(cc1)c1ccccc1)Oc1ccc(cc1)c1ccccc1,69.67
*N=P(*)(OCc1ccccc1)OCc1ccccc1,-31.4
*N=P(*)(OCc1ccc(cc1)c1ccccc1)OCc1ccc(cc1)c1ccccc1,52.0
*N=P(*)(OCCc1ccccc1)OCCc1ccccc1,-32.7
*N=P(*)(OCCCc1ccccc1)OCCCc1ccccc1,-47.0
*N=P(*)(OCC(F)(F)F)OCC(F)(F)F,-66.57
*N=P(*)(OCC(C(F)(F)F)(F)F)OCC(C(F)(F)F)(F)F,-65.0
*N=P(*)(OCC(C(C(C(C(C(C(F)(F)F)(F)F)(F)F)(F)F)(F)F)(F)F)(F)F)OCC(C(C(C(C(C(C(F)(F)F)(F)F)(F)F)(F)F)(F)F)(F)F)(F)F,-40.0
*N=P(*)(Oc1ccc(cc1)F)Oc1ccc(cc1)F,-10.0
*N=P(*)(Oc1cc(ccc1)C(F)(F)F)Oc1cc(ccc1)C(F)(F)F,-35.0
*N=P(*)(OCc1ccc(cc1)Br)OCc1ccc(cc1)Br,-0.8
*N=P(*)(OCCOC)OCCOC,-75.0
*N=P(*)(OCCOCCOC)OCCOCCOC,-81.07
*N=P(*)(OCCOCCOCC)OCCOCCOCC,-78.0
*N=P(*)(OCCOCCOCCCC)OCCOCCOCCCC,-84.0
*N=P(*)(NCC)NCC,30.0
*N=P(*)(N(C)C)N(C)C,-4.0
*N=P(*)(N1CCCCC1)N1CCCCC1,19.0
*N=P(*)(Nc1ccccc1)Nc1ccccc1,91.0
*N=P(*)(Cl)Cl,-63.5
*N=P(*)(Oc1ccc(cc1)Cl)Oc1ccc(cc1)Cl,-4.0
*N=P(*)(Oc1c(cc(cc1)Cl)Cl)Oc1c(cc(cc1)Cl)Cl,2.0
*N=P(*)(Oc1ccc(cc1)C(C)C)Oc1ccc(cc1)C(C)C,0.0
*N=P(*)(Oc1ccc(cc1)C)Oc1ccc(cc1)C,0.3
*N=P(*)(C)C,-46.0
*N=P(*)(Oc1cc2c(cc1)cccc2)Oc1cc2c(cc1)cccc2,47.0
*N=P(*)(Oc1cc(ccc1)C)Oc1cc(ccc1)C,-25.0
*P1(=N*)Oc2ccccc2c2ccccc2O1,160.0
*C(=O)CC*,10.0
*Oc1ccc(cc1)C(=O)c1ccc(cc1)*,157.31
*OS(=O)(=O)c1cc(ccc1)C(=O)c1cc(ccc1)S(=O)(=O)Oc1ccc(cc1)C(c1ccc(cc1)*)(C)C,122.0
*OS(=O)(=O)c1cc(ccc1)S(=O)(=O)Oc1ccc(cc1)C(c1ccc(cc1)*)(C)C,117.5
*S(=O)(=O)C1C(CCCC1)*,77.0
*S(=O)(=O)C1CC(CCC1)*,108.0
*OS(=O)(=O)c1ccc(cc1)*,119.0
*S(=O)(=O)CC(C*)(C)C,108.5
*S(=O)(=O)c1ccc(cc1)Cc1ccc(cc1)*,227.5
*c1ccc(cc1)*,291.5
*c1ccc(cc1)C(*)C,79.43
*c1ccc(cc1)CC*,66.64
*c1cc(ccc1)CC*,9.0
*c1c(cc(cc1)CC*)C,54.38
*c1c(cc(cc1)CC*)CC,25.0
*c1c(cc(c(c1)C)CC*)C,95.0
*c1ccc(cc1)c1c(cc(c(c1c1ccccc1)c1ccccc1)c1ccc(cc1)c1c(c(c(c(c1)c1ccccc1)c1ccc(cc1)CCC*)c1ccccc1)c1ccccc1)c1ccccc1,290.0
*c1ccc(cc1)c1c(cc(c(c1c1ccccc1)c1ccccc1)c1cc(ccc1)c1c(c(c(c(c1)c1ccccc1)c1ccc(cc1)CCC*)c1ccccc1)c1ccccc1)c1ccccc1,240.0
*c1ccc(cc1)c1c(cc(c(c1c1ccccc1)c1ccccc1)c1ccc(cc1)c1c(c(c(c(c1)c1ccccc1)c1ccc(cc1)CCCC*)c1ccccc1)c1ccccc1)c1ccccc1,205.0
*c1ccc(cc1)c1c(cc(c(c1c1ccccc1)c1ccccc1)c1cc(ccc1)c1c(c(c(c(c1)c1ccccc1)c1ccc(cc1)CCCC*)c1ccccc1)c1ccccc1)c1ccccc1,180.0
*c1ccc(cc1)c1c(cc(c(c1c1ccccc1)c1ccccc1)c1ccc(cc1)c1c(c(c(c(c1)c1ccccc1)c1ccc(cc1)CCCCCC*)c1ccccc1)c1ccccc1)c1ccccc1,250.0
*c1ccc(cc1)c1c(cc(c(c1c1ccccc1)c1ccccc1)c1cc(ccc1)c1c(c(c(c(c1)c1ccccc1)c1ccc(cc1)CCCCCC*)c1ccccc1)c1ccccc1)c1ccccc1,215.0
*c1ccc(cc1)c1c(cc(c(c1c1ccccc1)c1ccccc1)c1ccc(cc1)c1c(c(c(c(c1)c1ccccc1)c1ccc(cc1)CCCCCCCCCC*)c1ccccc1)c1ccccc1)c1ccccc1,235.0
*c1ccc(cc1)c1c(cc(c(c1c1ccccc1)c1ccccc1)c1ccc(cc1)c1c(c(c(c(c1)c1ccccc1)c1ccc(cc1)CCCCCCCCCCCCCC*)c1ccccc1)c1ccccc1)c1ccccc1,185.0
*c1ccc(cc1)c1c(cc(c(c1c1ccccc1)c1ccccc1)c1cc(ccc1)c1c(c(c(c(c1)c1ccccc1)c1ccc(cc1)CCCCCCCCCCCCCC*)c1ccccc1)c1ccccc1)c1ccccc1,160.0
*c1c(cc(cc1)CC*)C#N,90.0
*c1c(cc(cc1)CC*)Cl,63.69
*c1c(cc(cc1)CC*)Br,80.0
*c1c2c(c(cc1)CC*)cccc2,160.0
*c1cc(ccc1)*,104.93
*c1ccc(cc1)C=C*,230.0
*c1ccc(cc1)C(C(*)(F)F)(F)F,76.95
*c1cc(ccc1)c1cc(ccc1)C(C(C(*)(F)F)(F)F)(F)F,45.0
*c1ccc(cc1)C(C(*)Cl)(Cl)Cl,160.0
*c1cc(ccc1)C(C(C(*)(F)F)(F)F)(F)F,25.0
*c1ccc(cc1)c1c(cc(c(c1c1ccccc1)c1ccccc1)c1cc(ccc1)c1c(c(c(c(c1)c1ccccc1)c1ccc(cc1)CCCCCCCCCC*)c1ccccc1)c1ccccc1)c1ccccc1,180.0
*c1c(cc(cc1Cl)CC*)Cl,110.0
*C1c2c3c(cccc3ccc2)C1*,282.85
*C(C(CC*)(C)C)(C)C,87.0
*C(C(*)(C([2H])([2H])[2H])[2H])([2H])[2H],-2.67
*C1C2C(C(C1)CC*)CCC2,103.55
*C1C2C(C(C1)CC*)C1C(CC2C1)C,150.0
*C(CCC*)C,-56.55
*C(C*)C1C(CCCC1)C,186.0
*C(C*)C1CCC(CC1)C(C)(C)C,131.0
*C(CCCCC*)C,-66.0
*C(CCCCC*)CC,-73.0
*C(CCCCC*)CCC,-68.0
*C(CCCCC*)CCCC,-69.0
*C(CCCCC*)CCCCCC,-76.0
*C(CCCCC*)CCCCCCCC,-72.0
*C(CCCCC*)CCCCCCCCCC,-65.0
*C(C*)CCCCCCCCCCCCCCCCCC,-88.0
*C1CC(CC1)*,65.1
*C1C2CCC(C1*)C2,251.49
*C(C(CC*)[2H])([2H])C,-47.5
*C1C2CC(C(C1*)C2)C,350.0
*C1C(C2CC(C1C2)*)CCCC,235.0
*C1C(C2CC(C1C2)*)CCCCCC,237.33
*C1C2C(C(C1)CC*)C1C(CC2C1)CC,138.0
*C1C2C(C(C1)CC*)C1CCC2C1,164.0
*C(C*)c1ccc(cc1)C(=O)OCCN(CC)CC,74.0
*C(C*)c1ccc(cc1)C(=NO)Cc1ccccc1,111.0
*C(C*)c1c(cccc1)COCCCCCCCC,13.0
*C(C*)c1ccc(cc1)C(O)C(F)(F)F,110.0
*C(C*)c1ccc(cc1)c1c2ccccc2cc2ccccc12,270.0
*C(C*)(c1nc2c(cc1)cccc2)C,181.8
*C(C*)c1cc(ccc1)OC(=O)C,76.0
*C(C*)c1cc(ccc1)NC(=O)C,163.0
*C(C*)(c1cc2c(cc1)cccc2)C,208.0
*C(C*)c1ccc(cc1)C([Sn](C)(C)C)[Sn](C)(C)C,140.0
*C(C*)c1ccc(cc1)C([Si](C)(C)C)[Si](C)(C)C,156.0
*C(C*)c1ccc(cc1)C[Si](C)(C)C,82.0
*C(C*)c1c(c(c(c(c1[2H])[2H])[2H])[2H])[2H],100.0
*C(C*)(c1ccc(cc1)C#N)C,238.75
*C(CC(C*)c1ccc(cc1)OC(=O)C)(C#N)C#N,150.0
*C(CC(C*)c1ccc(cc1)F)(C#N)C#N,150.0
*C(CC(C*)c1ccc(cc1)Cl)(C#N)C#N,150.0
*C(CC(C*)c1ccc(cc1)CCl)(C#N)C#N,150.0
*C(C*)c1ccc(cc1)COCCC(C(C(C(F)(F)F)(F)F)(F)F)(F)F,13.0
*C(C*)c1ccc(cc1)COCCC(C(C(C(C(C(C(C(F)(F)F)(F)F)(F)F)(F)F)(F)F)(F)F)(F)F)(F)F,53.33
*C(C*)c1ccc(cc1)[Si](O[Si](C)(C)C)(C)C,35.5
*C(C*)c1c(cccc1)O,172.0
*C(C*)c1cc(ccc1)O,162.0
*C(C*)c1cc(c(c(c1)OC)OC(=O)C)OC,147.0
*C(C*)c1cc(c(c(c1)OC)O)OC,147.0
*C(C*)c1ccc(cc1)COc1ccc(cc1)c1ccc(cc1)C#N,124.0
*C(C*)c1cc(c(cc1)Cl)[N+](=O)[O-],132.9
*C(C*)c1c(cccc1)Br,148.5
*C(C(*)c1ccc(cc1)N(C)C)c1ccc(cc1)[N+](=O)[O-],139.0
*C(C(CCCC*)c1ccc(cc1)O)c1c(cc(cc1)O)C,25.0
*C(C(CCCCC*)c1ccc(cc1)O)c1c(cc(cc1)O)C,16.0
*C(C(CCCCCC*)c1ccc(cc1)O)c1c(cc(cc1)O)C,18.0
*C(C(CCCCCCC*)c1ccc(cc1)O)c1c(cc(cc1)O)C,4.0
*C(C(CCCCCCCC*)c1ccc(cc1)O)c1c(cc(cc1)O)C,-12.0
*C(C(CCCCCCCCC*)c1ccc(cc1)O)c1c(cc(cc1)O)C,-1.0
*C(C(CCCCCCCCCC*)c1ccc(cc1)O)c1c(cc(cc1)O)C,-4.0
*C(C(CCCCCCCCCCC*)c1ccc(cc1)O)c1c(cc(cc1)O)C,4.0
*C(C(CCCCCCCCCCCC*)c1ccc(cc1)O)c1c(cc(cc1)O)C,-1.0
*C(C*)c1cc(ccc1)Br,102.0
*C(C*)c1cc(c(cc1)OC(=O)C)OC,115.0
*C(C*)c1cc(c(cc1)O)OC,142.0
*C(C*)c1ccc(cc1)COCCC(C(C(C(C(C(F)(F)F)(F)F)(F)F)(F)F)(F)F)(F)F,18.0
*C(C*)c1ccc(cc1)[Si](O[Si](O[Si](C)(C)C)(C)C)(C)C,-27.0
*C(C*)c1ccc(cc1)[Si](O[Si](C)(C)C)(O[Si](C)(C)C)C,54.0
*C(C*)c1ccc(cc1)[Si](O[Si](C)(C)C)(O[Si](C)(C)C)O[Si](C)(C)C,114.0
*C(C*)c1ccc(cc1)CCl,106.0
*C(C*)c1ccc(cc1)OP1(=NP(=NP(=N1)(OCCOCCOCCOC)OCCOCCOCCOC)(OCCOCCOCCOC)OCCOCCOCCOC)OCCOCCOCCOC,-66.5
*C(C*)(c1ccc(cc1)C(O)C(F)(F)F)C,199.0
*C(C*)c1ccc(cc1)[Si](O)(C)C,147.0
*C(C*)c1c(cccc1)OC(=O)C,118.0
*C(C*)c1ccc(cc1)[SiH](C)C,105.0
*C(C*)c1ccc(cc1)Cn1c2ccccc2c2ccccc12,166.0
*C(C(CC*)c1ccccc1)c1ccccc1,101.65
*C(C*)c1c(ccc(c1)C(=O)Oc1ccc(cc1)OC)C(=O)Oc1ccc(cc1)OC,109.67
*C(C*)c1c(c(c(c(c1F)F)OCC(C(F)(F)F)(F)F)F)F,53.0
*C(C*)c1c(c(c(c(c1F)F)OCC(C(C(C(C(C(C(F)(F)F)(F)F)(F)F)(F)F)(F)F)(F)F)(F)F)F)F,21.0
*C(C*)c1c(c(c(c(c1F)F)OC)F)F,94.0
*C1C2C(C(C1)CC*)C1C(CC2C1)c1ccc(cc1)COC(CC)C,139.0
*C(C*)c1ccc(cc1)OCCOCCOC(=O)C,-3.0
*C(C*)c1c(ccc(c1)C(=O)Oc1ccc(cc1)OCCCC)C(=O)Oc1ccc(cc1)OCCCC,104.36
*C(C*)(c1nc(nc(n1)N(CCOCCOCCOC)CCOCCOCCOC)N(CCOCCOCCOC)c1ccccc1)C,-75.0
*C(C*)c1ccc(cc1)B(Oc1c2ncccc2c(cc1)B1OC(C(O1)(C)C)(C)C)c1ccc(cc1)C(C)(C)C,275.0
*C(C*)c1ccc(cc1)B(Oc1c2ncccc2c(cc1)c1c(c(c(c(c1F)F)F)F)F)c1ccc(cc1)C(C)(C)C,245.0
*C(C*)c1ccc(cc1)B(c1ccc(cc1)C(C)(C)C)Oc1c2ncccc2ccc1,240.0
*C(C*)c1ccc(cc1)B(c1ccc(cc1)C(C)(C)C)Oc1c2ncccc2c(cc1)Cl,238.0
*C(C*)c1ccc(cc1)B(Oc1c2ncccc2c(cc1)c1ccc(cc1)OC)c1ccc(cc1)C(C)(C)C,220.0
*C(C*)c1ccc(cc1)B(Oc1c2ncccc2c(cc1)c1ccc(cc1)N(C)C)c1ccc(cc1)C(C)(C)C,230.0
*C(C*)c1ccc(cc1)N(c1ccccc1)c1ccccc1,123.5
*C(CC*)(c1ccccc1)C,93.0
*C(C*)c1ccc(cc1)OC(C)(C)C,103.0
*C(C*)c1ccc(cc1)c1cc2C(c3c(c2cc1)cccc3)(CCCCCC)CCCCCC,76.55
*C(C*)c1ccc(cc1)c1cc2C(c3c(c2cc1)ccc(c3)c1cc2C(c3c(c2cc1)cccc3)(CCCCCC)CCCCCC)(CCCCCC)CCCCCC,78.33
*C(C*)c1cc[n+](cc1)CCCCCCCC,94.5
*C(C*)c1c(ccc(c1)c1ccc(cc1)C(=O)OC(CC)C)c1ccc(cc1)C(=O)OC(CC)C,212.5
*C(C*)c1c(ccc(c1)c1ccc(cc1)C(=O)OC(CCCCCC)C)c1ccc(cc1)C(=O)OC(CCCCCC)C,102.0
*C(C*)c1c(ccc(c1)c1ccc(cc1)C(=O)OC1C(CCC(C1)C)C(C)C)c1ccc(cc1)C(=O)OC1C(CCC(C1)C)C(C)C,217.5
*C(C*)c1ccc(cc1)COCC(C(C(C(F)(F)F)(F)F)(F)F)(F)F,23.0
*C(C*)c1ccc(cc1)CCC(C(C(C(F)(F)F)(F)F)(F)F)(F)F,23.0
*C(C*)c1cc(ccc1)N(c1ccc(cc1)C)c1ccc(cc1)C,126.5
*C(C*)c1ccc(cc1)c1c2c(nsn2)ccc1,150.0
*C(C*)c1ccc(cc1)COc1ccc(cc1)c1c2c(nsn2)c(cc1)c1ccc(cc1)C,117.0
*C(C*)c1ccc(cc1)COc1ccc(cc1)c1c2c(nsn2)c(cc1)c1sc(cc1)C,128.33
*C(C*)c1ccc(cc1)COc1ccc(cc1)c1c2c(nsn2)c(cc1)c1sc(cc1)c1sc(cc1)CCCCCC,122.0
*C(C*)c1c(ccc(c1)C(=O)OC)c1ccc(cc1)OCCCCCCCC,126.0
*C(C*)c1c(ccc(c1)C(=O)OCC)c1ccc(cc1)OCCCCCCCC,95.0
*C(C*)c1c(ccc(c1)C(=O)OCCCC)c1ccc(cc1)OCCCCCCCC,76.0
*C(C*)c1c(ccc(c1)C(=O)OCCCCCC)c1ccc(cc1)OCCCCCCCC,64.0
*C(C*)c1c(ccc(c1)C(=O)OCCCCCCCC)c1ccc(cc1)OCCCCCCCC,57.0
*C(C*)c1c(ccc(c1)C(=O)OCCCCCCCCCC)c1ccc(cc1)OCCCCCCCC,44.0
*C(C*)c1c(ccc(c1)C(=O)OCCCCCCCCCCCC)c1ccc(cc1)OCCCCCCCC,42.0
*C(C*)c1c(c(c(c(c1F)F)P(=O)(O)O)F)F,330.0
*C(C*)c1c(c(c(c(c1F)F)C(F)(F)F)F)F,112.0
*C(C*)c1c(cccc1)C(F)(F)F,165.0
*C(C*)c1c(ccc(c1)C(F)(F)F)C(F)(F)F,160.0
*C(C*)c1cc(cc(c1)C(F)(F)F)C(F)(F)F,116.0
*C(C*)c1c(ccc(c1)C(=O)Oc1ccc(cc1)OCC)C(=O)Oc1ccc(cc1)OCC,112.0
*C(C*)c1c(ccc(c1)C(=O)Oc1ccc(cc1)OCCCCCC)C(=O)Oc1ccc(cc1)OCCCCCC,100.0
*C(C*)c1c(ccc(c1)C(=O)Oc1ccc(cc1)OCCCCCCCC)C(=O)Oc1ccc(cc1)OCCCCCCCC,105.0
*C(C*)c1c(ccc(c1)C(=O)Oc1ccc(cc1)OCCCCCCCCCC)C(=O)Oc1ccc(cc1)OCCCCCCCCCC,109.0
*C(C*)c1c(ccc(c1)C(=O)Oc1ccc(cc1)OCCCCCCCCCCCC)C(=O)Oc1ccc(cc1)OCCCCCCCCCCCC,108.0
*C(C*)c1c(ccc(c1)C(=O)Oc1ccc(cc1)OCCCCCCCCCCCCCC)C(=O)Oc1ccc(cc1)OCCCCCCCCCCCCCC,104.0
*C(C*)c1c(ccc(c1)C(=O)Oc1ccc(cc1)OCCCCCCCCCCCCCCCC)C(=O)Oc1ccc(cc1)OCCCCCCCCCCCCCCCC,101.0
*C(C*)c1c(ccc(c1)C(=O)Oc1ccc(cc1)OCCCCCCCCCCCCCCCCCC)C(=O)Oc1ccc(cc1)OCCCCCCCCCCCCCCCCCC,91.5
*C(C*)c1ccc(cc1)S(=O)(=O)N(S(=O)(=O)C(F)(F)F)[Li],152.0
*C(C*)OC(=O)C(Cl)(Cl)Cl,59.0
*C(C*)P(=O)(N(C)C)N(C)C,25.0
*C(C*)OC(=O)c1c2c(n(n1)C(=O)C)cccc2,150.0
*C(C*)[Si](C)(C)C,147.0
*C(C*)OC(=O)OC([2H])([2H])[2H],55.0
*C(C*)OC(=O)OCC(Cl)(Cl)Cl,74.0
*C(C*)OC(=O)OCC(F)(F)F,57.0
*C(C*)OC(=O)OCCC(C(C(C(C(C(F)(F)F)(F)F)(F)F)(F)F)(F)F)(F)F,37.0
*C(=C(*)c1ccccc1)CC,200.0
*C(=C(*)c1ccccc1)CCCCCC,200.0
*C(=C(*)Cl)c1ccccc1,215.0
*C(=C(*)Cl)CCCC,190.0
*C(=C(*)Cl)CCCCCC,150.0
*C(=C(*)Cl)CCCCCCCC,90.0
*C(=C(*)C)[Si](CCCCCC)(C)C,200.0
*C(=C(*)C)[Si](C[Si](C)(C)C)(C)C,200.0
*C(=C(*)C)[Si](CC[Si](C)(C)C)(C)C,200.0
*C(=C*)C(CCCCC)[Si](C)(C)C,170.0
*C(=C*)C(CCCCCCC)[Si](C)(C)C,150.0
*C(C*)n1c2c(c3c1cc1ccccc1c3)cccc2,253.0
*C(C*)n1c2c(c3ccccc3cc2)c2c1cccc2,285.5
*C(C*)(CC(=O)O)C(=O)O,141.0
*C(C*)N1C(=S)CCC1,80.0
*C=CCC(C*)c1ccccc1,14.0
*C(C*)[Si](Cc1ccccc1)(C)C,-24.0
*C(C*)OCCOCCOCCOC,-71.3
*C1C(CC(C1)C=C*)[Si](C)(C)C,109.0
*C1C(CC(C1)C=C*)[Si](C[Si](C)(C)C)(C)C,24.0
*C(=C*)c1ccc(cc1)n1c(=O)c2cc3c(cc2c1=O)c(=O)n(c3=O)c1ccc(cc1)C#C,420.0
*C1C(CC(C1)C=C*)C(=O)OCCCCCCCCOc1ccc(cc1)C=Cc1ccc(cc1)[N+](=O)[O-],49.6
*C=CC(C*)COCC(=O)OCCCCCCCCOc1ccc(cc1)C=Cc1ccc(cc1)[N+](=O)[O-],19.6
*C=CCC(C*)(C(=O)OC12CC3CC(CC(C1)C3)C2)C(=O)OC12CC3CC(CC(C1)C3)C2,34.0
*C(C*)OCCCCCCCCCCCOc1ccc(cc1)C(=O)Oc1ccc(cc1)C#N,37.0
*C(C*)OCCCCCCCCCCCOc1ccc(cc1)C(=O)Oc1ccc(cc1)OCC,37.0
*C=CC(C(*)C(=O)OC12CC3CC(CC(C1)C3)C2)C,115.0
*C(C*)NC=O,145.67
*C(C*)c1cc2c(OCO2)cc1,138.0
*C(C*)c1c2c(OCO2)ccc1,119.0
*C=CC(C(*)C(=O)OCc1ccccc1)C(=O)OCc1ccccc1,21.0
*C=CC(C(*)C(=O)OCC)C(=O)OCC,6.0
*C=CC(C(*)COCc1ccccc1)COCc1ccccc1,-4.0
*C1C(C(C(C1)C=C*)(F)F)(C(F)(F)F)C(F)(F)F,172.5
*C(C*)S(=O)(=O)c1ccccc1,128.0
*C(=C*)c1c(cccc1)C(F)(F)F,130.0
*C(=C*)c1c(cccc1)[Si](C)(C)C,190.0
*C(=C*)c1c(cc(cc1C)C(C)(C)C)C,200.0
*C(=C*)c1c(cccc1)[Ge](C)(C)C,180.0
*C(=C*)c1c(cccc1)C[Si](C)(C)C,170.0
*C(=C*)c1c(c(c(c(c1F)F)CCCC)F)F,110.0
*C(=C(*)c1ccccc1)c1ccc(cc1)CCCC,200.0
*C(=C(*)c1ccccc1)c1ccc(cc1)C(C)(C)C,200.0
*C(=C(*)c1ccccc1)c1ccc(cc1)[Si](C)(C)C,200.0
*C(=C(*)c1ccccc1)c1cc(ccc1)[Si](C)(C)C,200.0
*C(=C(*)c1ccccc1)c1cc(ccc1)[Ge](C)(C)C,200.0
*C(=C(*)c1ccccc1)c1ccc(cc1)Oc1ccccc1,200.0
*C(=C*)C([Si](CCCCCC)(C)C)CCC,40.0
*C(=C*)C(CCC)[Si](c1ccccc1)(C)C,110.0
*C(=C(*)C)SCC,160.0
*C(=C(*)C)SCCCCCC,110.0
*C(=C(*)C)SCCCCCCCCCC,60.0
*C(C*)OCCCCCCCOc1ccc(cc1)c1ccc(cc1)C#N,13.0
*C1C(CC(C1)C=C*)C(=O)OC,65.0
*C(C*)OC(=O)C=Cc1ccccc1,127.0
*C(=C*)CCCOc1ccc(cc1)OC(=O)c1ccc(cc1)OC,20.0
*C(=C*)CCCOc1ccc(cc1)OC(=O)c1ccc(cc1)OCCCC,36.0
*C(=C*)CCCOc1ccc(cc1)OC(=O)c1ccc(cc1)OCCCCCCCC,38.25
*C1C(C(C(C1)C=C*)(OC(C(C(F)(F)F)(F)F)(F)F)F)(F)F,77.0
*C(C*)CO,36.0
*C1C(C(C(C1)C=C*)C(=O)OCCCCCCCCCCCOc1ccc(cc1)c1ccc(cc1)C#N)C(=O)OCCCCCCCCCCCOc1ccc(cc1)c1ccc(cc1)C#N,23.82
*C1C(C(C(C1)C=C*)C(=O)OCCCCCCOc1ccc(cc1)c1ccc(cc1)C#N)C(=O)OCCCCCCOc1ccc(cc1)c1ccc(cc1)C#N,41.93
*C(C*)(CC(=O)OC)C(=O)O,159.0
*C(C*)(CC(=O)OCC)C(=O)O,135.0
*C=CC(C(*)C(=O)OCCN(c1ccc(cc1)N(C)C)C)C,16.0
*C=CC(C(*)C(=O)OCCCN(c1ccc(cc1)N(C)C)C)C,16.0
*C=CC(C(*)C(=O)OCCCCCCN(c1ccc(cc1)N(C)C)C)C,2.0
*C(C*)OCCOc1ccc(cc1)N=Nc1ccc(cc1)C#N,61.0
*C(C*)OCCOc1ccc(cc1)N=Nc1ccc(cc1)[N+](=O)[O-],54.0
*C(C*)OCCOc1ccc(cc1)C=C(C#N)C#N,38.0
*C(C*)OCCOc1ccc(cc1)C=C(C(=O)OC)C#N,47.0
*C(=C(*)c1ccccc1)c1ccc(cc1)[Si](C(C)C)(C(C)C)C(C)C,250.0
*C(C*)N,57.0
*C1=C(CC(C1)(C(=O)OCC)C(=O)OCC)C=C*,27.65
*C1C(CC(C1)C=C*)C#N,140.0
*C1C(CC(C1)C=C*)(CC)C#N,134.0
*C1C(CC(C1)C=C*)(CCC)C#N,108.0
*C1C(CC(C1)C=C*)(CCCC)C#N,87.0
*C1C(CC(C1)C=C*)([Si](C)(C)C)C#N,211.0
*C1C(CC(C1)C=C*)([Si](O[Si](C)(C)C)(C)C)C#N,88.0
*C1C(CC(C1)C=C*)([Si](O[Si](O[Si](C)(C)C)(C)C)(C)C)C#N,47.0
*C1C(CC(C1)C=C*)(C[Si](C)(C)C)C#N,128.0
*C1C(CC(C1)C=C*)(C[Si](O[Si](C)(C)C)(C)C)C#N,68.0
*C1C(CC(C1)C=C*)([Si]([Si](C)(C)C)(C)C)C#N,120.0
*C(C*)CN,190.0
*C(C*)n1cncn1,162.5
*C(C(C(C*)C#N)CCC(O)(C)C=C)(C)C,50.0
*c1cc2C(c3c(c2cc1)ccc(c3)c1cc2C(c3c(c2cc1)ccc(c3)*)(c1ccc(cc1)c1oc(nn1)c1ccc(cc1)C(C)(C)C)c1ccc(cc1)c1oc(nn1)c1ccc(cc1)C(C)(C)C)(CCCCCCCC)CCCCCCCC,213.0
*C(=C(CC*)c1ccccc1)c1ccccc1,120.5
*C(=C(*)C)[Ge](C)(C)C,250.0
*C(C(C(C*)OC(=O)C)CCC(O)(C)C=C)(C)C,85.0
*c1cc2C(c3c(c2cc1)ccc(c3)c1cc2C(c3c(c2cc1)ccc(c3)*)(CC1=NC(CO1)Cc1ccccc1)CC1=NC(CO1)Cc1ccccc1)(CCCCCC)CCCCCC,114.0
*C1C(CC(C1)C=C*)C(=O)Oc1ccccc1,72.6
*C1C(C(C(C1)C=C*)C(=O)Oc1ccccc1)C(=O)Oc1ccccc1,96.5
*c1cc2C(c3c(c2cc1)ccc(c3)C=Cc1cc2C(c3c(c2cc1)ccc(c3)C=C*)(CCCCCCOc1ccc2c(c1)oc(=O)cc2)CCCCCCOc1ccc2c(c1)oc(=O)cc2)(CCCCCC)CCCCCC,115.0
*C1C(C(C(C1)C=C*)C(=O)OC)C(=O)OC,77.3
*C1C(C(C(C1)C=C*)C(=O)OC(C)(C)C)C(=O)OC(C)(C)C,83.4
*C=CCCCC(CCC*)Cl,-63.0
*C=CCCCCCCC(CCCCCC*)Cl,-57.0
*C=CCCCCCCCCCC(CCCCCCCCC*)Cl,-37.0
*C=CCCCCCCCCCC(CCCCCCCCC*)COCCOCCOCCOCCOCc1c2ccc3cccc4ccc(cc1)c2c34,-36.0
*C(CCCCCCCCCCCCCCCCCCCC*)COCCOCCOCCOCCOCc1c2ccc3cccc4ccc(cc1)c2c34,-21.0
*C=CCCCCCCCCCC(CCCCCCCCC*)COCCOCCOCCOCCOCCCCCC,-76.0
*C=CC(*)(c1ccccc1)C,51.5
*C1C2CC(C(C1*)C2)[Si](C)(C)C,298.0
*C(C*)N1C(=O)CCCCC1,154.8
*C(=C*)CCCOC(=O)c1c(ccc(c1)c1ccc(cc1)OC)c1ccc(cc1)OC,72.4
*C1C2CC(C(C1*)C2)CCCCCCCCC(=O)OCC,134.0
*C1C(CC(C1)C=C*)C(=O)OCCNC(C)(C)C,29.0
*C1C(CC(C1)C=C*)C(=O)OCCN(C)C,12.5
*C1C2C(C(C(C1*)C2)COCc1ccccc1)COCc1ccccc1,176.0
*C1C2C(C(C(C1*)C2)COCCCc1ccccc1)COCCCc1ccccc1,134.0
*C1C2CC(C(C1*)C2)CCCCc1ccccc1,148.0
*C(C*)c1[nH]nnn1,72.0
*C(C*)COCC1OC(=O)OC1,-30.0
*C(C*)OC(=O)C[N-][N+]#N,24.6
*C(C*)C(=O)NC,171.0
*C(C*)(C(=O)Oc1ccc(cc1)C(=O)O)C,110.0
*C(C*)(C(=O)OCCCCCCOc1ccc(cc1)C=Nc1ccc(cc1)C#N)C,35.0
*C(C*)(C(=O)OCCCCCCCCCCCOc1ccc(cc1)C=Nc1ccc(cc1)C#N)C,23.0
*C(C*)(C(=O)OCCO[Si](C)(C)C)C,89.0
*C(C*)(C(=O)OC1CCCC1)C,75.0
*C(C*)C(=O)OCC(O)C,-7.0
*C(C*)(C(=O)OCCCCCOc1ccc(cc1)c1ccc(cc1)C#N)C,60.0
*C(C*)(CC(=O)OCCCCCCCC)C(=O)OCCCCCCCC,-32.33
*C(C*)(CC(=O)OCCCCCCCCC)C(=O)OCCCCCCCCC,-13.0
*C(C*)(CC(=O)OC1CCCCCCC1)C(=O)OC1CCCCCCC1,124.0
*C(C(C(C*)OC)C(=O)OC)C(=O)OC,59.5
*C(C(C(C*)OCC)C(=O)OC)C(=O)OC,50.0
*C(C(C(C*)OCC(C)C)C(=O)OC)C(=O)OC,44.5
*C(C(C(C*)OCCCC)C(=O)OC)C(=O)OC,32.5
*C(C(C(C*)OC)(C(=O)OC)C)(C(=O)OC)C,134.0
*C(C(C(C*)OCC)(C(=O)OC)C)(C(=O)OC)C,131.0
*C(C(C(C*)OCC(C)C)(C(=O)OC)C)(C(=O)OC)C,125.5
*C(C(C(C*)OCCCC)(C(=O)OC)C)(C(=O)OC)C,97.5
*C(C*)C(=O)OC(C(C(C(C(C(C(C(F)(F)F)(F)F)(F)F)(F)F)(F)F)(F)F)(F)F)(F)F,9.0
*C(C*)(C(=O)OCCn1c2ccccc2c2ccccc12)C,145.33
*C(C*)C(=O)n1c2ccccc2c2ccccc12,47.8
*C(C*)C(=O)NC(CC(=O)C)(C)C,86.0
*C(C*)(C(=O)OCC#N)C,91.0
*C(C*)(C(=O)OCCCCCCOc1ccc(cc1)C(=O)Oc1ccc(cc1)OC)C,40.8
*C(C(*)C(=O)OC(C)(C)C)C(=O)OC,84.0
*C(C*)C(=O)OCCOc1ccc(cc1)C(=O)Oc1ccc(cc1)OC,70.0
*C(C*)C(=O)OCCCCCCOc1ccc(cc1)C(=O)Oc1ccc(cc1)OC,24.75
*C(C*)(C(=O)OCCCCCCOc1ccc(cc1)C(=O)Oc1ccc(cc1)OCCCC)C,55.17
*C(C*)(C(=O)OCCOc1ccc(cc1)C(=O)Oc1ccc(cc1)OCCCC)C,137.0
*C(C*)(CC(=O)Oc1ccc(cc1)OC)C(=O)Oc1ccc(cc1)OC,119.5
*C(C*)C(=O)OC(OCC)C(F)(F)F,5.0
*C(C*)(C(=O)OC(OCC)C(F)(F)F)C,60.0
*C(C*)(C(=O)OCCCCCCOc1ccc(cc1)C(=O)Oc1ccc(cc1)OCCCC)Cl,75.75
*C(C*)(C(=O)OCc1sccc1)C,66.0
*C(C*)(C(=O)OCc1[se]ccc1)C,54.43
*C(C*)(C(=O)OCC1COCCOCCOCCOCCOC1)C,25.0
*C(C*)(CC(=O)Oc1ccc(cc1)OCC)C(=O)Oc1ccc(cc1)OCC,110.5
*C(C*)(CC(=O)Oc1ccc(cc1)OCCC)C(=O)Oc1ccc(cc1)OCCC,94.5
*C(C*)(CC(=O)Oc1ccc(cc1)OCCCCC)C(=O)Oc1ccc(cc1)OCCCCC,73.5
*C(C*)(CC(=O)Oc1ccc(cc1)OCCCCCCC)C(=O)Oc1ccc(cc1)OCCCCCCC,111.0
*C(C*)C(=O)OCCCCOC(=O)c1ccc(cc1)OC(=O)c1ccc(cc1)C#N,40.0
*C(C*)C(=O)OCCCCCOC(=O)c1ccc(cc1)OC(=O)c1ccc(cc1)C#N,30.0
*C(C*)C(=O)OCCCCCCOC(=O)c1ccc(cc1)OC(=O)c1ccc(cc1)C#N,30.0
*C(C*)C(=O)OCCCCCCCOC(=O)c1ccc(cc1)OC(=O)c1ccc(cc1)C#N,20.0
*C(C*)C(=O)OCCCCCCCCOC(=O)c1ccc(cc1)OC(=O)c1ccc(cc1)C#N,15.0
*C(C*)C(=O)OCCCCCCCCCOC(=O)c1ccc(cc1)OC(=O)c1ccc(cc1)C#N,15.0
*C(C*)C(=O)OCCCCCCCCCCOC(=O)c1ccc(cc1)OC(=O)c1ccc(cc1)C#N,15.0
*C(C*)C(=O)OCCCCCCCCCCCCOC(=O)c1ccc(cc1)OC(=O)c1ccc(cc1)C#N,15.0
*C(C*)(C(=O)OCCOCCOCCOCCOCCOCCOCCOCCOC)C,-58.0
*C(C*)(CC(=O)OCCOC)C(=O)OCCOC,29.0
*C(C*)(CC(=O)OCCOCCOC)C(=O)OCCOCCOC,-59.4
*C(C*)(CC(=O)OCCOCCOCCOC)C(=O)OCCOCCOCCOC,-58.67
*C(C*)(CC(=O)OCCOCCOCCOCCOCCOCCOCCOC)C(=O)OCCOCCOCCOCCOCCOCCOCCOC,-71.0
*C(C*)(C(=O)OCC(C(F)(F)F)(F)F)C,77.0
*C(C*)(C(=O)OCCC(C(C(C(C(C(C(C(F)(F)F)(F)F)(F)F)(F)F)(F)F)(F)F)(F)F)(F)F)C,31.25
*C(C*)C(=O)Nc1cc2C(=O)c3c(C(=O)c2cc1)cccc3,128.0
*C(C*)(C(=O)Oc1c(cccc1C)C)C,169.0
*C(C*)(C(=O)Oc1c(c(ccc1)C)C)C,120.0
*C(C*)C(=O)OCCCCC,-57.0
*C(C*)(C(=O)OCCN(c1ccc(cc1)N=Nc1c2c(c(cc1)[N+](=O)[O-])cccc2)CC)C,116.0
*C(C*)C(=O)OC12CC3CC(CC(C1)C3)C2,153.0
*C(C*)(CC(=O)OC)C(=O)OC12CC3CC(CC(C1)C3)C2,197.0
*C(C*)(C(=O)OC12CC3(CC(CC(C1)C3)(C2)C)C)CC(=O)OC,144.0
*C(C*)(CC(=O)OC(C)C)C(=O)OC12CC3CC(CC(C1)C3)C2,180.0
*C(C*)(CC(=O)OC(C)C)C(=O)OC12CC3(CC(CC(C1)C3)(C2)C)C,158.0
*C(C*)(CC(=O)OC(C)C)C(=O)OC(C)C,89.0
*C(C*)(C(=O)OC1CC2C(CC1)CCCC2)C,145.0
*C(C*)(C(=O)OC1C2C3C(C(C1)C2)C1CCC3C1)C,199.0
*C(C*)(C(=O)OC1CCC1)C,119.0
*C(C(*)C(=O)OC12CC3CC(CC(C1)C3)C2)C,236.5
*C(C(*)C(=O)OC12CC3(CC(CC(C1)C3)(C2)C)C)C,194.5
*C(C*)(C(=O)OCCCCCCOc1ccc(cc1)c1ccc(cc1)C#N)C,58.6
*C(C*)(CC(=O)OCC(C)C)C(=O)OCC(C)C,105.0
*C(C*)(C(=O)OCCc1ccc(cc1)N=Nc1ccccc1)C,80.0
*C(C*)(C(=O)OCCOc1ccc(cc1)c1ccc(cc1)c1ccc(cc1)C#N)C,115.0
*C(C*)(C(=O)OCC(Oc1ccc(cc1)c1ccc(cc1)c1ccc(cc1)C#N)C)C,140.0
*C(C*)(C(=O)OCCCCl)C,50.0
*C(C*)(C(=O)OCCCCCCN(c1ccc(cc1)N=Nc1ccc(cc1)S(=O)(=O)C)C)C,100.0
*C(C*)C(=O)OCCOC(=O)c1cc(cc(c1)[N+](=O)[O-])[N+](=O)[O-],60.8
*C(C*)C(=O)OCCn1c2ccccc2c2ccccc12,105.27
*C(C*)(C(=O)OCCCCCCc1ccc(cc1)C(=Cc1ccc(cc1)OC)C)C,31.0
*C(C*)(C(=O)OCCCCOc1ccc(cc1)C(=O)Oc1ccc(cc1)OC)C,45.0
*C(C*)(C(=O)OCC=C)C,94.0
*C(C*)C(=O)Oc1ccc(cc1)C(=O)c1ccc(cc1)Cl,78.0
*C(C*)C(=O)OCCCOc1ccc(cc1)c1ccc(cc1)C#N,51.55
*C(C*)(C(=O)OCCCOc1ccc(cc1)c1ccc(cc1)C#N)C,97.0
*C(C*)(C(=O)OCCCCc1ccccc1)C,9.0
*C(C*)(C(=O)Oc1c(ccc(c1)C)C)C,111.0
*C(C*)(C(=O)OCCCCCCC(C(C(C(C(C(C(C(C(C(C(C(F)(F)F)(F)F)(F)F)(F)F)(F)F)(F)F)(F)F)(F)F)(F)F)(F)F)(F)F)(F)F)C,84.0
*C(C*)C(=O)OCCCCCCCCCCOc1cnc(nc1)c1ccc(cc1)OC(=O)C1OC(OC1)(C)C,29.0
*C(C*)(C(=O)OCCOCCOc1ccc(cc1)N=Nc1ccc(cc1)C#N)C,57.0
*C(C(*)(C(=O)OC([2H])([2H])[2H])C([2H])([2H])[2H])([2H])[2H],115.0
*C(C*)(C(=O)OCCCn1c2ccccc2c2ccccc12)C,113.0
*C(C*)(C(=O)OCCCCCn1c2ccccc2c2ccccc12)C,91.0
*C(C*)(C(=O)OCCCCCCn1c2ccccc2c2ccccc12)C,73.0
*C(C*)(C(=O)OCCCCCCCCCCCn1c2ccccc2c2ccccc12)C,6.0
*C(C*)C(=O)OCCCn1c2ccccc2c2ccccc12,83.0
*C(C*)C(=O)OCCCCCn1c2ccccc2c2ccccc12,53.0
*C(C*)C(=O)OCCCCCCn1c2ccccc2c2ccccc12,48.0
*C(C*)C(=O)OCCCCCCCCCCCn1c2ccccc2c2ccccc12,15.0
*C(C*)C(=O)OCCCCCCCCCCCOc1ccc(cc1)C(=O)Oc1ccc(cc1)c1ccc(cc1)OC(CCCCCC)C,50.0
*C(C*)C(=O)OCCCCn1c2ccccc2c2ccccc12,68.0
*C(C*)C(=O)OCCCCCCCCn1c2ccccc2c2ccccc12,12.0
*C(C*)(C(=O)OCCCCCCOc1c(cc(cc1)C(=O)Oc1ccc(cc1)OC)OC)C,49.0
*C(C*)(C(=O)OCCc1ccc(cc1)N=Nc1ccc(cc1)OC(F)(F)F)C,209.5
*C(C*)(C(=O)OCCCc1ccc(cc1)N=Nc1ccc(cc1)OC(F)(F)F)C,211.5
*C(C*)(C(=O)OCCCCc1ccc(cc1)N=Nc1ccc(cc1)OC(F)(F)F)C,203.5
*C(C*)(C(=O)OCCCCCc1ccc(cc1)N=Nc1ccc(cc1)OC(F)(F)F)C,202.5
*C(C*)(C(=O)OCCCCCCc1ccc(cc1)N=Nc1ccc(cc1)OC(F)(F)F)C,194.5
*C(C*)C(=O)OCCOc1ccc(cc1)C(c1ccc(cc1)OCCO)(C)C,22.0
*C(C*)(C(=O)Oc1cc2c(CCC2)cc1)C,104.25
*C(C*)(C(=O)Oc1cc(c(cc1)C(=O)c1ccccc1)O)C,150.0
*C(C*)(C(=O)OCCOCCOC)C,-35.25
*C(C*)C(=O)OCC(COC(=O)c1ccccc1)(COC(=O)c1ccccc1)COC(=O)c1ccccc1,48.0
*C(C*)C(=O)Nc1ccccc1,160.0
*C(C*)(C(=O)Oc1ccc(cc1)C(=O)Oc1ccccc1)C,99.0
*C(C*)(C(=O)Oc1ccc(cc1)C(=O)Oc1ccc(cc1)C)C,98.0
*C(C*)(C(=O)Oc1ccc(cc1)C(=O)Oc1ccc(cc1)OC)C,77.0
*C(C*)(C(=O)Oc1ccc(cc1)C(=O)Oc1ccc(cc1)c1ccccc1)C,100.0
*C(C*)(C(=O)Oc1ccc(cc1)C(=O)Oc1ccc(cc1)Oc1ccccc1)C,74.0
*C(C*)(C(=O)Oc1ccc(cc1)C(=O)Oc1ccc(cc1)C(=O)c1ccccc1)C,72.0
*C(C*)(C(=O)OCCCCCCCC/C=C\CCCCCCCC)C,-40.0
*C(C*)(C(=O)OCCCCCCOc1ccc(cc1)C(=O)Oc1ccc(cc1)C)C,44.0
*C(C*)(C(=O)OC1C(CCC(C1)C)C(C)C)C,147.0
*C(C*)(C(=O)OCCCCOc1ccc(cc1)OC(=O)c1ccc(cc1)OC)C,57.0
*C(C*)(C(=O)OCCCCCOc1ccc(cc1)OC(=O)c1ccc(cc1)OC)C,38.0
*C(C*)(C(=O)OCCCCCCOc1ccc(cc1)OC(=O)c1ccc(cc1)OC)C,38.0
*C(C*)(C(=O)OCCCCCCCCCCOc1ccc(cc1)OC(=O)c1ccc(cc1)OC)C,21.0
*C(C*)(C(=O)OCCCCCCOc1ccc(cc1)OC(=O)c1ccc(cc1)OCCCC)C,36.0
*C(C*)(C(=O)OCCCCCCOc1ccc(cc1)OC(=O)c1ccc(cc1)OCCCCCC)C,16.0
*C(C*)(C(=O)OCCCCCCOc1ccc(cc1)OC(=O)c1ccc(cc1)OCCCCCCCC)C,-1.0
*C(C*)(C(=O)OCCCCCCOc1ccc(cc1)OC(=O)c1ccc(cc1)c1ccc(cc1)OC)C,57.0
*C(C*)(C(=O)OCCCCCCOc1ccc(cc1)OC(=O)c1cc(c(cc1)OC)Br)C,51.0
*C(C*)(C(=O)OCCCCOc1ccc(cc1)OC(=O)c1ccc(cc1)OCCCC)C,51.0
*C(C*)(C(=O)OCCCCOc1ccc(cc1)OC(=O)c1ccc(cc1)OCCCCCC)C,34.0
*C(C*)(C(=O)OCCCCOc1ccc(cc1)OC(=O)c1ccc(cc1)OCCCCCCCC)C,10.0
*C(C*)(C(=O)OCCCCOc1ccc(cc1)OC(=O)c1ccc(cc1)c1ccc(cc1)OC)C,77.0
*C(C*)(C(=O)OCCCCOc1ccc(cc1)OC(=O)c1cc(c(cc1)OC)Br)C,69.0
*C(C*)(C(=O)OCCCCCCCCCCOc1ccc(cc1)OC(=O)c1ccc(cc1)OCCCC)C,31.0
*C(C*)(C(=O)OCCCCCCCCCCOc1ccc(cc1)OC(=O)c1ccc(cc1)OCCCCCC)C,41.0
*C(C*)(C(=O)OCCCCCCCCCCOc1ccc(cc1)OC(=O)c1ccc(cc1)OCCCCCCCC)C,12.0
*C(C*)(C(=O)OCCCCCCCCCCOc1ccc(cc1)OC(=O)c1ccc(cc1)c1ccc(cc1)OC)C,57.0
*C(C*)(C(=O)OCCCCCCCCCCOc1ccc(cc1)OC(=O)c1cc(c(cc1)OC)Br)C,29.0
*C(C*)(C(=O)OCCCCCCOc1ccc(cc1)N=Nc1ccc(cc1)OC)C,82.0
*C(C*)(C(=O)Oc1ccc(cc1)N=Nc1ccc(cc1)C#N)C,185.0
*C(C*)(C(=O)OCCOc1ccc(cc1)N=Nc1ccc(cc1)C#N)C,109.0
*C(C*)(C(=O)OCCCCCCOc1ccc(cc1)N=Nc1ccc(cc1)C#N)C,60.67
*C(C*)(C(=O)OCCCOc1cc2c(cc1)cc(cc2)C(=O)Oc1ccccc1)C,84.0
*C(C*)(C(=O)OCCCCOc1cc2c(cc1)cc(cc2)C(=O)Oc1ccccc1)C,88.0
*C(C*)(C(=O)OCCCCCOc1cc2c(cc1)cc(cc2)C(=O)Oc1ccccc1)C,48.0
*C(C*)(C(=O)OCCCCCCOc1cc2c(cc1)cc(cc2)C(=O)Oc1ccccc1)C,39.0
*C(C*)(C(=O)OCCCCCCCOc1cc2c(cc1)cc(cc2)C(=O)Oc1ccccc1)C,40.0
*C(C*)(C(=O)OCCCCCCCCOc1cc2c(cc1)cc(cc2)C(=O)Oc1ccccc1)C,34.0
*C(C*)(C(=O)OCCCCCCCCCOc1cc2c(cc1)cc(cc2)C(=O)Oc1ccccc1)C,18.0
*C(C*)(C(=O)OCCCCCCCCCCOc1cc2c(cc1)cc(cc2)C(=O)Oc1ccccc1)C,24.0
*C(C*)(C(=O)OCCCCCCCCCCCOc1cc2c(cc1)cc(cc2)C(=O)Oc1ccccc1)C,10.0
*C(C*)(C(=O)OCCCCCCCCCCCCOc1cc2c(cc1)cc(cc2)C(=O)Oc1ccccc1)C,12.0
*C(C*)(C(=O)NC(c1c2c(ccc1)cccc2)C)C,161.0
*C(C*)(C(=O)NC(c1ccccc1)C)C,156.5
*C(C*)(C(=O)OCCN(c1ccc(cc1)N=Nc1ccc(cc1)[N+](=O)[O-])C)C,110.0
*C(C*)C(=O)OC(C(Cl)(Cl)Cl)Cl,70.5
*C(C*)C(=O)Oc1c(c(c(c(c1F)F)F)F)F,64.0
*C(C*)(C(=O)OCCCCCCOc1ccc(cc1)N=Nc1ccc(cc1)OCCCCCCCCCC)C,110.0
*C(C*)C(=O)OCCCCCCOc1cc(c(cc1)C=Nc1ccc(cc1)OCCCCC)O,36.0
*C(C*)C(=O)OCC1(COC(OC1)c1ccccc1)CC,50.0
*C(C*)C(=O)OCCC(C(C(C(C(C(C(C(F)(F)F)(F)F)(F)F)(F)F)(F)F)(F)F)(F)F)(F)F,52.0
*C(C*)(C(=O)OCCC(C(C(C(C(C(C(C(F)(F)F)(F)F)(F)F)(F)F)(F)F)(F)F)(F)F)(F)F)Cl,61.0
*C(C*)(C(=O)OCCCCOc1ccc(cc1)N=Nc1ccc(cc1)C#N)C,80.0
*C(C*)(C(=O)OCCCCCCCCOc1ccc(cc1)N=Nc1ccc(cc1)C#N)C,35.0
*C(C*)(CCCCC)C(=O)OC,44.6
*C(C*)C(=O)NCP(=O)(O)O,26.0
*C(C*)(C(=O)OC1(CC(=O)OCC1)C)C,110.0
*C(C*)(C(=O)OCC1OC(OC1)c1ccccc1)C,130.0
*C(C*)C(=O)NC(CS(=O)(=O)O)(C)C,86.33
*C(*)C(=O)OC1CCCCC1,140.0
*C(*)C(=O)OC(C)C,70.0
*C(C*)C(=O)OCCN(C)C,-39.0
*C(C*)(C(=O)OCc1ccc2n(c3c(c2c1)cccc3)CC)C,131.14
*C(C*)(C(=O)OCc1ccc2n(c3c(c2c1)cccc3)CCCC)C,87.0
*C(C*)(C(=O)OCc1ccc2n(c3c(c2c1)cccc3)CCCCCC)C,73.0
*C(C*)(C(=O)OCc1ccc2n(c3c(c2c1)cccc3)CCCCCCCC)C,45.0
*C(C*)(C(=O)OCc1ccc2n(c3c(c2c1)cccc3)CCCCCCCCCC)C,29.0
*C(C*)(C(=O)OCc1ccc2n(c3c(c2c1)cccc3)CCCCCCCCCCCC)C,25.0
*C(C*)(C(=O)OCc1ccc2n(c3c(c2c1)cccc3)CCCCCCCCCCCCCC)C,26.0
*C(C*)(C(=O)OCc1ccc2n(c3c(c2c1)cccc3)CCCCCCCCCCCCCCCC)C,23.0
*C(C*)(C(=O)OCCOc1ccc(cc1)C(=O)Oc1ccc(cc1)OCCCC)Cl,153.0
*C(C*)(C(=O)OCCN(c1ccc(cc1)C=Cc1ccc(cc1)[N+](=O)[O-])C)C,107.0
*C(C*)(C(=O)OC1(C2CC3CC(CC1C3)C2)C)C,165.0
*C(C*)(C(=O)OCCN(c1ccc(cc1)N(C)C)C)C,41.0
*C(C*)(C(=O)OCCCN(c1ccc(cc1)N(C)C)C)C,12.5
*C(C*)(C(=O)OCCCCCCN(c1ccc(cc1)N(C)C)C)C,8.5
*C(C*)(C(=O)Oc1c(cccc1C(C)C)C(C)C)C,198.0
*C(C*)(C(=O)OCCCCCCOc1ccc(cc1)C(=O)Oc1ccc(cc1)C#N)C,43.0
*C(C*)(C(=O)OCCCCCCCCCCCOc1ccc(cc1)C(=O)Oc1ccc(cc1)C#N)C,10.0
*C(C*)C(=O)OCCCCCCOc1ccc(cc1)c1ccc(cc1)C#N,42.0
*C(C*)(C(=O)OCC1OC(OC1)CP(=O)(OCC)OCC)C,-38.0
*C(C*)(C(=O)OC1COC(OC1)CP(=O)(OCC)OCC)C,-36.0
*C(C*)C(=O)OCCN(c1ccc(cc1)N=Nc1c(cc(cc1)[N+](=O)[O-])Cl)CC,87.0
*C(C*)(C(=O)Oc1ccc(cc1)N=Nc1ccc(cc1)OCCCCCCCCCCCOC(=O)c1cc2c(OCCOCCOCCOCCO2)cc1)C,19.0
*C(C*)(C(=O)OCCCCCCOc1cc(ccc1)C(=O)Oc1ccc(cc1)C#N)C,38.0
*C(C*)(C(=O)OCCN(c1ccc(cc1)[N+](=O)[O-])CC)C,98.0
*C(C*)(C(=O)OCCCN(c1ccc(cc1)N=Nc1ccc(cc1)[N+](=O)[O-])CCO)C,131.0
*C(C*)(C(=O)OCc1c(cc(cc1)F)F)C,46.0
*C(C*)(C(=O)OCc1c(ccc(c1)F)F)C,50.0
*C(C*)(C(=O)OCc1c(cccc1F)F)C,82.0
*C(C*)(C(=O)OCCCCCCCCCCCOc1ccc(cc1)N=Nc1ccc(cc1)OC(=O)c1cc2c(OCCOCCOCCOCCO2)cc1)C,59.0
*C(C*)(C(=O)Oc1ccc(cc1)C(=O)C=Cc1ccc(cc1)Cl)C,127.0
*C(C*)(C(=O)OC1C(CCCC1)C(C)(C)C)C,156.13
*C(C*)(C(=O)OCC(C1CC(C1)(c1ccccc1)C)O)C,105.0
*C(C*)(C(=O)OCC(=O)c1ccccc1)C,92.5
*C(C*)(C(=O)OCCOCCOCCOc1ccc(cc1)N=Nc1ccc(cc1)C#N)C,37.0
*C(C*)(C(=O)OCCOCCOCCOCCOc1ccc(cc1)N=Nc1ccc(cc1)C#N)C,20.0
*C(C(CC*)C)(C(=O)OC)C,41.29
*C(C*)(C(=O)OCCC1CCCCC1)C,76.33
*C(C*)(C(=O)OCCCC1CCCCC1)C,41.33
*C(C*)(C(=O)OCCCCC1CCCCC1)C,29.33
*C(CC(C*)C)(C(=O)OC)C,16.0
*C(C*)(C(=O)OCCCCCCOc1ccc(cc1)N=Nc1ccc(cc1)C1OCC2(CO1)CC1C=CC2C1)C,118.5
*C(C*)(C(=O)OCCCCCCCCOc1ccc(cc1)N=Nc1ccc(cc1)C1OCC2(CO1)CC1C=CC2C1)C,106.2
*C(C*)(C(=O)OCCCCCCCCCCOc1ccc(cc1)N=Nc1ccc(cc1)C1OCC2(CO1)CC1C=CC2C1)C,103.2
*C(C*)(C(=O)OCC1(COC1)CC)C,72.5
*C(C*)(C(=O)OCc1ccc(cc1)C=CC(=O)Oc1ccc(cc1)OC)C,89.0
*C(C*)(C(=O)OCc1ccc(cc1)C=CC(=O)C1c2c(C(=O)c3c1cccc3)cccc2)C,163.0
*C(C*)(C(=O)OCc1ccc(cc1)C=CC(=O)Oc1cc2c(cc1)oc(=O)cc2)C,140.0
*C(C*)(C(=O)OCc1cc(c(cc1)Cl)Cl)C,34.45
*C(C*)(C(=O)OCSC)C,60.0
*C(C(*)(C(=O)OC(C([2H])([2H])[2H])([2H])[2H])C([2H])([2H])[2H])([2H])[2H],94.0
*C(C*)(C(=O)OCCN(c1ccc(cc1)N=Nc1ccc(cc1)S(=O)(=O)Nc1nccs1)CCCC)C,53.0
*C(C*)C(=O)Oc1cc(cc(c1)C)C,54.0
*C(C*)(C(=O)OCCN(c1ccc(cc1)N=Nc1ccc(cc1)S(=O)(=O)Nc1noc(c1)C)C)C,114.0
*C(C*)(C(=O)OCCN(c1ccc(cc1)N=Nc1ccc(cc1)S(=O)(=O)Nc1noc(c1)C)CCCC)C,114.0
*C(C*)(C(=O)Oc1ccc(cc1)C(=O)C=Cc1cc(c(cc1)OC)OC)C,137.0
*C(C*)(C(=O)OCCCCCC(=O)Oc1ccc(cc1)OC(=O)c1ccc(cc1)OC)C,40.0
*C(C*)(C(=O)OCCCCCC(=O)Oc1ccc(cc1)OC(=O)c1ccc(cc1)OCC)C,43.0
*C(C*)(C(=O)OCCCCCC(=O)Oc1ccc(cc1)OC(=O)c1ccc(cc1)OCCC)C,45.0
*C(C*)(C(=O)OCCCCCC(=O)Oc1ccc(cc1)OC(=O)c1ccc(cc1)OCCCC)C,40.0
*C(C*)(C(=O)OCCCCCC(=O)Oc1ccc(cc1)OC(=O)c1ccc(cc1)OCCCCC)C,50.0
*C(C*)(C(=O)OCCCCCC(=O)Oc1ccc(cc1)OC(=O)c1ccc(cc1)OCCCCCC)C,44.0
*C(C*)(CC(=O)OC1CCC1)C(=O)OC1CCC1,60.0
*C(C*)(CC(=O)OC1CCCCCC1)C(=O)OC1CCCCCC1,105.0
*C(C*)C(=O)Oc1ccc(cc1)C(=O)OCc1ccccc1,16.25
*C(C*)(C(=O)OCc1cscc1)C,83.5
*C(C*)(C(=O)OCC1CCC1)C,114.0
*C(C*)C(=O)Nc1c(cccc1)Cl,63.0
*C(C*)C(=O)Nc1cc(ccc1)Cl,70.0
*C(C*)C(=O)Nc1ccc(cc1)Cl,76.0
*C(C*)C(=O)NCCC[N+](CCCS(=O)(=O)O)(C)C,141.5
*C(C*)C(=O)NCCC[N+](C)(C)C,78.0
*C(C*)C(=O)OCCOCC1(COC1)CC,-16.0
*C(C*)(C(=O)OCCCCCCCCCCn1c2ccc(cc2c2ccccc12)N=Nc1ccc(cc1)[N+](=O)[O-])C,36.0
*C(C*)(C(=O)Nc1cc(ccc1)c1oc(nn1)c1ccccc1)C,65.0
*C(C*)(C(=O)OCC(=O)Nc1noc(c1)C)C,128.0
*C(C*)(C(=O)OCCn1c2ccc(cc2c2ccccc12)N=Nc1ccc(cc1)[N+](=O)[O-])C,164.0
*C(C*)(C(=O)OCCCCCCOc1ccc(cc1)N=Nc1ccncc1)C,40.0
*C(C*)(CC(=O)OCCCl)C(=O)OCCCl,43.0
*C(C*)(CC(=O)OCCCCl)C(=O)OCCCCl,47.0
*C(C*)(C(=O)OCC1OCCOCCOCCOC1)C,35.0
*C(C*)(C(=O)OCC(=O)N1CCOCC1)C,128.0
*C(C*)(C(=O)OCC(=O)N1CCCC1)C,144.0
*C(C*)C(=O)Oc1ccc(cc1)C(=O)Oc1ccc(cc1)OC(=O)c1ccc(cc1)OCCCC,47.0
*C(C*)C(=O)Oc1ccc(cc1)C(=O)Oc1ccc(cc1)OC(=O)c1ccc(cc1)OCCCCC,48.0
*C(C*)C(=O)OCCOc1ccc(cc1)C(=O)Oc1ccc(cc1)OC(=O)c1ccc(cc1)OCCCC,45.0
*C(C*)C(=O)OCCOc1ccc(cc1)C(=O)Oc1ccc(cc1)OC(=O)c1ccc(cc1)OCCCCC,46.0
*C(C*)C(=O)Oc1ccc(cc1)[N+](=O)[O-],73.3
*C(C*)C(=O)Nc1ccc(cc1)C(=O)C=Cc1cc(ccc1)Br,55.0
*C(C*)C(=O)Nc1ccc(cc1)C(=O)C=Cc1ccc(cc1)Br,64.0
*C(C*)(C(=O)OCCN(c1ccc(cc1)N=Nc1c(cc(cc1)N=Nc1ccc(cc1)C#N)C)C)C,111.57
*C(C*)(C(=O)OC(COc1c2c(ccc1)cccc2)COc1c2c(ccc1)cccc2)C,80.0
*C(C*)(C(=O)OC(COc1ccc(cc1)c1ccccc1)COc1ccc(cc1)c1ccccc1)C,85.0
*C(C*)(C(=O)OC(COc1c2ccccc2c2ccccc2c1)COc1c2ccccc2c2ccccc2c1)C,112.0
*C(C*)(C(=O)OCCN(c1ccc(cc1)N=Nc1sc2c(n1)ccc(c2)[N+](=O)[O-])CC)C,140.0
*C(C*)(C(=O)OCCN(c1ccc(cc1)N=Nc1ccc(cc1)S(=O)(=O)C)CC)C,144.0
*C(C*)(C(=O)OCCS(=O)(=O)c1ccc(cc1)N=Nc1ccc(cc1)N(CC)CC)C,142.0
*C1C2C(C(C1)CC*)C1C(CC2C1)(C(=O)OC)C,152.46
*C(C*)(C(=O)OCCC1CCN(CC1)CCCCCCOc1ccc(cc1)N=Nc1ccc(cc1)[N+](=O)[O-])C,27.0
*C(C*)C(=O)OC([2H])([2H])[2H],25.75
*C(C*)C(=O)OCCCCOc1ccc(cc1)c1ccc(cc1)C#N,30.0
*C(C*)(C(=O)Nc1ccc(cc1)C(=O)C=Cc1ccc(cc1)OC)C,35.0
*C(C*)(C(=O)OC)CCC,73.75
*C(C*)(CCCCCCCC)C(=O)OC,20.0
*C(C*)(C(=O)OCC[N+](CCCCS(=O)(=O)O)(C)C)C,261.0
*C(C*)(C(=O)OCCOCC[N+](CCCCS(=O)(=O)O)(CC)CC)C,95.0
*C(C*)(C(=O)OCCOCCOCC[N+](CCCCS(=O)(=O)O)(CC)CC)C,27.0
*C(C*)(C(=O)Oc1ccc(cc1)c1oc(nn1)c1ccc(cc1)C(C)(C)C)C,156.0
*C(C*)C(=O)OCCCCCCCCCCCCOc1ccc(cc1)C(=O)Oc1ccc(cc1)c1cc(ccc1)OC(=O)c1ccc(cc1)OC(=O)c1ccc(cc1)OCCCCCCCCCCCC,67.0
*C(C*)(C(=O)OCCCCCCOc1ccc(cc1)C(=O)Oc1ccc(cc1)c1cc(ccc1)OC(=O)c1ccc(cc1)OC(=O)c1ccc(cc1)OCCCCCCCCCCCC)C,73.0
*C(C*)(C(=O)OCCCCCCCCCCCCOc1ccc(cc1)C(=O)Oc1ccc(cc1)c1cc(ccc1)OC(=O)c1ccc(cc1)OC(=O)c1ccc(cc1)OCCCCCCCCCCCC)C,74.5
*C(C*)(C(=O)Oc1cc(c(cc1)[N+](=O)[O-])C)C,101.0
*C(C*)(C(=O)OCCC(C(C(C(F)(F)F)(F)F)(F)F)(F)F)C,23.0
*C(C*)(C(=O)OCCCCC(C(C(C(F)(F)F)(F)F)(F)F)(F)F)C,23.0
*C(C*)(C(=O)OCCCCCCC(C(C(C(F)(F)F)(F)F)(F)F)(F)F)C,23.0
*C(C*)C(=O)Oc1ccc(cc1)N=Nc1ccc(cc1)[N+](=O)[O-],128.2
*C(C*)C(=O)Oc1ccc(cc1)N=Nc1ccc(cc1)OC,133.6
*C(C*)(C(=O)OCCn1c2ccc(cc2c2ccccc12)N=Nc1c(cc(cc1)[N+](=O)[O-])[N+](=O)[O-])C,182.0
*C(C*)(C(=O)OCCCCn1c2ccc(cc2c2ccccc12)N=Nc1c(cc(cc1)[N+](=O)[O-])[N+](=O)[O-])C,132.0
*C(C*)(C(=O)OCCCCCCn1c2ccc(cc2c2ccccc12)N=Nc1c(cc(cc1)[N+](=O)[O-])[N+](=O)[O-])C,125.0
*C(C*)(C(=O)OCCCCCCCCCCn1c2ccc(cc2c2ccccc12)N=Nc1c(cc(cc1)[N+](=O)[O-])[N+](=O)[O-])C,60.0
*C(C*)(C(=O)OCCCCCCCCCCn1c2ccc(cc2c2ccccc12)C=C(c1ccc(cc1)[N+](=O)[O-])C#N)C,40.0
*C(C*)(C(=O)OCCCCCCCCCCn1c2ccc(cc2c2ccccc12)C=C(C(=O)OC)C#N)C,58.0
*C(C*)(C(=O)OCCCCCCCCCCn1c2ccc(cc2c2ccccc12)C=CC1=C(C(=C(C#N)C#N)OC1(C)C)C#N)C,55.0
*C(C*)(C(=O)OCc1cc(ccc1)Cl)C,18.25
*C(C*)(C(=O)OCc1ccc(cc1)Cl)C,43.6
*C(C*)(C(=O)OCc1c(c(ccc1)Cl)Cl)C,42.6
*C(C*)(C(=O)OCc1c(cc(cc1)Cl)Cl)C,19.4
*C(C*)(C(=O)OCc1c(ccc(c1)Cl)Cl)C,27.8
*C(C*)(C(=O)OCc1c(cccc1Cl)Cl)C,58.9
*C(C*)(C(=O)OCc1cc(cc(c1)Cl)Cl)C,29.95
*C(C*)(C(=O)OC1CCOCC1)C,153.5
*C(C*)(C(=O)Oc1ccc(cc1)C(=O)c1ccccc1)C,118.0
*C(C*)(C(=O)OCCCCCCOc1ccc(cc1)N=Nc1ccc(cc1)OCCCC)C,79.0
*C(C*)(C(=O)Oc1ccc(cc1)C(=O)C=Cc1ccc(cc1)OCc1ccccc1)C,152.0
*C(C*)(C(=O)Oc1ccc(cc1)N=Nc1ccc(cc1)[N+](=O)[O-])C,145.0
*C(C*)(C(=O)OCCOc1ccc(cc1)N=Nc1ccc(cc1)[N+](=O)[O-])C,112.0
*C(C*)(C(=O)OCCCCCCOc1ccc(cc1)N=Nc1ccc(cc1)[N+](=O)[O-])C,108.0
*C(C*)(C(=O)Oc1ccc(cc1)N=Nc1ccc(cc1)OC)C,120.0
*C(C*)(C(=O)OCCOc1ccc(cc1)N=Nc1ccc(cc1)OC)C,109.0
*C(C*)(C(=O)OCCCCCCOc1ccc(cc1)C(=O)Oc1c2c(c(cc1)N=Nc1ccccc1)cccc2)C,46.0
*C(C*)(C(=O)OCCCCCCOc1ccc(cc1)C(=O)Oc1c2c(c(cc1)N=Nc1ccc(cc1)C)cccc2)C,40.0
*C(C*)(C(=O)OCCCCCCOc1ccc(cc1)C(=O)Oc1c2c(c(cc1)N=Nc1ccc(cc1)C#N)cccc2)C,41.0
*C(C*)(C(=O)OCCCOc1ccc(cc1)C(=O)Oc1ccc2c(c1)oc(=O)cc2)C,68.0
*C(C*)(C(=O)OCCCCCCOc1ccc(cc1)C(=O)Oc1ccc2c(c1)oc(=O)cc2)C,102.0
*C(C*)(C(=O)OCC1N(CC(C1)NC(=O)OC(C)(C)C)C(=O)OC(C)(C)C)C,127.0
*C(C*)(C(=O)OCC1N(CC(C1)NC(=O)C1N(CC(C1)NC(=O)OC(C)(C)C)C(=O)OC(C)(C)C)C(=O)C1N(CC(C1)NC(=O)OC(C)(C)C)C(=O)OC(C)(C)C)C,200.0
*C(C*)(C(=O)OCC1OC(C(C1O)O)n1c(=O)[nH]c(=O)cc1)C,151.0
*C(C*)(C(=O)NC1C(OC(C(C1O)O)CO)O)C,100.0
*C(C*)(C(=O)OC1(CN(CCC1)c1ccc(cc1)N=Nc1ccc(cc1)C=C(S(=O)(=O)C)C#N)C)C,196.0
*C(C*)(C(=O)OCCCCCCCCCCOc1ccc(cc1)C#Cc1c(cc(c(c1)C)C=Cc1ccncc1)C)C,51.0
*C(C*)(C(=O)OCCCCCCCCCCOc1ccc(cc1)C#Cc1c(cc(c(c1)OC)C=Cc1ccncc1)OC)C,62.0
*C(C*)(C(=O)OCCCCCCCCCCOc1ccc(cc1)C(=O)Oc1ccc(cc1)C(=O)C=Cc1c(c2c(n1CCCC)cccc2)C)C,57.0
*C(C*)(C(=O)OCCCCCCCCOc1ccc(cc1)C(=O)Oc1ccc(cc1)C(=O)C=Cc1c(c2c(n1CCCC)cccc2)C)C,69.0
*C(C*)(C(=O)OCCCCCCOc1ccc(cc1)C(=O)Oc1ccc(cc1)C(=O)C=Cc1c(c2c(n1CCCC)cccc2)C)C,85.0
*C(C*)(C(=O)OCCCCCCCCCCOc1ccc(cc1)C(=O)Oc1ccc(cc1)C(=O)C=Cc1c(c2c(n1C)cccc2)C)C,72.0
*C(C*)(C(=O)OCCCCCCCCOc1ccc(cc1)C(=O)Oc1ccc(cc1)C(=O)C=Cc1c(c2c(n1C)cccc2)C)C,75.0
*C(C*)(C(=O)OCCCCCCOc1ccc(cc1)C(=O)Oc1ccc(cc1)C(=O)C=Cc1c(c2c(n1C)cccc2)C)C,98.0
*C(C*)(C(=O)OCCCCC(C(C(C(C(C(F)(F)F)(F)F)(F)F)(F)F)(F)F)(F)F)C,23.0
*C(C*)(C(=O)OCCN(c1cc(c(cc1)N=Nc1ccc(cc1)OC)C)CC)C,95.0
*C(C*)C(=O)OCCCOc1ccc(cc1)C(=O)OCCCC(C(C(C(C(C(F)(F)F)(F)F)(F)F)(F)F)(F)F)(F)F,17.0
*C(C*)C(=O)OCCCOc1ccc(cc1)C(=O)OCCCC(C(C(C(C(C(C(C(F)(F)F)(F)F)(F)F)(F)F)(F)F)(F)F)(F)F)(F)F,48.0
*C(C*)(C(=O)OCCCCCCCCCCCCCCC(=O)NC1OC(C(C(C1OC(=O)C)OC(=O)C)OC1OC(C(C(C1OC(=O)C)OC(=O)C)OC(=O)C)COC(=O)C)COC(=O)C)C,95.2
*C(C*)(C(=O)OCCCCCCCCCCCCCCC(=O)NC1OC(C(C(C1O)O)OC1OC(C(C(C1O)O)O)CO)CO)C,133.1
*C(C*)(C(=O)OCCCCCCOc1ccc(cc1)C(=O)Oc1c2c(c(cc1)N=Nc1ccc(cc1)F)cccc2)C,42.0
*C(C*)(C(=O)OCCCCCCOc1ccc(cc1)C(=O)Oc1c2c(c(cc1)N=Nc1ccc(cc1)Cl)cccc2)C,50.0
*C(C*)(C(=O)OCCCCCCOc1ccc(cc1)C(=O)Oc1c2c(c(cc1)N=Nc1ccc(cc1)Br)cccc2)C,46.0
*C(C*)(C(=O)OCCCCCCOc1ccc(cc1)C(=O)Oc1c2c(c(cc1)N=Nc1ccc(cc1)I)cccc2)C,40.0
*C(C*)(C(=O)OCCCCCCN1CCN(CC1)c1ccc(cc1)N=Nc1ccc(cc1)C#N)C,77.0
*C(C*)(C(=O)OCCN(CC)c1ccccc1)C,36.5
*C(C*)(C(=O)OCCN(c1ccc(cc1)N=Nc1ccc(cc1)C#N)CC)C,116.25
*C1C2CC(C(C1*)C2)C(=O)OCCc1ccc(cc1)N(c1ccccc1)c1ccccc1,307.0
*C1C2CC(C(C1*)C2)C(=O)OCCc1ccc(cc1)N(c1cc(ccc1)C)c1ccccc1,305.0
*C1C2CC(C(C1*)C2)C(=O)OCCc1ccc(cc1)N(c1c2c(ccc1)cccc2)c1ccccc1,333.0
*C(C*)(C(=O)OCCCCCCCCCCOc1ccc(cc1)N=Nc1ccc(cc1)[N+](=O)[O-])C,55.0
*C(C*)(C(=O)OCCCCCCCCCCOc1ccc(cc1)N=Nc1ccc(cc1)C#N)C,51.0
*C(C*)(C(=O)OCCCCCCCCCCOc1ccc(cc1)N=Nc1ccc(cc1)F)C,49.0
*C(C*)(C(=O)OCCCCCCCCCCOc1ccc(cc1)N=Nc1ccc(cc1)Cl)C,54.0
*C(C*)(C(=O)OCCCCCCCCCCOc1ccc(cc1)N=Nc1ccccc1)C,56.0
*C(C*)(C(=O)OCCCCCCCCCCOc1ccc(cc1)N=Nc1ccc(cc1)OC)C,62.0
*C(C*)(C(=O)OCC[N+](CCCCCCC)(C)C)C,-44.0
*C(C*)(C(=O)OCCCCCCN1CCN(CC1)c1ccc(cc1)N=Nc1ccc(cc1)[N+](=O)[O-])C,60.0
*C(C*)(C(=O)OCCCCCCN1CCN(CC1)c1ccc(cc1)N=Nc1ccc(cc1)C=C(C#N)C#N)C,83.0
*C(C*)(C(=O)OCC#CO[Si](C)(C)C)C,57.0
*C(C*)(C(=O)Oc1ccc(cc1)C=Cc1ccccc1)C,143.0
*C(C*)(C(=O)Oc1c(cc(cc1OC)C=Cc1ccccc1)OC)C,140.0
*C(C*)(C(=O)OCc1cc2c(OCCOCCOCCOCCO2)cc1)C,38.0
*C(C*)(C(=O)OCc1cc(c(cc1)OCCOCC)OCCOCC)C,-2.0
*C(C*)(C(=O)OCc1cc(c(cc1)OCCOCCOCC)OCCOCCOCC)C,-33.0
*C(C*)(C(=O)OCc1cc(c(cc1)OCCOCCOCCOCC)OCCOCCOCCOCC)C,-92.0
*C1C2C(C(C(C1*)C2)C(=O)OCc1ccccc1)C(=O)OCc1ccccc1,277.0
*C1C2C(C(C(C1*)C2)C(=O)OCCc1ccccc1)C(=O)OCCc1ccccc1,254.0
*C1C2C(C(C(C1*)C2)C(=O)OCCCc1ccccc1)C(=O)OCCCc1ccccc1,200.0
*C1C2C(C(C(C1*)C2)C(=O)OCC12CC3CC(CC(C1)C3)C2)C(=O)OCC12CC3CC(CC(C1)C3)C2,328.0
*C1C2C(C(C(C1*)C2)C(=O)OCCC12CC3CC(CC(C1)C3)C2)C(=O)OCCC12CC3CC(CC(C1)C3)C2,300.0
*C1C2C(C(C(C1*)C2)C(=O)OCC1C2CCC(C1)C2)C(=O)OCC1C2CCC(C1)C2,320.0
*C1C2C(C(C(C1*)C2)C(=O)OCCC1C2CCC(C1)C2)C(=O)OCCC1C2CCC(C1)C2,260.0
*C(C*)(C(=O)Oc1ccc(cc1)OCc1ccccc1)C,95.3
*C(C*)(C(=O)OCCC1CC[N+](CC1)(CCCCCCOc1ccc(cc1)N=Nc1ccc(cc1)[N+](=O)[O-])C)C,57.8
*C(C*)C(=O)N1CC[NH+](CC1)CC,72.5
*C(C*)(C(=O)OCCC[Si]12O[Si]3(O[Si]4(O[Si]5(O[Si](O[Si](O[Si](O[Si](O1)(O4)CC(C)C)(O5)CC(C)C)(O2)CC(C)C)(O3)CC(C)C)CC(C)C)CC(C)C)CC(C)C)C,85.0
*C(C*)(C(=O)OC1CCCCCCC1)C,73.0
*C(C*)(C(=O)OC1CCCCCCCCC1)C,58.0
*C(C*)(C(=O)OC1CCCCCCCCCCC1)C,56.0
*C(C*)(C(=O)OCCCCCCCC[n+]1ccc(cc1)N(C)C)C,70.0
*C(C*)(C(=O)OCCCCCCCCCCCC[n+]1ccc(cc1)N(C)C)C,55.5
*C(C*)(C(=O)OCCCCCCCCCCCCCCCC[n+]1ccc(cc1)N(C)C)C,60.0
*C(C(C(C*)OC(=O)C)C(=O)OCCCC)C(=O)OCCCC,-12.0
*C(C*)(C(=O)OCCCCCCOc1c(cc(cc1)C=CC1=C(C(=C(C#N)C#N)OC1(C)C)C#N)OCCCCCC)C,80.0
*C(C*)C(=O)NCC(=O)N,186.0
*C(C*)(C(=O)OCC(=O)c1cc2c(o1)ccc(c2)Br)C,137.0
*C(C(CCCCCC*)Cl)Cl,-18.0
*C(C(*)F)C(F)(F)F,87.0
*C1(C(C(C(C(C(C1(F)F)(F)F)(F)F)(F)F)(C(*)(F)F)F)(F)F)F,198.0
*C(C(*)(Cl)[2H])([2H])[2H],85.0
*C(CCCCCCCC*)Cl,-33.0
*C(=C(*)C)CCC,200.0
*C(=C(*)C)CCCCC,180.0
*C(=C(*)C)CCCCCCC,160.0
*C(=C*)C(C)(C)C,200.0
*C1(CC(c2c1cc(cc2)*)(C)C)C,212.75
*C(=C(C(C(*)([2H])[2H])([2H])[2H])[2H])C([2H])([2H])[2H],-58.0
*C(C(*)(C(=C([2H])[2H])[2H])[2H])([2H])[2H],1.0
*C1C2C(C=CC2)C(C1)C=C*,140.03
*C(=CC(C*)C)C,2.08
*C1C2CC(=CC)C(C1*)C2,61.4
*C1C2C3C(C=CC3)C(C1*)C2,103.55
*C1C(CC(C1)C=C*)C1CC=CCC1,105.0
*c1cc2C(c3c(c2cc1)ccc(c3)*)(CCCCCCCC)CCCCCCCC,57.66
*c1cc2C(c3c(c2cc1)ccc(c3)*)(CC(CCCC)CC)CC(CCCC)CC,27.64
*c1cc2C(c3c(c2cc1)ccc(c3)*)(CCCCCC)CCCCCC,104.0
*C1C(=CC)CC(C1)C=C*,118.43
*c1cc2C(c3c(c2cc1)ccc(c3)C=C*)(CC(CCCC)CC)CC(CCCC)CC,165.0
*C=CC(*)(C)C,-10.0
*C1C2C(C(C1)C=C*)C1CCC2C1,204.76
*OC(=O)CCCCCCCCCCC(=O)OCCOCC*,-71.0
*c1c(nnc(n1)c1nc(ccc1)c1nc(c(nn1)c1ccccc1)c1ccc(cc1)Oc1ccc(cc1)*)c1ccccc1,219.0
*c1nnc(nc1)c1nc(ccc1)c1nc(cnn1)c1ccc(cc1)Oc1ccc(cc1)*,223.0
*c1nc(nc(n1)Oc1ccc(cc1)C(c1ccc(cc1)O*)(C)C)Cl,80.0
*C1CC2CC(CC(C1)O2)OC(=O)Oc1ccc(cc1)C(c1ccc(cc1)OC(=O)O*)(C)C,194.0
*C1CC2CC(CC(C1)O2)OC(=O)Oc1ccc(cc1)S(=O)(=O)c1ccc(cc1)OC(=O)O*,184.0
*C1CC2CC(CC(C1)O2)OC(=O)O*,207.0
*C1CC2CC(CC(C1)O2)OC(=O)NC1CCC(CC1)CC1CCC(CC1)NC(=O)O*,225.0
*N1CCN(CC1)C(=O)OC1CC2CC(CC(C1)O2)OC(=O)*,113.0
*C1CC2CC(CC(C1)O2)OC(=O)Nc1ccc(cc1)Cc1ccc(cc1)NC(=O)O*,200.0
*C1CC2CC(CC(C1)O2)OC(=O)c1ccc(cc1)C(=O)O*,207.0
*C1CC2CC(CC(C1)O2)OC(=O)c1cc(ccc1)C(=O)O*,113.0
*C1(c2c(CO1)cccc2)c1ccc(cc1)OC(=O)c1ccc(cc1)C(=O)Oc1ccc(cc1)*,312.0
*C1(c2c(Oc3c1cccc3)cccc2)c1ccc(cc1)OC(=O)c1ccc(cc1)C(=O)Oc1ccc(cc1)*,252.0
*c1cc2Oc3c(C4(c2cc1)c1ccccc1c1ccccc41)ccc(c3)OC(=O)O*,295.0
*c1cc2Oc3c(C4(c2cc1)c1ccccc1c1ccccc41)ccc(c3)OC(=O)c1ccc(cc1)C(=O)O*,290.0
*Oc1ccc(cc1)S(=O)(=O)c1ccc(cc1)OCC(COc1ccc(cc1)C(c1ccc(cc1)OCC(C*)O)(C)C)O,130.33
*Oc1c(cc(cc1)S(=O)(=O)c1cc(c(cc1)OCC(COc1ccc(cc1)C(c1ccc(cc1)OCC(C*)O)(C)C)O)C)C,117.5
*Oc1c(cc(cc1C)S(=O)(=O)c1cc(c(c(c1)C)OCC(COc1ccc(cc1)C(c1ccc(cc1)OCC(C*)O)(C)C)O)C)C,137.5
*Oc1c(cc(cc1)S(=O)(=O)c1cc(c(cc1)OCC(COc1ccc(cc1)S(=O)(=O)c1ccc(cc1)OCC(C*)O)O)C)C,142.5
*Oc1c(cc(cc1C)S(=O)(=O)c1cc(c(c(c1)C)OCC(COc1ccc(cc1)S(=O)(=O)c1ccc(cc1)OCC(C*)O)O)C)C,145.0
*Oc1c(cc(cc1)S(=O)(=O)c1cc(c(cc1)OCC(C*)O)C)C,132.5
*Oc1c(cc(cc1C)S(=O)(=O)c1cc(c(c(c1)C)OCC(C*)O)C)C,152.5
*Oc1ccc(cc1)C(c1ccc(cc1)OCC(COc1ccc(cc1)C(=O)c1ccc(cc1)OCC(C*)O)O)(C)C,120.0
*Oc1ccc(cc1)C(=O)c1ccc(cc1)OCC(C*)O,130.0
*Oc1ccc(cc1)Oc1ccc(cc1)OCC(COc1ccc(cc1)C(c1ccc(cc1)OCC(C*)O)(C)C)O,85.0
*Oc1c(cc(cc1C)C(c1cc(c(c(c1)C)OCC(COc1ccc(cc1)C(c1ccc(cc1)OCC(C*)O)(C)C)O)C)(C)C)C,100.0
*Oc1ccc(cc1)C(c1ccc(cc1)OCC(COc1c(cc(cc1Cl)C(c1cc(c(c(c1)Cl)OCC(C*)O)Cl)(C)C)Cl)O)(C)C,100.0
*Oc1ccc(cc1)S(=O)(=O)c1ccc(cc1)OCC(COc1c(cc(cc1C)C(c1cc(c(c(c1)C)OCC(C*)O)C)(C)C)C)O,145.0
*Oc1c(cc(cc1C)S(=O)(=O)c1cc(c(c(c1)C)OCC(COc1c(cc(cc1C)C(c1cc(c(c(c1)C)OCC(C*)O)C)(C)C)C)O)C)C,145.0
*Oc1c(cc(cc1C)C(c1cc(c(c(c1)C)OCC(C*)O)C)(C)C)C,130.0
*Oc1ccc(cc1)C(c1ccc(cc1)OC(=O)c1ccc(cc1)Oc1ccc(cc1)C(=O)*)(C)C,192.67
*Oc1ccc(cc1)C(c1ccc(cc1)OC(=O)c1cc(ccc1)Oc1cc(ccc1)C(=O)*)(C)C,85.0
*C1OCCC1*,131.43
*Oc1ccc(cc1)Oc1ccc(cc1)C(=O)c1ccc(cc1)C(=O)c1ccc(cc1)*,149.5
*Oc1ccc(cc1)c1ccc(cc1)Oc1ccc(cc1)C(=O)c1ccc(cc1)*,165.3
*Oc1cc(ccc1)NC(=O)c1ccc(cc1)C(=O)Nc1ccc(cc1)*,280.0
*Oc1ccc(cc1)C(=O)OCC(COC(=O)c1ccc(cc1)*)(C)C,73.0
*C1OC(CO1)COC(=O)CCCCCCC*,-23.0
*C1OCC(CO1)OC(=O)CCCCCCC*,6.5
*C1OCC(OC1)CNC(=O)CCCCC(=O)NC*,93.0
*C1OCC(OC1)CNC(=O)CCCCCCCCC(=O)NC*,73.0
*C1OCC(OC1)CC(=O)NCCCCCCNC(=O)C*,73.0
*c1nc2c(c(c1)c1ccc(cc1)Oc1ccc(cc1)c1cc(nc3c1cccc3)c1ccc(cc1)Oc1ccc(cc1)*)cccc2,275.67
*c1c(c(nc2c1cccc2)c1ccc(cc1)c1nc2c(c(c1c1ccccc1)c1ccc(cc1)Oc1ccc(cc1)*)cccc2)c1ccccc1,273.0
*c1cc(nc2c1cccc2)c1cc(ccc1)c1nc2c(c(c1)c1ccc(cc1)Oc1ccc(cc1)*)cccc2,268.0
*C1OC(C(C(C1OCC)OCC)O*)COCC,119.5
*C1OC(C(C(C1O)O)O*)CO,144.0
*c1nc(c(c(c1F)OCC(C(C(COc1c(c(nc(c1F)F)OCC(C(C(CO*)(F)F)(F)F)(F)F)F)(F)F)(F)F)(F)F)F)F,-10.0
*c1nc(nc(c1F)OCC(C(C(CO*)(F)F)(F)F)(F)F)F,0.0
*c1nc2cc3c(cc2c(c1)c1ccccc1)c(cc(n3)c1ccc(cc1)Oc1ccc(cc1)*)c1ccccc1,380.5
*c1nc2cc3c(cc2c(c1)c1ccccc1)nc(cc3c1ccccc1)c1ccc(cc1)Oc1ccc(cc1)*,365.0
*OC(C(*)(F)F)(C(F)(F)F)F,-76.93
*Oc1c(c(c(c(c1)C)*)C)Br,280.15
*Oc1c(cc(cc1Cl)*)Cl,179.18
*Oc1c(cc(cc1C(C)C)*)C(C)C,152.4
*Oc1ccc(cc1)OC(=O)c1cc(ccc1)Oc1cc(ccc1)C(=O)*,119.0
*Oc1cc(ccc1)OC(=O)c1ccc(cc1)Oc1ccc(cc1)C(=O)*,159.0
*Oc1ccc(cc1)Oc1ccc(cc1)Oc1ccc(cc1)Oc1ccc(cc1)OC(=O)c1cc(ccc1)C(=O)*,134.0
*Oc1ccc(cc1)Oc1cc(ccc1)C(=O)Oc1ccc(cc1)OC(=O)c1cc(ccc1)*,119.0
*Oc1cc2c(cc1)cc(cc2)OC(=O)c1cc(ccc1)Oc1ccc(cc1)Oc1cc(ccc1)C(=O)*,125.0
*Oc1ccc(cc1)Oc1ccc(cc1)Oc1cc(ccc1)C(=O)Oc1ccc(cc1)OC(=O)c1cc(ccc1)*,101.0
*Oc1ccc(cc1)Oc1ccc(cc1)Oc1cc(ccc1)C(=O)Oc1ccc(cc1)c1ccc(cc1)OC(=O)c1cc(ccc1)*,119.0
*Oc1ccc(cc1)Oc1ccc(cc1)OC(=O)c1cc(ccc1)Oc1ccc(cc1)Oc1cc(ccc1)C(=O)*,104.0
*Oc1cc(ccc1)Oc1ccc(cc1)Oc1cc(ccc1)OC(=O)c1ccc(cc1)C(=O)*,103.0
*Oc1cc(ccc1)Oc1ccc(cc1)C(=O)Oc1cc(ccc1)OC(=O)c1ccc(cc1)*,131.0
*OP(=O)(Oc1ccc(cc1)C(c1ccc(cc1)*)(C)C)Oc1ccccc1,74.5
*OP(=O)(Oc1ccc(cc1)C(c1ccc(cc1)*)(C)C)Oc1ccc(cc1)Cl,71.0
*OP(=O)(Oc1ccc(cc1)C(c1ccc(cc1)*)(C)C)Oc1c(cccc1Cl)Cl,96.0
*OP(=O)(Oc1ccc(cc1)C(c1ccc(cc1)*)(C)C)Oc1c(cc(cc1Cl)Cl)Cl,94.0
*OP(=O)(Oc1ccc(cc1)C(c1ccc(cc1)*)(C)C)Oc1c(c(c(c(c1Cl)Cl)Cl)Cl)Cl,130.0
*OP(=O)(Oc1c(c(c(c(c1Cl)Cl)*)Cl)Cl)Oc1ccccc1,79.0
*OP(=O)(Oc1c(c(c(c(c1Cl)Cl)*)Cl)Cl)Oc1ccc(cc1)Cl,119.0
*OP(=O)(Oc1c(c(c(c(c1Cl)Cl)*)Cl)Cl)Oc1c(cccc1Cl)Cl,144.0
*OP(=O)(Oc1c(c(c(c(c1Cl)Cl)*)Cl)Cl)Oc1c(cc(cc1Cl)Cl)Cl,127.0
*OP(=O)(Oc1c(c(c(c(c1Cl)Cl)*)Cl)Cl)Oc1c(c(c(c(c1Cl)Cl)Cl)Cl)Cl,133.0
*Oc1ccc(cc1)NC(=O)c1cc(cc(c1)NC(=O)c1ccccc1)C(=O)Nc1ccc(cc1)*,294.5
*ON(C(C(*)(F)F)(Cl)F)C(F)(F)F,-50.0
*ON(C(C(=C(C(*)(F)F)F)F)(F)F)C(F)(F)F,-7.0
*c1ccc2c3n(c4ccc(cc4n3)c3cc4n5c(nc4cc3)c3cccc4c(ccc(c5=O)c34)Oc3cc(ccc3)O*)c(=O)c3cccc1c23,396.5
*c1ccc2c3n(c4ccc(cc4n3)Oc3cc4n5c(nc4cc3)c3cccc4c(ccc(c5=O)c34)Oc3cc(ccc3)O*)c(=O)c3cccc1c23,369.5
*c1ccc2c3n(c4ccc(cc4n3)c3cc4n5c(nc4cc3)c3cccc4c(ccc(c5=O)c34)Oc3cc4c(cc3)cc(cc4)O*)c(=O)c3cccc1c23,413.0
*c1ccc2c3n(c4ccc(cc4n3)c3cc4n5c(nc4cc3)c3cccc4c(ccc(c5=O)c34)Oc3c(cccc3)c3c(cccc3)O*)c(=O)c3cccc1c23,376.0
*c1ccc2c3n(c4ccc(cc4n3)c3cc4n5c(nc4cc3)c3cccc4c(ccc(c5=O)c34)Oc3ccc(cc3)Sc3ccc(cc3)O*)c(=O)c3cccc1c23,386.0
*c1ccc2c3n(c4ccc(cc4n3)Oc3cc4n5c(nc4cc3)c3cccc4c(ccc(c5=O)c34)Oc3ccc(cc3)Sc3ccc(cc3)O*)c(=O)c3cccc1c23,346.0
*c1ccc2c3n(c4ccc(cc4n3)c3cc4n5c(nc4cc3)c3cccc4c(ccc(c5=O)c34)Oc3ccc(cc3)S(=O)(=O)c3ccc(cc3)O*)c(=O)c3cccc1c23,415.0
*c1ccc2c3n(c4ccc(cc4n3)Oc3cc4n5c(nc4cc3)c3cccc4c(ccc(c5=O)c34)Oc3ccc(cc3)S(=O)(=O)c3ccc(cc3)O*)c(=O)c3cccc1c23,374.0
*c1ccc2c3n(c4ccc(cc4n3)c3cc4n5c(nc4cc3)c3cccc4c(ccc(c5=O)c34)Oc3ccc(cc3)C(=O)c3ccc(cc3)O*)c(=O)c3cccc1c23,389.0
*c1ccc2c3n(c4ccc(cc4n3)c3cc4n5c(nc4cc3)c3cccc4c(ccc(c5=O)c34)Oc3ccc(cc3)C(c3ccc(cc3)O*)(C)C)c(=O)c3cccc1c23,380.0
*c1ccc2c3n(c4ccc(cc4n3)Oc3cc4n5c(nc4cc3)c3cccc4c(ccc(c5=O)c34)Oc3ccc(cc3)C(c3ccc(cc3)O*)(C)C)c(=O)c3cccc1c23,334.0
*c1ccc2c3n(c4ccc(cc4n3)c3cc4n5c(nc4cc3)c3cccc4c(ccc(c5=O)c34)Oc3ccc(cc3)C(c3ccc(cc3)O*)(c3ccccc3)c3ccccc3)c(=O)c3cccc1c23,357.0
*c1ccc2c3n(c4ccc(cc4n3)c3cc4n5c(nc4cc3)c3cccc4c(ccc(c5=O)c34)Oc3ccc(cc3)C3(c4ccccc4c4ccccc34)c3ccc(cc3)O*)c(=O)c3cccc1c23,421.0
*c1ccc2c3n(c4ccc(cc4n3)Oc3cc4n5c(nc4cc3)c3cccc4c(ccc(c5=O)c34)Oc3ccc(cc3)C3(c4ccccc4c4ccccc34)c3ccc(cc3)O*)c(=O)c3cccc1c23,396.0
*c1ccc2c3n(c4ccc(cc4n3)c3cc4n5c(nc4cc3)c3cccc4c(ccc(c5=O)c34)Oc3ccc(cc3)C3(c4ccccc4C(=O)c4ccccc34)c3ccc(cc3)O*)c(=O)c3cccc1c23,428.0
*ON(C(C(*)(SC(F)(F)F)F)(F)F)C(F)(F)F,-48.0
*c1oc2c(n1)cc(cc2)c1cc2c(oc(n2)c2ccc(cc2)*)cc1,430.0
*C1c2c(OC1*)cccc2,65.2
*Oc1c(cc(cc1Cl)*)Br,188.5
*Oc1c(cc(cc1Br)*)Br,196.0
*OC(COC(COC(=O)c1ccc(cc1)C(=O)*)C)C,37.0
*OC(C(C(*)(F)F)(F)F)(F)F,-109.82
*Oc1ccc(cc1)P(=O)(c1ccc(cc1)Oc1ccc(cc1)c1ccc(cc1)*)c1ccccc1,229.17
*OC(=O)C1CCC(CC1)C(=O)OCCOCC*,-10.15
*Oc1cc(c(cc1)C=NN=Cc1c(cc(cc1)OCCCCCCCCCCCC*)O)O,89.0
*Oc1ccc(cc1)C(c1ccc(cc1)OC*)(C(F)(F)F)C(F)(F)F,123.0
*Oc1ccc(cc1)C(c1ccc(cc1)OC*)(C)C,88.67
*O[Si](O[Si](Oc1c(cc(cc1C)c1cc(c(c(c1)C)*)C)C)(C)C)(C)C,55.0
*O[Si](O[Si](O[Si](Oc1c(cc(cc1C)c1cc(c(c(c1)C)*)C)C)(C)C)(C)C)(C)C,14.0
*O[Si](O[Si](O[Si](O[Si](Oc1c(cc(cc1C)c1cc(c(c(c1)C)*)C)C)(C)C)(C)C)(C)C)(C)C,-16.0
*O[Si](O[Si](Oc1ccc(cc1)c1ccc(cc1)*)(C)C)(C)C,-4.0
*OCc1ccc(cc1)C*,217.0
*c1oc2c(n1)ccc(c2)c1ccc2c(oc(n2)CCCCCCC*)c1,85.0
*c1oc2c(n1)ccc(c2)c1ccc2c(oc(n2)CCCCCCCCC*)c1,64.0
*c1oc2c(n1)ccc(c2)c1ccc2c(oc(n2)CCCCCCCCCC*)c1,64.0
*c1oc2c(n1)ccc(c2)c1ccc2c(oc(n2)CCCCCCCCCCC*)c1,62.0
*c1oc2c(n1)ccc(c2)c1ccc2c(oc(n2)CCCCCCCCCCCC*)c1,55.0
*Oc1ccc(cc1)C(c1ccc(cc1)Oc1ccc(cc1)C(=O)c1ccc(cc1)P(=O)(c1ccc(cc1)C(=O)c1ccc(cc1)*)c1ccccc1)(C(F)(F)F)C(F)(F)F,207.0
*Oc1ccc(cc1)C(c1ccc(cc1)Oc1ccc(cc1)C(=O)c1ccc(cc1)P(=O)(c1ccc(cc1)C(=O)c1ccc(cc1)*)c1ccccc1)(C)C,195.0
*Oc1ccc(cc1)Oc1ccc(cc1)C(=O)c1ccc(cc1)P(=O)(c1ccc(cc1)C(=O)c1ccc(cc1)*)c1ccccc1,207.0
*Oc1cc(ccc1)Oc1ccc(cc1)C(=O)c1ccc(cc1)P(=O)(c1ccc(cc1)C(=O)c1ccc(cc1)*)c1ccccc1,201.0
*Oc1cc2c(cc1)ccc(c2)Oc1ccc(cc1)C(=O)Nc1cc(ccc1)NC(=O)c1ccc(cc1)*,168.0
*Oc1cc2c(cc1)ccc(c2)Oc1ccc(cc1)C(=O)Nc1cc(ccc1)Oc1ccc(cc1)NC(=O)c1ccc(cc1)*,164.0
*Oc1cc2c(cc1)ccc(c2)Oc1ccc(cc1)C(=O)Nc1ccc(cc1)Oc1ccc(cc1)Oc1ccc(cc1)NC(=O)c1ccc(cc1)*,191.0
*Oc1cc2c(cc1)ccc(c2)Oc1ccc(cc1)C(=O)Nc1ccc(cc1)C(c1ccc(cc1)C(c1ccc(cc1)NC(=O)c1ccc(cc1)*)(C)C)(C)C,155.0
*Oc1cc2c(cc1)ccc(c2)Oc1ccc(cc1)C(=O)Nc1ccc(cc1)Oc1ccc(cc1)C(c1ccc(cc1)Oc1ccc(cc1)NC(=O)c1ccc(cc1)*)(C)C,143.0
*Oc1cc2c(cc1)ccc(c2)Oc1ccc(cc1)C(=O)Nc1ccc(cc1)Oc1ccc(cc1)S(=O)(=O)c1ccc(cc1)Oc1ccc(cc1)NC(=O)c1ccc(cc1)*,227.0
*Oc1cc2c(cc1)ccc(c2)Oc1ccc(cc1)C(=O)Nc1ccc(cc1)Oc1ccc(cc1)C(c1ccc(cc1)Oc1ccc(cc1)NC(=O)c1ccc(cc1)*)(c1ccccc1)C,177.0
*Oc1cc2c(cc1)ccc(c2)Oc1ccc(cc1)C(=O)Nc1ccc(cc1)Oc1ccc(cc1)C(c1ccc(cc1)Oc1ccc(cc1)NC(=O)c1ccc(cc1)*)(C(F)(F)F)C(F)(F)F,163.0
*Oc1cc2c(cc1)ccc(c2)Oc1ccc(cc1)C(=O)Nc1ccc(cc1)Oc1ccc(cc1)C(c1ccc(cc1)C(c1ccc(cc1)Oc1ccc(cc1)NC(=O)c1ccc(cc1)*)(C)C)(C)C,166.0
*Oc1ccc(cc1)C(c1ccc(cc1)Oc1c(c(c(c(c1F)F)C(=O)c1c(c(c(c(c1F)F)*)F)F)F)F)(C(F)(F)F)C(F)(F)F,148.69
*Oc1ccc(cc1)C1(c2ccccc2c2ccccc12)c1ccc(cc1)Oc1c(c(c(c(c1F)F)C(=O)c1c(c(c(c(c1F)F)*)F)F)F)F,223.0
*C1(c2c(C(=O)O1)cccc2)c1ccc(cc1)Oc1c(c(c(c(c1F)F)C(=O)c1c(c(c(c(c1F)F)Oc1ccc(cc1)*)F)F)F)F,215.0
*Oc1ccc(cc1)C(c1ccc(cc1)Oc1c(c(c(c(c1F)F)C(=O)c1c(c(c(c(c1F)F)*)F)F)F)F)(c1ccccc1)C,175.0
*Oc1c(c(c(c(c1F)F)c1c(c(c(c(c1F)F)Oc1ccc(cc1)C(c1ccc(cc1)*)(C(F)(F)F)C(F)(F)F)F)F)F)F,148.69
*c1oc(nn1)c1ccc(cc1)NC(=O)c1c(cc(cc1)C(=O)Nc1ccc(cc1)*)Oc1ccccc1,272.0
*c1oc(nn1)c1ccc(cc1)Oc1ccc(cc1)NC(=O)c1c(cc(cc1)C(=O)Nc1ccc(cc1)Oc1ccc(cc1)*)Oc1ccccc1,245.0
*c1oc(nn1)c1ccc(cc1)Oc1cc(ccc1)NC(=O)c1c(cc(cc1)C(=O)Nc1cc(ccc1)Oc1ccc(cc1)*)Oc1ccccc1,234.0
*c1oc(nn1)c1ccc(cc1)NC(=O)c1c(cc(cc1)*)Oc1ccccc1,235.0
*c1n(nc(c1)c1ccc(cc1)Oc1ccc(cc1)C(=O)c1ccc(cc1)Oc1ccc(cc1)C(=O)c1ccc(cc1)Oc1ccc(cc1)*)c1ccccc1,190.0
*c1n(nc(c1)c1ccc(cc1)Oc1ccc(cc1)C(=O)c1cc(ccc1)C(=O)c1ccc(cc1)Oc1ccc(cc1)*)c1ccccc1,190.0
*c1n(nc(c1)c1ccc(cc1)Oc1ccc(cc1)C(=O)c1ccc(cc1)Oc1ccc(cc1)*)c1ccccc1,205.0
*c1n(nc(c1)c1ccc(cc1)Oc1ccc(cc1)C(=O)c1ccc(cc1)C(=O)c1ccc(cc1)Oc1ccc(cc1)*)c1ccccc1,205.0
*c1n(nc(c1)c1ccc(cc1)Oc1ccc(cc1)S(=O)(=O)c1ccc(cc1)Oc1ccc(cc1)*)c1ccccc1,235.0
*c1n(nc(c1)c1ccc(cc1)Oc1ccc(cc1)P(=O)(c1ccc(cc1)Oc1ccc(cc1)*)c1ccccc1)c1ccccc1,239.0
*c1[nH]nc(c1)c1ccc(cc1)Oc1ccc(cc1)C(=O)c1cc(ccc1)C(=O)c1ccc(cc1)Oc1ccc(cc1)*,205.0
*c1[nH]nc(c1)c1ccc(cc1)Oc1ccc(cc1)C(=O)c1ccc(cc1)Oc1ccc(cc1)*,225.0
*c1[nH]nc(c1)c1ccc(cc1)Oc1ccc(cc1)C(=O)c1ccc(cc1)C(=O)c1ccc(cc1)Oc1ccc(cc1)*,235.0
*c1[nH]nc(c1)c1ccc(cc1)Oc1ccc(cc1)S(=O)(=O)c1ccc(cc1)Oc1ccc(cc1)*,260.0
*c1[nH]nc(c1)c1ccc(cc1)Oc1ccc(cc1)P(=O)(c1ccc(cc1)Oc1ccc(cc1)*)c1ccccc1,296.0
*Oc1ccc(cc1)C(=O)OC(COC(COC(COC(=O)c1ccc(cc1)OC(=O)c1ccc(cc1)C(=O)*)C)C)C,36.0
*Oc1ccc(cc1)Oc1c(cc(cc1)C(=O)c1ccc(cc1)Oc1ccc(cc1)Oc1ccc(cc1)C(=O)c1cc(c(cc1)*)C(C)C)C(C)C,145.0
*C1(c2c(C(=O)O1)cccc2)c1ccc(cc1)Oc1ccc(cc1)C(=O)c1ccc(cc1)Oc1ccc(cc1)*,218.29
*C1(c2c(C(=O)N1)cccc2)c1ccc(cc1)Oc1ccc(cc1)C(=O)c1ccc(cc1)Oc1ccc(cc1)*,270.6
*Oc1ccc(cc1)C(c1ccc(cc1)Oc1ccc(cc1)C(=O)c1ccc(cc1)*)c1c(cccc1)C(=O)O,220.5
*OS(=O)(=O)c1ccc(cc1)Oc1ccc(cc1)S(=O)(=O)Oc1ccc(cc1)C(c1ccc(cc1)*)(C)C,110.0
*OC(C*)c1occc1,12.5
*c1oc(nn1)c1ccc(cc1)NC(=O)c1cc(cc(c1)N1C(=O)c2c(C1=O)cccc2)C(=O)Nc1ccc(cc1)*,327.0
*c1oc(nn1)c1ccc(cc1)Oc1ccc(cc1)NC(=O)c1cc(cc(c1)N1C(=O)c2c(C1=O)cccc2)C(=O)Nc1ccc(cc1)Oc1ccc(cc1)*,285.0
*c1oc(nn1)c1ccc(cc1)Oc1cc(ccc1)NC(=O)c1cc(cc(c1)N1C(=O)c2c(C1=O)cccc2)C(=O)Nc1cc(ccc1)Oc1ccc(cc1)*,245.0
*c1oc(nn1)c1ccc(cc1)Oc1cc(ccc1)NC(=O)c1cc(cc(c1)N1C(=O)c2c(C1=O)c(c(c(c2Cl)Cl)Cl)Cl)C(=O)Nc1cc(ccc1)Oc1ccc(cc1)*,275.0
*c1oc(nn1)c1ccc(cc1)NC(=O)c1cc(cc(c1)N1C(=O)c2c(C1=O)cccc2)*,324.0
*Oc1cc(ccc1)NC(=O)c1cc(ccc1)OCC(COc1ccc(cc1)C(c1ccc(cc1)OCC(C*)O)(C)C)O,117.0
*Oc1cc(ccc1)NC(=O)C(=O)Nc1cc(ccc1)OCC(COc1ccc(cc1)C(c1ccc(cc1)OCC(C*)O)(C)C)O,119.0
*Oc1cc(ccc1)NC(=O)CCCC(=O)Nc1cc(ccc1)OCC(COc1ccc(cc1)C(c1ccc(cc1)OCC(C*)O)(C)C)O,111.0
*Oc1cc(ccc1)NC(=O)CCCCC(=O)Nc1cc(ccc1)OCC(COc1ccc(cc1)C(c1ccc(cc1)OCC(C*)O)(C)C)O,103.0
*Oc1cc(ccc1)NC(=O)CCCCCC(=O)Nc1cc(ccc1)OCC(COc1ccc(cc1)C(c1ccc(cc1)OCC(C*)O)(C)C)O,107.0
*Oc1cc(ccc1)NC(=O)CCCCCCC(=O)Nc1cc(ccc1)OCC(COc1ccc(cc1)C(c1ccc(cc1)OCC(C*)O)(C)C)O,92.0
*Oc1cc(ccc1)NC(=O)CCCCCCCCCCC(=O)Nc1cc(ccc1)OCC(COc1ccc(cc1)C(c1ccc(cc1)OCC(C*)O)(C)C)O,90.0
*Oc1cc(ccc1)NC(=O)Cc1cc(ccc1)CC(=O)Nc1cc(ccc1)OCC(COc1ccc(cc1)C(c1ccc(cc1)OCC(C*)O)(C)C)O,119.0
*Oc1cc(ccc1)NC(=O)c1cc(ccc1)C(=O)Nc1cc(ccc1)OCC(COc1ccc(cc1)C(c1ccc(cc1)OCC(C*)O)(C)C)O,133.0
*Oc1ccc(cc1)NC(=O)c1ccc(cc1)OCC(COc1ccc(cc1)C(c1ccc(cc1)OCC(C*)O)(C)C)O,127.0
*Oc1ccc(cc1)NC(=O)c1c(cccc1)OCC(COc1ccc(cc1)C(c1ccc(cc1)OCC(C*)O)(C)C)O,121.0
*Oc1ccc(cc1)NC(=O)CCCC(=O)Nc1ccc(cc1)OCC(COc1ccc(cc1)C(c1ccc(cc1)OCC(C*)O)(C)C)O,105.0
*Oc1ccc(cc1)NC(=O)CCCCC(=O)Nc1ccc(cc1)OCC(COc1ccc(cc1)C(c1ccc(cc1)OCC(C*)O)(C)C)O,112.0
*Oc1ccc(cc1)NC(=O)CCCCCC(=O)Nc1ccc(cc1)OCC(COc1ccc(cc1)C(c1ccc(cc1)OCC(C*)O)(C)C)O,116.0
*Oc1ccc(cc1)Sc1ccc(cc1)Sc1ccc(cc1)Sc1ccc(cc1)*,84.0
*Oc1ccc(cc1)C(c1ccc(cc1)Oc1ccc(cc1)C(=O)c1c2c(ccc1)cccc2C(=O)c1ccc(cc1)*)(C)C,210.5
*C1(c2c(C(=O)O1)cccc2)c1ccc(cc1)Oc1ccc(cc1)S(=O)(=O)c1ccc(cc1)Oc1ccc(cc1)*,247.14
*Oc1c2c(ccc1)ccc(c2)Oc1ccc(cc1)NC(=O)c1cc(ccc1)C(=O)Nc1ccc(cc1)*,256.0
*Oc1c2c(ccc1)ccc(c2)Oc1ccc(cc1)NC(=O)c1cc(cc(c1)C(C)(C)C)C(=O)Nc1ccc(cc1)*,263.0
*Oc1c2c(ccc1)ccc(c2)Oc1ccc(cc1)NC(=O)c1ccc(cc1)Oc1ccc(cc1)C(=O)Nc1ccc(cc1)*,236.0
*Oc1c2c(ccc1)ccc(c2)Oc1ccc(cc1)NC(=O)c1ccc(cc1)S(=O)(=O)c1ccc(cc1)C(=O)Nc1ccc(cc1)*,259.0
*Oc1c2c(ccc1)ccc(c2)Oc1ccc(cc1)NC(=O)c1ccc(cc1)C(c1ccc(cc1)C(=O)Nc1ccc(cc1)*)(C(F)(F)F)C(F)(F)F,252.0
*Oc1c2c(ccc1)ccc(c2)Oc1ccc(cc1)NC(=O)c1ccc(cc1)Oc1ccc(cc1)Oc1ccc(cc1)C(=O)Nc1ccc(cc1)*,224.0
*Oc1c2c(ccc1)ccc(c2)Oc1ccc(cc1)NC(=O)c1ccc(cc1)Oc1cc(ccc1)Oc1ccc(cc1)C(=O)Nc1ccc(cc1)*,196.0
*Oc1c2c(ccc1)ccc(c2)Oc1ccc(cc1)NC(=O)c1ccc(cc1)Oc1c(cccc1)Oc1ccc(cc1)C(=O)Nc1ccc(cc1)*,180.0
*Oc1c2c(ccc1)ccc(c2)Oc1ccc(cc1)NC(=O)c1ccc(cc1)Oc1ccc(cc1)S(=O)(=O)c1ccc(cc1)Oc1ccc(cc1)C(=O)Nc1ccc(cc1)*,218.0
*Oc1c2c(ccc1)ccc(c2)Oc1ccc(cc1)NC(=O)c1ccc(cc1)Oc1ccc(cc1)C(c1ccc(cc1)Oc1ccc(cc1)C(=O)Nc1ccc(cc1)*)(c1ccccc1)C,175.5
*Oc1c2c(ccc1)ccc(c2)Oc1ccc(cc1)NC(=O)c1ccc(cc1)Oc1ccc(cc1)C(c1cc(ccc1)C(c1ccc(cc1)Oc1ccc(cc1)C(=O)Nc1ccc(cc1)*)(C)C)(C)C,175.5
*Oc1ccc(cc1)C(=O)Nc1c(cccc1)c1ccc(cc1)NC(=O)c1ccc(cc1)*,263.0
*Oc1ccc(cc1)C(=O)Nc1c(cc(cc1)Br)c1ccc(cc1)NC(=O)c1ccc(cc1)*,267.0
*Oc1ccc(cc1)C(c1ccc(cc1)Oc1ccc(cc1)C(=O)c1c2c(ccc1)cccc2C(=O)c1ccc(cc1)*)(C(F)(F)F)C(F)(F)F,213.0
*Oc1ccc(cc1)Oc1ccc(cc1)C(=O)c1c2c(ccc1)cccc2C(=O)c1ccc(cc1)*,202.0
*Oc1ccc(cc1)C1(c2ccccc2c2ccccc12)c1ccc(cc1)Oc1ccc(cc1)C(=O)c1c2c(ccc1)cccc2C(=O)c1ccc(cc1)*,269.0
*Oc1ccc(cc1)c1ccc(cc1)Oc1ccc(cc1)C(=O)c1c2c(ccc1)cccc2C(=O)c1ccc(cc1)*,226.5
*Oc1c(cc(cc1)Oc1ccc(cc1)C(=O)c1c2c(ccc1)cccc2C(=O)c1ccc(cc1)*)C(C)(C)C,230.0
*Oc1ccc(cc1)C(c1ccc(cc1)Oc1ccc(cc1)C(=O)c1ccc(cc1)c1ccc(cc1)C(=O)c1ccc(cc1)*)(C)C,186.0
*Oc1ccc(cc1)C(c1ccc(cc1)Oc1ccc(cc1)C(=O)c1cc2c(cc1)cc(cc2)C(=O)c1ccc(cc1)*)(C)C,185.0
*Oc1ccc(cc1)C(c1ccc(cc1)Oc1ccc(cc1)C(=O)c1c2c(ccc1C)c(c(cc2)C)C(=O)c1ccc(cc1)*)(C)C,222.0
*Oc1ccc(cc1)S(=O)(=O)c1ccc(cc1)Oc1ccc(cc1)C(c1ccc(cc1)Oc1ccc(cc1)C(=O)c1ccc(cc1)*)(C)C,175.0
*Oc1ccc(cc1)Oc1ccc(cc1)S(=O)(=O)c1ccc(cc1)Oc1ccc(cc1)C(=O)c1ccc(cc1)*,186.0
*Oc1cc(ccc1)Oc1ccc(cc1)S(=O)(=O)c1ccc(cc1)Oc1ccc(cc1)C(=O)c1ccc(cc1)*,167.0
*Oc1ccc(cc1)S(=O)(=O)c1ccc(cc1)Oc1ccc(cc1)c1ccc(cc1)Oc1ccc(cc1)C(=O)c1ccc(cc1)*,206.0
*Oc1cc2c(cc1)cc(cc2)Oc1ccc(cc1)S(=O)(=O)c1ccc(cc1)Oc1ccc(cc1)C(=O)c1ccc(cc1)*,199.0
*Oc1c(c(ccc1)Oc1cc(ccc1)*)C#N,144.25
*Oc1ccc(cc1)Oc1ccc(cc1)Oc1ccc(cc1)C(c1ccc(cc1)*)(C)C,122.0
*Oc1ccc(cc1)c1ccc(cc1)Oc1ccc(cc1)C(c1ccc(cc1)*)(C)C,154.0
*Oc1ccc(cc1)c1ccc(cc1)c1ccc(cc1)Oc1ccc(cc1)C(c1ccc(cc1)*)(C)C,182.0
*Oc1ccc(cc1)S(=O)(=O)c1ccc(cc1)Oc1c(cc(cc1)C(c1cc(c(cc1)*)C)(C)C)C,178.67
*Oc1ccc(cc1)S(=O)(=O)c1ccc(cc1)Oc1c(cc(cc1C)c1cc(c(c(c1)C)*)C)C,268.07
*Oc1ccc(cc1)S(=O)(=O)c1ccc(cc1)Oc1c(cc(cc1C(C)C)C(c1cc(c(c(c1)C(C)C)*)C(C)C)(C)C)C(C)C,175.0
*c1cc2c(oc(n2)c2ccc(cc2)Oc2ccc(cc2)c2oc3c(n2)cc(cc3)C(*)(C(F)(F)F)C(F)(F)F)cc1,294.92
*c1cc2c(oc(n2)c2ccc(cc2)Oc2ccc(cc2)c2oc3c(n2)cc(cc3)C(*)(c2ccccc2)C(F)(F)F)cc1,299.0
*c1cc2c(oc(n2)c2ccc(cc2)C(c2ccc(cc2)c2oc3c(n2)cc(cc3)C(*)(C(F)(F)F)C(F)(F)F)(c2ccccc2)C(F)(F)F)cc1,310.0
*c1cc2c(oc(n2)c2ccc(cc2)C(c2ccc(cc2)c2oc3c(n2)cc(cc3)C(*)(c2ccccc2)C(F)(F)F)(c2ccccc2)C(F)(F)F)cc1,330.0
*c1cc2c(oc(n2)c2cc(ccc2)c2oc3c(n2)cc(cc3)C(*)(C(F)(F)F)C(F)(F)F)cc1,298.5
*c1cc2c(oc(n2)c2cc(ccc2)c2oc3c(n2)cc(cc3)C(*)(c2ccccc2)C(F)(F)F)cc1,301.0
*c1cc2c(oc(n2)c2ccc(cc2)c2oc3c(n2)cc(cc3)C(*)(C(F)(F)F)C(F)(F)F)cc1,353.5
*c1cc2c(oc(n2)c2ccc(cc2)c2oc3c(n2)cc(cc3)C(*)(c2ccccc2)C(F)(F)F)cc1,369.0
*c1cc2c(oc(n2)c2ccc(cc2)C(c2ccc(cc2)c2oc3c(n2)cc(cc3)C(*)(C(F)(F)F)C(F)(F)F)(C(F)(F)F)C(F)(F)F)cc1,313.0
*c1cc2c(oc(n2)c2ccc(cc2)C(c2ccc(cc2)c2oc3c(n2)cc(cc3)C(*)(c2ccccc2)C(F)(F)F)(C(F)(F)F)C(F)(F)F)cc1,334.0
*Oc1cc(ccc1)C(=O)c1ccc(cc1)*,132.67
*Oc1ccc(cc1)C(c1ccc(cc1)Oc1ccc(cc1)C(=O)c1c(c(c(c(c1c1ccc(cc1)F)c1ccc(cc1)F)c1ccc(cc1)F)c1ccc(cc1)F)C(=O)c1ccc(cc1)*)(C)C,252.0
*Oc1ccc(cc1)C(c1ccc(cc1)Oc1ccc(cc1)C(=O)c1c(c(c(c(c1c1ccc(cc1)F)c1ccc(cc1)F)c1ccc(cc1)F)c1ccc(cc1)F)C(=O)c1ccc(cc1)*)(C(F)(F)F)C(F)(F)F,253.0
*Oc1ccc(cc1)c1ccc(cc1)Oc1ccc(cc1)C(=O)c1c(c(c(c(c1c1ccc(cc1)F)c1ccc(cc1)F)c1ccc(cc1)F)c1ccc(cc1)F)C(=O)c1ccc(cc1)*,275.0
*Oc1ccc(cc1)C(=O)c1ccc(cc1)Oc1ccc(cc1)C(=O)c1c(c(c(c(c1c1ccc(cc1)F)c1ccc(cc1)F)c1ccc(cc1)F)c1ccc(cc1)F)C(=O)c1ccc(cc1)*,260.0
*Oc1ccc(cc1)C1(c2ccccc2c2ccccc12)c1ccc(cc1)Oc1ccc(cc1)C(=O)c1c(c(c(c(c1c1ccc(cc1)F)c1ccc(cc1)F)c1ccc(cc1)F)c1ccc(cc1)F)C(=O)c1ccc(cc1)*,293.0
*Oc1ccc(cc1)Oc1ccc(cc1)C(=O)c1c(c(c(c(c1c1ccc(cc1)F)c1ccc(cc1)F)c1ccc(cc1)F)c1ccc(cc1)F)C(=O)c1ccc(cc1)*,266.0
*Oc1ccc(cc1)C(c1ccc(cc1)Oc1ccc(cc1)C(=O)c1c(c(c(c(c1c1ccccc1)c1cc2c(cc1)cccc2)c1cc2c(cc1)cccc2)c1ccccc1)C(=O)c1ccc(cc1)*)(C)C,264.0
*Oc1ccc(cc1)C(c1ccc(cc1)Oc1ccc(cc1)C(=O)c1c(c(c(c(c1c1ccccc1)c1cc2c(cc1)cccc2)c1cc2c(cc1)cccc2)c1ccccc1)C(=O)c1ccc(cc1)*)(C(F)(F)F)C(F)(F)F,275.0
*Oc1ccc(cc1)c1ccc(cc1)Oc1ccc(cc1)C(=O)c1c(c(c(c(c1c1ccccc1)c1cc2c(cc1)cccc2)c1cc2c(cc1)cccc2)c1ccccc1)C(=O)c1ccc(cc1)*,290.0
*Oc1ccc(cc1)C(=O)c1ccc(cc1)Oc1ccc(cc1)C(=O)c1c(c(c(c(c1c1ccccc1)c1cc2c(cc1)cccc2)c1cc2c(cc1)cccc2)c1ccccc1)C(=O)c1ccc(cc1)*,290.0
*Oc1ccc(cc1)C1(c2ccccc2c2ccccc12)c1ccc(cc1)Oc1ccc(cc1)C(=O)c1c(c(c(c(c1c1ccccc1)c1cc2c(cc1)cccc2)c1cc2c(cc1)cccc2)c1ccccc1)C(=O)c1ccc(cc1)*,310.0
*c1c2c(c(nn1)c1ccc(cc1)Oc1ccc(cc1)C(c1ccc(cc1)Oc1ccc(cc1)*)(C(F)(F)F)C(F)(F)F)c(c(c(c2c1ccc(cc1)F)c1ccc(cc1)F)c1ccc(cc1)F)c1ccc(cc1)F,285.33
*c1c2c(c(nn1)c1ccc(cc1)Oc1ccc(cc1)c1ccc(cc1)Oc1ccc(cc1)*)c(c(c(c2c1ccc(cc1)F)c1ccc(cc1)F)c1ccc(cc1)F)c1ccc(cc1)F,311.0
*c1c2c(c(nn1)c1ccc(cc1)Oc1ccc(cc1)C(=O)c1ccc(cc1)Oc1ccc(cc1)*)c(c(c(c2c1ccc(cc1)F)c1ccc(cc1)F)c1ccc(cc1)F)c1ccc(cc1)F,306.33
*c1c2c(c(nn1)c1ccc(cc1)Oc1ccc(cc1)C1(c3ccccc3c3ccccc13)c1ccc(cc1)Oc1ccc(cc1)*)c(c(c(c2c1ccc(cc1)F)c1ccc(cc1)F)c1ccc(cc1)F)c1ccc(cc1)F,311.33
*c1c2c(c(nn1)c1ccc(cc1)Oc1ccc(cc1)Oc1ccc(cc1)*)c(c(c(c2c1ccc(cc1)F)c1ccc(cc1)F)c1ccc(cc1)F)c1ccc(cc1)F,303.0
*c1c2c(c(nn1)c1ccc(cc1)Oc1ccc(cc1)C(c1ccc(cc1)Oc1ccc(cc1)*)(C)C)c(c(c(c2c1ccccc1)c1cc2c(cc1)cccc2)c1cc2c(cc1)cccc2)c1ccccc1,286.0
*c1c2c(c(nn1)c1ccc(cc1)Oc1ccc(cc1)C(c1ccc(cc1)Oc1ccc(cc1)*)(C(F)(F)F)C(F)(F)F)c(c(c(c2c1ccccc1)c1cc2c(cc1)cccc2)c1cc2c(cc1)cccc2)c1ccccc1,286.0
*c1c2c(c(nn1)c1ccc(cc1)Oc1ccc(cc1)c1ccc(cc1)Oc1ccc(cc1)*)c(c(c(c2c1ccccc1)c1cc2c(cc1)cccc2)c1cc2c(cc1)cccc2)c1ccccc1,326.33
*c1c2c(c(nn1)c1ccc(cc1)Oc1ccc(cc1)C(=O)c1ccc(cc1)Oc1ccc(cc1)*)c(c(c(c2c1ccccc1)c1cc2c(cc1)cccc2)c1cc2c(cc1)cccc2)c1ccccc1,305.67
*c1c2c(c(nn1)c1ccc(cc1)Oc1ccc(cc1)C1(c3ccccc3c3ccccc13)c1ccc(cc1)Oc1ccc(cc1)*)c(c(c(c2c1ccccc1)c1cc2c(cc1)cccc2)c1cc2c(cc1)cccc2)c1ccccc1,327.33
*C1COC2C1OCC2OC(=O)c1oc(cc1)C(=O)O*,188.5
*c1oc(cc1)C(=O)NNC(=O)c1ccc(cc1)[Si](c1ccc(cc1)C(=O)NNC(=O)*)(c1ccccc1)c1ccccc1,264.0
*c1oc(nn1)c1ccc(cc1)[Si](c1ccc(cc1)*)(c1ccccc1)c1ccccc1,262.0
*c1oc(nn1)c1ccc(cc1)c1oc(nn1)c1ccc(cc1)[Si](c1ccc(cc1)*)(c1ccccc1)c1ccccc1,274.0
*c1oc(nn1)c1ncc(cc1)c1oc(nn1)c1ccc(cc1)[Si](c1ccc(cc1)*)(c1ccccc1)c1ccccc1,256.0
*c1oc(nn1)c1nc(ccc1)c1oc(nn1)c1ccc(cc1)[Si](c1ccc(cc1)*)(c1ccccc1)c1ccccc1,265.0
*c1oc(nn1)c1cncc(c1)c1oc(nn1)c1ccc(cc1)[Si](c1ccc(cc1)*)(c1ccccc1)c1ccccc1,272.0
*c1oc(nn1)c1oc(cc1)c1oc(nn1)c1ccc(cc1)[Si](c1ccc(cc1)*)(c1ccccc1)c1ccccc1,264.0
*c1oc(nn1)c1ccc(cc1)[Si](c1ccc(cc1)c1oc(nn1)c1ccc(cc1)c1ccc(cc1)*)(c1ccccc1)c1ccccc1,278.0
*c1oc(nn1)c1c2c(c(cc1)c1oc(nn1)c1ccc(cc1)[Si](c1ccc(cc1)*)(c1ccccc1)c1ccccc1)cccc2,271.5
*c1c2c(c(nn1)c1ccc(cc1)Oc1ccc(cc1)C(c1ccc(cc1)Oc1ccc(cc1)*)(C)C)c(c(c(c2c1ccc(cc1)F)c1ccc(cc1)F)c1ccc(cc1)F)c1ccc(cc1)F,276.67
*Oc1c(c(ccc1)Oc1ccc(cc1)c1ccc(cc1)*)C#N,210.0
*OC(=O)c1ccc(cc1)c1ccc(cc1)C(=O)OCCOCCOCCOCC*,4.0
*Oc1cc(c(cc1)CCc1ccc(cc1)OCCCCC*)C,15.4
*Oc1cc(c(cc1)CCc1ccc(cc1)OCCCCCCC*)C,6.5
*Oc1cc(c(cc1)CCc1ccc(cc1)OCCCCCCCCC*)C,-1.1
*Oc1cc(c(cc1)CCc1ccc(cc1)OCCCCCCCCCCC*)C,3.9
*Oc1ccc(cc1)OCc1ccc(cc1)COc1ccc(cc1)OCCCCCCCCCCCC*,24.0
*OC(=O)c1ccc(cc1)c1ccc(cc1)c1ccc(cc1)C(=O)OCCOCCOCC*,50.0
*OC(=O)c1ccc(cc1)c1ccc(cc1)c1ccc(cc1)C(=O)OCCOCCOCCOCC*,20.0
*OC(=O)c1ccc(cc1)c1ccc(cc1)c1ccc(cc1)C(=O)OCCOCCOCCOCCOCCOCCOCCOCCOCCOCC*,13.33
*Oc1cc(c(cc1)CCc1ccc(cc1)OCCCC*)C,24.9
*Oc1cc(c(cc1)CCc1ccc(cc1)OCCCCCC*)C,17.9
*Oc1cc(c(cc1)CCc1ccc(cc1)OCCCCCCCC*)C,-12.1
*Oc1cc(c(cc1)CCc1ccc(cc1)OCCCCCCCCCC*)C,-3.8
*Oc1cc(c(cc1)CCc1ccc(cc1)OCCCCCCCCCCCC*)C,-0.9
*Oc1c(cc(c(c1)C)C(c1c(cc(c(c1)C(C)C)Oc1ccc(cc1)C(=O)c1ccc(cc1)*)C)c1c(cccc1)C(=O)O)C(C)C,228.0
*Oc1ccc(cc1)OCCOC(=O)Nc1ccc(cc1)Cc1ccc(cc1)NC(=O)OCC*,98.0
*c1c(nc2c(n1)cc(cc2)Oc1ccc(cc1)NC(=O)c1cc(cc(c1)N1C(=O)c2c(C1=O)cccc2)C(=O)Nc1ccc(cc1)Oc1cc2c(nc(c(n2)c2ccc(cc2)Oc2ccc(cc2)*)c2ccccc2)cc1)c1ccccc1,260.0
*c1c(nc2c(n1)cc(cc2)Oc1ccc(cc1)NC(=O)c1cc(cc(c1)N1C(=O)c2c(C1=O)cccc2)C(=O)Nc1ccc(cc1)Oc1cc2c(nc(c(n2)c2ccc(cc2)Oc2ccc(cc2)*)c2ccc(cc2)[N+](=O)[O-])cc1)c1ccc(cc1)[N+](=O)[O-],305.0
*c1c(nc2c(n1)cc(cc2)Oc1ccc(cc1)NC(=O)c1cc(cc(c1)N1C(=O)c2c(C1=O)c(c(c(c2Cl)Cl)Cl)Cl)C(=O)Nc1ccc(cc1)Oc1cc2c(nc(c(n2)c2ccc(cc2)Oc2ccc(cc2)*)c2ccccc2)cc1)c1ccccc1,295.0
*Oc1ccc(cc1)C(c1ccc(cc1)OCCOC(=O)c1ccc(cc1)C(=O)OCC*)(C)C,83.0
*OCC(C*)(CO)CC,325.68
*Oc1ccc(cc1)C(=O)OCCOCCOC(=O)c1ccc(cc1)OC(=O)*,51.0
*Oc1ccc(cc1)C(c1ccc(cc1)Oc1ccc(cc1)C(=O)c1cc(ccc1)C(=O)c1ccc(cc1)*)(C)C,153.0
*Oc1ccc(cc1)C(=O)c1cc(ccc1)C(=O)c1ccc(cc1)Oc1cc(ccc1)Cc1cc(ccc1)*,114.0
*Oc1ccc(cc1)C(=O)c1ccc(cc1)C(=O)c1ccc(cc1)Oc1cc(ccc1)Cc1cc(ccc1)*,122.0
*Oc1ccc(cc1)C(=O)c1cc(ccc1)C(=O)c1ccc(cc1)Oc1ccc(cc1)Cc1ccc(cc1)*,145.0
*Oc1ccc(cc1)C(=O)c1ccc(cc1)C(=O)c1ccc(cc1)Oc1ccc(cc1)Cc1ccc(cc1)*,120.0
*Oc1ccc(cc1)C1(c2ccccc2c2ccccc12)c1ccc(cc1)Oc1ccc(cc1)C(=O)c1cc(ccc1)C(=O)c1ccc(cc1)*,223.0
*Oc1ccc(cc1)C1(c2ccccc2c2ccccc12)c1ccc(cc1)Oc1ccc(cc1)C(=O)c1ccc(cc1)C(=O)c1ccc(cc1)*,243.0
*Oc1c(cc(cc1)C1(c2ccccc2c2ccccc12)c1cc(c(cc1)Oc1ccc(cc1)C(=O)c1cc(ccc1)C(=O)c1ccc(cc1)*)C)C,217.0
*Oc1c(cc(cc1C)C1(c2ccccc2c2ccccc12)c1cc(c(c(c1)C)Oc1ccc(cc1)C(=O)c1cc(ccc1)C(=O)c1ccc(cc1)*)C)C,229.0
*Oc1ccc(cc1)C(c1ccc(cc1)Oc1ccc(cc1)C(=O)c1ccc(cc1)Oc1ccc(cc1)C(=O)c1ccc(cc1)*)(C)C,162.0
*OC(C*)CSC,-37.0
*OC(C*)CSCC,-57.0
*OC(C*)CSCCC,-61.0
*OC(C*)CSC(C)C,-44.0
*OC(C*)CSCCCC,-65.0
*OC(C*)CSCCCCC,-68.0
*OC(C*)CS(=O)(=O)C,59.4
*OC(C*)CS(=O)(=O)CC,57.0
*OC(C*)CS(=O)(=O)CCC,43.0
*OC(C*)CS(=O)(=O)C(C)C,64.0
*OC(C*)CS(=O)(=O)CCCC,36.5
*OC(C*)CS(=O)(=O)CCCCC,38.5
*OC(=O)CCOCC*,-35.55
*Oc1ccc(cc1)C(=O)c1ccc(cc1)Oc1ccc(cc1)C(=O)c1ccc(cc1)Oc1cc(ccc1)Cc1cc(ccc1)*,123.0
*Oc1ccc(cc1)C(=O)c1ccc(cc1)Oc1ccc(cc1)C(=O)c1ccc(cc1)Oc1ccc(cc1)Cc1ccc(cc1)*,128.0
*Oc1ccc(cc1)C1(c2ccccc2c2ccccc12)c1ccc(cc1)Oc1ccc(cc1)C(=O)c1ccc(cc1)Oc1ccc(cc1)C(=O)c1ccc(cc1)*,231.0
*Oc1ccc(cc1)C1(c2ccccc2c2ccccc12)c1ccc(cc1)Oc1ccc(cc1)C(=O)c1ccc(cc1)*,252.0
*c1nc2c(nc1c1ccccc1)cc(cc2)c1cc2c(nc(c(n2)c2ccccc2)c2ccc(cc2)OCCCCOc2ccc(cc2)*)cc1,219.0
*c1nc2c(nc1c1ccccc1)cc(cc2)c1cc2c(nc(c(n2)c2ccccc2)c2ccc(cc2)Oc2ccc(cc2)Oc2ccc(cc2)Oc2ccc(cc2)*)cc1,263.0
*c1nc2c(c(c1c1ccccc1)c1ccccc1)cc(cc2)Oc1cc2c(nc(cc2c2ccccc2)c2ccc(cc2)Oc2ccc(cc2)*)cc1,305.0
*c1c(nc2c(c1c1ccccc1)cc(cc2)Oc1cc2c(nc(c(c2c2ccccc2)c2ccc(cc2)Oc2ccc(cc2)*)c2ccccc2)cc1)c1ccccc1,252.5
*c1c(nc2c(c1c1ccccc1)cc(cc2)Oc1cc2c(nc(c(c2c2ccccc2)c2ccc(cc2)*)c2ccccc2)cc1)c1ccccc1,311.0
*c1c(nc2c(c1c1ccccc1)cc(cc2)Oc1cc2c(nc(c(c2c2ccccc2)c2ccc(cc2)c2ccc(cc2)*)c2ccccc2)cc1)c1ccccc1,330.0
*c1c(nc2c(c1c1ccccc1)cc(cc2)c1cc2c(nc(c(c2c2ccccc2)c2ccc(cc2)Oc2ccc(cc2)*)c2ccccc2)cc1)c1ccccc1,307.5
*c1nc2c(c(c1)c1ccccc1)cc(cc2)Oc1cc2c(nc(cc2c2ccccc2)c2ccc(cc2)C2(c3ccccc3c3ccccc23)c2ccc(cc2)*)cc1,310.0
*c1nc2c(c(c1)c1ccccc1)cc(cc2)Oc1cc2c(nc(cc2c2ccccc2)c2ccc(cc2)C2(c3ccccc3C(=O)c3ccccc23)c2ccc(cc2)*)cc1,340.0
*c1nc2c(c(c1)c1ccccc1)cc(cc2)C1(c2ccccc2c2ccccc12)c1cc2c(nc(cc2c2ccccc2)c2ccc(cc2)Oc2ccc(cc2)*)cc1,315.0
*c1nc2c(c(c1)c1ccccc1)cc(cc2)C1(c2ccccc2C(=O)c2ccccc12)c1cc2c(nc(cc2c2ccccc2)c2ccc(cc2)Oc2ccc(cc2)*)cc1,320.0
*c1nc2c(c(c1)c1ccccc1)cc(cc2)c1cc2c(nc(cc2c2ccccc2)c2ccc(cc2)Oc2ccc(cc2)*)cc1,286.67
*c1nc2c(c(c1c1ccccc1)c1ccccc1)cc(cc2)c1cc2c(nc(c(c2c2ccccc2)c2ccccc2)c2ccc(cc2)Oc2ccc(cc2)*)cc1,300.0
*c1nc2c(c(c1)c1ccccc1)cc(cc2)Oc1cc2c(nc(cc2c2ccccc2)c2ccc(cc2)c2ccc(cc2)c2ccc(cc2)*)cc1,282.5
*c1nc2c(c(c1)c1ccccc1)cc(cc2)Oc1cc2c(nc(cc2c2ccccc2)c2ccc(cc2)c2ccc(cc2)c2ccc(cc2)c2ccc(cc2)*)cc1,298.33
*OCC(C*)(CSC)CSC,-6.0
*OCC(C*)(CSCC)CSCC,-32.0
*OCC(C*)(CSC(C)C)CSC(C)C,-9.0
*OCC(C*)(CSCCCCC)CSCCCCC,-33.0
*OCC(C*)(CS(=O)(=O)C)CS(=O)(=O)C,102.0
*OCC(C*)(CS(=O)(=O)CC)CS(=O)(=O)CC,84.0
*OCC(C*)(CS(=O)(=O)C(C)C)CS(=O)(=O)C(C)C,91.0
*OCC(C*)(CS(=O)(=O)CCC)CS(=O)(=O)CCC,71.0
*OCC(C*)(CS(=O)(=O)CCCC)CS(=O)(=O)CCCC,66.0
*OCC(C*)(CS(=O)(=O)CCCCC)CS(=O)(=O)CCCCC,56.0
*C1OC(OC1COC(=O)OC*)(C)C,51.38
*C1OC(OC1COC(=O)OC*)OCC,51.38
*C1OC(OC1COC(=O)OC*)(OCC)OCC,10.8
*C1(OC(CO1)c1ccccc1)C*,75.0
*OC(CC(=O)OCC*)C,-37.1
*Oc1ccc(cc1)c1ccc(cc1)CC(c1ccc(cc1)OCCCCCCCCCCCC*)C,40.0
*Oc1cc(ccc1)C(=O)c1ccc(cc1)Oc1ccc(cc1)C(=O)c1ccc(cc1)*,146.0
*c1nc(ccc1)Oc1ccc(cc1)Oc1ccc(cc1)C(=O)c1ccc(cc1)Oc1ccc(cc1)O*,124.0
*c1nc(ccc1)Oc1ccc(cc1)Oc1ccc(cc1)C(=Nc1ccccc1)c1ccc(cc1)Oc1ccc(cc1)O*,135.0
*c1nc(ccc1)Oc1ccc(cc1)Oc1ccc(cc1)S(=O)c1ccc(cc1)Oc1ccc(cc1)O*,138.0
*c1nc(ccc1)Oc1ccc(cc1)Oc1ccc(cc1)S(=O)(=O)c1ccc(cc1)Oc1ccc(cc1)O*,158.0
*c1nc(ccc1)Oc1ccc(cc1)Oc1ccc(cc1)P(=O)(c1ccc(cc1)Oc1ccc(cc1)O*)c1ccccc1,164.0
*Oc1cc(c(cc1)S(=O)(=O)c1c(cc(cc1)Oc1ccc(cc1)C(c1ccc(cc1)*)(C)C)N)N,210.5
*Oc1cc(c(cc1)S(=O)(=O)c1c(cc(cc1)Oc1ccc(cc1)c1ccc(cc1)*)N)N,242.2
*Oc1cc(c(cc1)S(=O)(=O)c1ccc(cc1)Oc1ccc(cc1)C(c1ccc(cc1)*)(C)C)N,202.0
*Oc1ccc(cc1)S(=O)(=O)c1ccc(cc1)Oc1c(cc(cc1)C(c1cc(c(cc1)*)N)(C)C)N,230.4
*Oc1cc(c(cc1)S(=O)(=O)c1ccc(cc1)Oc1c(cc(cc1)C(c1cc(c(cc1)*)N)(C)C)N)N,237.1
*Oc1ccc(cc1)P(=O)(c1ccc(cc1)Oc1ccc(cc1)C(c1ccc(cc1)*)(C)C)C,192.0
*C1(c2c(C(=O)O1)cccc2)c1ccc(cc1)Oc1ccc(cc1)P(=O)(c1ccc(cc1)Oc1ccc(cc1)*)C,263.0
*Oc1ccc(cc1)P(=O)(c1ccc(cc1)Oc1ccc(cc1)C(c1ccc(cc1)*)(c1ccccc1)C(F)(F)F)C,229.0
*Oc1ccc(cc1)P(=O)(c1ccc(cc1)Oc1ccc(cc1)C(c1ccc(cc1)*)(C(F)(F)F)C(F)(F)F)C,208.0
*Oc1ccc(cc1)Oc1ccc(cc1)P(=O)(c1ccc(cc1)*)C,213.0
*Oc1ccc(cc1)S(=O)(=O)c1ccc(cc1)Oc1ccc(cc1)P(=O)(c1ccc(cc1)*)C,233.0
*Oc1ccc(cc1)S(=O)(=O)c1ccc(cc1)Oc1ccc(cc1)P(=O)(c1ccc(cc1)*)c1ccccc1,231.0
*Oc1cc(c(cc1)N=Cc1ccc(cc1)C=Nc1c(cc(cc1)OCCCCCCCCCC*)C)C,77.6
*Oc1ccc(cc1)C=NN=Cc1ccc(cc1)Oc1ccc(cc1)C(c1ccc(cc1)*)(C)C,163.0
*Oc1ccc(cc1)C=NN=Cc1ccc(cc1)Oc1ccc(cc1)C(c1ccc(cc1)*)(C(F)(F)F)C(F)(F)F,162.0
*Oc1ccc(cc1)C1(c2ccccc2c2ccccc12)c1ccc(cc1)Oc1ccc(cc1)C=NN=Cc1ccc(cc1)*,227.0
*Oc1ccc(cc1)C=NN=Cc1ccc(cc1)Oc1ccc(cc1)C(=O)c1ccc(cc1)*,179.0
*Oc1ccc(cc1)S(=O)c1ccc(cc1)Oc1ccc(cc1)C=NN=Cc1ccc(cc1)*,151.0
*Oc1ccc(cc1)P(=O)(c1ccc(cc1)Oc1ccc(cc1)C(c1ccc(cc1)*)(C)C)c1ccccc1,182.0
*c1oc2c(n1)ccc(c2)c1ccc2c(oc(n2)c2ccc(cc2)C(c2ccc(cc2)*)(C(F)(F)F)C(F)(F)F)c1,345.0
*c1oc2c(n1)ccc(c2)c1ccc2c(oc(n2)c2ccc(cc2)C(c2ccc(cc2)*)(c2ccccc2)C(F)(F)F)c1,350.0
*c1n(c(nn1)c1ccc(cc1)Oc1ccc(cc1)C(c1ccc(cc1)Oc1ccc(cc1)*)(C)C)c1ccccc1,207.0
*c1n(c(nn1)c1ccc(cc1)Oc1ccc(cc1)C(c1ccc(cc1)Oc1ccc(cc1)*)(C(F)(F)F)C(F)(F)F)c1ccccc1,203.0
*c1n(c(nn1)c1ccc(cc1)Oc1ccc(cc1)C(c1ccc(cc1)Oc1ccc(cc1)*)(C)C)c1cc(ccc1)C(F)(F)F,190.0
*c1n(c(nn1)c1ccc(cc1)Oc1ccc(cc1)C(c1ccc(cc1)Oc1ccc(cc1)*)(C(F)(F)F)C(F)(F)F)c1cc(ccc1)C(F)(F)F,185.0
*c1n(c(nn1)c1ccc(cc1)Oc1ccc(cc1)C(c1ccc(cc1)Oc1ccc(cc1)*)(C)C)c1ccc(cc1)C,205.0
*c1n(c(nn1)c1ccc(cc1)Oc1ccc(cc1)C(c1ccc(cc1)Oc1ccc(cc1)*)(C)C)c1ccc(cc1)S(=O)(=O)C,230.0
*c1n(c(nn1)c1ccc(cc1)Oc1ccc(cc1)C(c1ccc(cc1)Oc1ccc(cc1)*)(C)C)c1ccc(cc1)S(=O)(=O)c1ccccc1,198.0
*Oc1ccc(cc1)C(c1ccc(cc1)Oc1ccc(cc1)C(=O)C(=O)c1ccc(cc1)*)(C)C,157.0
*c1nnc(nc1c1ccc(cc1)Oc1ccc(cc1)C(c1ccc(cc1)Oc1ccc(cc1)*)(C)C)c1ncccc1,220.0
*c1n(c(nn1)c1ccc(cc1)Oc1ccc(cc1)C(c1ccc(cc1)Oc1ccc(cc1)*)(C(F)(F)F)C(F)(F)F)c1ccc(cc1)C,213.0
*c1n(c(nn1)c1ccc(cc1)Oc1ccc(cc1)C(c1ccc(cc1)Oc1ccc(cc1)*)(C(F)(F)F)C(F)(F)F)c1ccc(cc1)S(=O)(=O)C,226.0
*c1n(c(nn1)c1ccc(cc1)Oc1ccc(cc1)C(c1ccc(cc1)Oc1ccc(cc1)*)(C(F)(F)F)C(F)(F)F)c1ccc(cc1)S(=O)(=O)c1ccccc1,211.0
*Oc1ccc(cc1)C(c1ccc(cc1)Oc1ccc(cc1)C(=O)C(=O)c1ccc(cc1)*)(C(F)(F)F)C(F)(F)F,157.0
*c1nnc(nc1c1ccc(cc1)Oc1ccc(cc1)C(c1ccc(cc1)Oc1ccc(cc1)*)(C(F)(F)F)C(F)(F)F)c1ncccc1,224.0
*c1nnc(nc1c1ccc(cc1)Oc1ccc(cc1)C(c1ccc(cc1)Oc1ccc(cc1)*)(c1ccccc1)C)c1ncccc1,232.0
*Oc1ccc(cc1)C(c1ccc(cc1)Oc1ccc(cc1)C(=O)C(=O)c1ccc(cc1)*)(c1ccccc1)C,177.0
*Oc1ccc(cc1)C1(c2ccccc2c2ccccc12)c1ccc(cc1)Oc1ccc(cc1)C(=O)C(=O)c1ccc(cc1)*,242.0
*c1nnc(nc1c1ccc(cc1)Oc1ccc(cc1)C1(c2ccccc2c2ccccc12)c1ccc(cc1)Oc1ccc(cc1)*)c1ncccc1,277.0
*c1nnc(nc1c1ccc(cc1)Oc1ccc(cc1)c1ccc(cc1)Oc1ccc(cc1)*)c1ncccc1,230.0
*c1nnc(nc1c1ccc(cc1)Oc1ccc(cc1)C(=O)c1ccc(cc1)Oc1ccc(cc1)*)c1ncccc1,223.0
*c1nnc(nc1c1ccc(cc1)Oc1ccc(cc1)S(=O)(=O)c1ccc(cc1)Oc1ccc(cc1)*)c1ncccc1,265.0
*c1nnc(nc1c1ccc(cc1)Oc1ccc(cc1)C(=O)c1cc(ccc1)C(=O)c1ccc(cc1)Oc1ccc(cc1)*)c1ncccc1,202.0
*Oc1cc(ccc1)OCC(COc1ccc(cc1)C(c1ccc(cc1)OCC(C*)O)(C)C)O,83.0
*Oc1cc(ccc1)OCC(COc1ccc(cc1)S(=O)(=O)c1ccc(cc1)OCC(C*)O)O,105.0
*Oc1cc(ccc1)OCC(C*)O,65.0
*Oc1ccc(cc1)C1(c2ccccc2c2ccccc12)c1ccc(cc1)OCC(COc1ccc(cc1)C(c1ccc(cc1)OCC(C*)O)(C)C)O,161.0
*Oc1ccc(cc1)C(c1ccc(cc1)OCC(COC(=O)c1cc(ccc1)C(=O)OCC(C*)O)O)(C)C,97.0
*Oc1ccc(cc1)C(c1ccc(cc1)OCC(CN(CC(C*)O)CCO)O)(C)C,79.0
*N1CCN(CC1)CC(COc1ccc(cc1)C(c1ccc(cc1)OCC(C*)O)(C)C)O,100.0
*c1sc(cc1)Oc1ccc(cc1)C(c1ccc(cc1)Oc1sc(cc1)C(=O)*)(C)C,124.0
*c1sc(cc1)Oc1ccc(cc1)C(c1ccc(cc1)Oc1sc(cc1)C(=O)c1ccc(cc1)C(=O)*)(C)C,154.0
*c1sc(cc1)Oc1ccc(cc1)C(c1ccc(cc1)Oc1ccc(cc1)C(=O)*)(C)C,151.0
*c1sc(cc1)Oc1ccc(cc1)C1(c2ccccc2c2ccccc12)c1ccc(cc1)Oc1ccc(cc1)C(=O)*,195.0
*Oc1ccc(cc1)S(=O)(=O)c1ccc(cc1)Oc1c(cc(cc1)C(c1ccc(cc1)*)(C)C)[N+](=O)[O-],190.0
*Oc1c(cc(cc1)S(=O)(=O)c1cc(c(cc1)Oc1ccc(cc1)C(c1ccc(cc1)*)(C)C)[N+](=O)[O-])[N+](=O)[O-],206.0
*Oc1ccc(cc1)S(=O)(=O)c1ccc(cc1)Oc1c(cc(cc1)C1(CCCCC1)c1cc(c(cc1)*)C)C,197.0
*Oc1ccc(cc1)S(=O)(=O)c1ccc(cc1)Oc1c(cc(cc1C)Cc1cc(c(c(c1)C)*)C)C,232.0
*Oc1ccc(cc1)S(=O)(=O)c1ccc(cc1)Oc1c(cc(cc1C)C(c1cc(c(c(c1)C)*)C)(C(F)(F)F)C(F)(F)F)C,241.88
*Oc1ccc(cc1)C(=C(Cl)Cl)c1ccc(cc1)OC*,108.0
*c1cc2Oc3c(C(c2cc1)(C)C)ccc(c3)OC(=O)c1cc2c(C(CC2(c2ccc(cc2)C(=O)O*)C)(C)C)cc1,297.0
*Oc1ccc(cc1)S(=O)(=O)c1ccc(cc1)Oc1ccc(cc1)C(=C)c1ccc(cc1)*,167.0
*Oc1ccc(cc1)S(=O)(=O)c1ccc(cc1)Oc1ccc(cc1)C=Cc1ccc(cc1)*,214.0
*Oc1ccc(cc1)NC(=C(C#N)C#N)c1ccc(cc1)c1ccc(cc1)C(=C(C#N)C#N)Nc1ccc(cc1)*,220.0
*Oc1ccc(cc1)NC(=C(C#N)C#N)c1ccc(cc1)c1ccc(cc1)c1ccc(cc1)C(=C(C#N)C#N)Nc1ccc(cc1)*,240.0
*Oc1ccc(cc1)C(c1ccc(cc1)Oc1ccc(cc1)C(=O)c1ccc(cc1)C(c1ccc(cc1)C(=O)c1ccc(cc1)*)(C)C)(C)C,171.0
*Oc1ccc(cc1)C(c1ccc(cc1)Oc1ccc(cc1)C(=O)c1ccc(cc1)C(c1ccc(cc1)C(=O)c1ccc(cc1)*)(C)C)(C(F)(F)F)C(F)(F)F,179.0
*Oc1ccc(cc1)C(c1ccc(cc1)Oc1ccc(cc1)C(=O)c1ccc(cc1)C(c1ccc(cc1)C(=O)c1ccc(cc1)*)(C(F)(F)F)C(F)(F)F)(C)C,181.0
*Oc1ccc(cc1)C(c1ccc(cc1)Oc1ccc(cc1)C(=O)c1ccc(cc1)C(c1ccc(cc1)C(=O)c1ccc(cc1)*)(C(F)(F)F)C(F)(F)F)(C(F)(F)F)C(F)(F)F,185.0
*c1c([nH]c(n1)c1ccc(cc1)c1[nH]c(c(n1)c1ccc(cc1)Oc1ccc(cc1)S(=O)(=O)c1ccc(cc1)Oc1ccc(cc1)*)c1ccccc1)c1ccccc1,301.0
*c1c([nH]c(n1)c1ccc(cc1)c1[nH]c(c(n1)c1ccc(cc1)Oc1ccc(cc1)C(=O)c1cc2c(cc1)cc(cc2)C(=O)c1ccc(cc1)Oc1ccc(cc1)*)c1ccccc1)c1ccccc1,281.0
*c1c([nH]c(n1)c1ccc(cc1)c1[nH]c(c(n1)c1ccc(cc1)Oc1ccc(cc1)C(=O)c1ccc(cc1)C(=O)c1ccc(cc1)Oc1ccc(cc1)*)c1ccccc1)c1ccccc1,270.0
*c1c([nH]c(n1)c1ccc(cc1)c1[nH]c(c(n1)c1ccc(cc1)Oc1ccc(cc1)C(=O)c1ccc(cc1)Oc1ccc(cc1)*)c1ccccc1)c1ccccc1,279.0
*c1c([nH]c(n1)c1ccc(cc1)c1[nH]c(c(n1)c1ccc(cc1)Oc1ccc(cc1)C(=O)c1ccc(cc1)c1ccc(cc1)C(=O)c1ccc(cc1)Oc1ccc(cc1)*)c1ccccc1)c1ccccc1,273.0
*c1c([nH]c(n1)c1ccc(cc1)c1[nH]c(c(n1)c1ccc(cc1)Oc1ccc(cc1)C(=O)c1cc(ccc1)C(=O)c1ccc(cc1)Oc1ccc(cc1)*)c1ccccc1)c1ccccc1,264.5
*c1c([nH]c(n1)c1ccc(cc1)c1[nH]c(c(n1)c1ccc(cc1)Oc1ccc(cc1)C(=O)c1ccc(cc1)Oc1ccc(cc1)C(=O)c1ccc(cc1)Oc1ccc(cc1)*)c1ccccc1)c1ccccc1,245.0
*c1c([nH]c(n1)c1cc(ccc1)c1[nH]c(c(n1)c1ccc(cc1)Oc1ccc(cc1)S(=O)(=O)c1ccc(cc1)Oc1ccc(cc1)*)c1ccccc1)c1ccccc1,292.0
*c1c([nH]c(n1)c1cc(ccc1)c1[nH]c(c(n1)c1ccc(cc1)Oc1ccc(cc1)C(=O)c1ccc(cc1)Oc1ccc(cc1)*)c1ccccc1)c1ccccc1,279.0
*c1c([nH]c(n1)c1cc(ccc1)c1[nH]c(c(n1)c1ccc(cc1)Oc1ccc(cc1)C(=O)c1ccc(cc1)c1ccc(cc1)C(=O)c1ccc(cc1)Oc1ccc(cc1)*)c1ccccc1)c1ccccc1,276.0
*c1c([nH]c(n1)c1cc(ccc1)c1[nH]c(c(n1)c1ccc(cc1)Oc1ccc(cc1)C(=O)c1ccc(cc1)C(=O)c1ccc(cc1)Oc1ccc(cc1)*)c1ccccc1)c1ccccc1,270.0
*c1c([nH]c(n1)c1cc(ccc1)c1[nH]c(c(n1)c1ccc(cc1)Oc1ccc(cc1)C(=O)c1cc(ccc1)C(=O)c1ccc(cc1)Oc1ccc(cc1)*)c1ccccc1)c1ccccc1,264.5
*c1cc2c(oc(n2)c2nc(ccc2)c2oc3c(n2)cc(cc3)C(*)(C(F)(F)F)C(F)(F)F)cc1,329.0
*c1cc2c(oc(n2)c2ncc(cc2)c2oc3c(n2)cc(cc3)C(*)(C(F)(F)F)C(F)(F)F)cc1,352.0
*c1cc2c(oc(n2)c2c(cc(c(c2)OCCCCCCCCCC)c2oc3c(n2)cc(cc3)C(*)(C(F)(F)F)C(F)(F)F)OCCCCCCCCCC)cc1,94.0
*c1nc(ccc1)Oc1cc(ccc1)O*,82.0
*c1nc(ccc1)Oc1c(cc(cc1)O*)c1ccccc1,115.0
*c1nc(ccc1)Oc1ccc(cc1)C(c1ccc(cc1)O*)(C)C,107.0
*c1cocc1C[Ge](C*)(C)C,-28.0
*OC(=O)OCC(=C)COCC(=C)C*,70.5
*Oc1c(cc(cc1)OC(=O)c1ccc(cc1)OCCCCCCOc1ccc(cc1)C(=O)*)N=Nc1ccc(cc1)C#N,98.0
*OC(C*)CN1C(=O)C2C(C1=O)C1C=CC2C1,87.5
*OC(C*)COC(=O)CCCCCN1C(=O)C2C(C1=O)C1C=CC2C1,1.0
*OC(C*)COC(=O)CCCCCCCCCCN1C(=O)C2C(C1=O)C1C=CC2C1,-31.0
*OC(C*)COC(=O)c1ccc(cc1)N1C(=O)C2C(C1=O)C1C=CC2C1,62.5
*c1c([nH]c(n1)c1cc(ccc1)c1[nH]c(c(n1)c1ccc(cc1)Oc1ccc(cc1)C(=O)c1cc(ccc1)c1cc(ccc1)C(=O)c1ccc(cc1)Oc1ccc(cc1)*)c1ccccc1)c1ccccc1,250.0
*c1[nH]c(nc1c1ccc(cc1)Oc1ccc(cc1)P(=O)(c1ccc(cc1)Oc1ccc(cc1)*)c1ccccc1)c1ccccc1,318.0
*c1[nH]c(nc1c1ccc(cc1)Oc1ccc(cc1)S(=O)(=O)c1ccc(cc1)Oc1ccc(cc1)*)c1ccccc1,277.0
*c1[nH]c(nc1c1ccc(cc1)Oc1ccc(cc1)C(=O)c1ccc(cc1)Oc1ccc(cc1)*)c1ccccc1,259.0
*c1[nH]c(nc1c1ccc(cc1)Oc1ccc(cc1)C(=O)c1ccc(cc1)C(=O)c1ccc(cc1)Oc1ccc(cc1)*)c1ccccc1,248.0
*c1[nH]c(nc1c1ccc(cc1)Oc1ccc(cc1)C(=O)c1cc(ccc1)C(=O)c1ccc(cc1)Oc1ccc(cc1)*)c1ccccc1,230.0
*c1[nH]c(nc1c1ccc(cc1)Oc1ccc(cc1)C(=O)c1ccc(cc1)c1ccc(cc1)C(=O)c1ccc(cc1)Oc1ccc(cc1)*)c1ccccc1,258.0
*c1[nH]c(nc1c1ccc(cc1)Oc1ccc(cc1)C(=O)c1ccc(cc1)C(=O)c1ccc(cc1)C(=O)c1ccc(cc1)Oc1ccc(cc1)*)c1ccccc1,239.0
*c1[nH]c(nc1c1ccc(cc1)Oc1ccc(cc1)C(=O)c1ccc(cc1)Cc1ccc(cc1)C(=O)c1ccc(cc1)Oc1ccc(cc1)*)c1ccccc1,231.0
*c1[nH]c(nc1c1ccc(cc1)Oc1ccc(cc1)C(=O)c1ccc(cc1)Oc1ccc(cc1)C(=O)c1ccc(cc1)Oc1ccc(cc1)*)c1ccccc1,239.0
*c1[nH]c(nc1c1ccc(cc1)Oc1ccc(cc1)C(=O)c1cc2c(cc1)cc(cc2)C(=O)c1ccc(cc1)Oc1ccc(cc1)*)c1ccccc1,239.0
*c1nc(ccc1)Oc1ccc(cc1)O*,100.0
*c1nc(ccc1)Oc1ccc(cc1)c1ccc(cc1)O*,119.0
*c1nc(ccc1)Oc1c(cc(cc1)O*)C,89.0
*OC(C*)COc1ccc(cc1)c1ccc(cc1)C#N,94.15
*OC(C*)COc1ccc(cc1)c1ccc(cc1)OC,111.0
*OCC(C*)(COCC(F)(F)F)C,-41.0
*OCC(C*)(COCC(C(C(F)(F)F)(F)F)(F)F)C,-45.0
*OCC(C*)(COCC(C(C(C(C(C(C(F)(F)F)(F)F)(F)F)(F)F)(F)F)(F)F)(F)F)C,-49.0
*C1OC(C(C(C1OC(=O)C)OC(=O)C)O*)COC(=O)C,165.74
*OP(=O)(Oc1c(cc(cc1Br)C(c1cc(c(c(c1)Br)*)Br)(C(F)(F)F)C(F)(F)F)Br)Oc1ccccc1,140.0
*OP(=O)(Oc1c(cc(cc1Br)C(c1cc(c(c(c1)Br)*)Br)(C(F)(F)F)C(F)(F)F)Br)Oc1ccc(cc1)C,146.0
*OP(=O)(Oc1c(cc(cc1Br)C(c1cc(c(c(c1)Br)*)Br)(C(F)(F)F)C(F)(F)F)Br)Oc1ccc(cc1)[N+](=O)[O-],154.0
*OP(=O)(Oc1c(cc(cc1Br)C(c1cc(c(c(c1)Br)*)Br)(C(F)(F)F)C(F)(F)F)Br)Oc1ccc(cc1)Br,152.0
*OP(=O)(Oc1c(cc(cc1Br)C(c1cc(c(c(c1)Br)*)Br)(C(F)(F)F)C(F)(F)F)Br)Oc1ccc(cc1)OC,151.0
*Oc1ccc(cc1)P(=O)(c1ccc(cc1)*)C,238.0
*Oc1ccc(cc1)P(=O)(c1ccc(cc1)Oc1ccc(cc1)P(=O)(c1ccc(cc1)*)c1ccccc1)C,238.0
*Oc1ccc(cc1)P(=O)(c1ccc(cc1)*)c1ccccc1,240.0
*Oc1ccc(cc1)N[Se]Nc1ccc(cc1)*,55.0
*Oc1ccc(cc1)S(=O)(=O)c1ccc(cc1)Oc1ccc(cc1)C12CC3(CC(CC(C1)C3)C2)c1ccc(cc1)*,242.0
*Oc1ccc(cc1)S(=O)(=O)c1ccc(cc1)Oc1ccc(cc1)C1(C2CC3CC(CC1C3)C2)c1ccc(cc1)*,297.0
*Oc1ccc(cc1)S(=O)(=O)c1ccc(cc1)Oc1ccc(cc1)C=NN=Cc1ccc(cc1)*,151.0
*Oc1ccc(cc1)c1ccc(cc1)Oc1ccc(cc1)C(=Nc1ccc(cc1)N=C(c1ccc(cc1)*)c1ccccc1)c1ccccc1,195.0
*Oc1ccc(cc1)Oc1ccc(cc1)C(=Nc1ccc(cc1)N=C(c1ccc(cc1)*)c1ccccc1)c1ccccc1,176.0
*Oc1ccc(cc1)C(=Nc1ccc(cc1)N=C(c1ccc(cc1)Oc1ccc(cc1)C(c1ccc(cc1)*)(C)C)c1ccccc1)c1ccccc1,161.0
*Oc1cc2c(cc1)ccc(c2)Oc1ccc(cc1)C(=Nc1ccc(cc1)N=C(c1ccc(cc1)*)c1ccccc1)c1ccccc1,171.0
*Oc1ccc(cc1)C(=Nc1ccc(cc1)N=C(c1ccc(cc1)Oc1ccc(cc1)C(c1ccc(cc1)*)(c1ccccc1)c1ccccc1)c1ccccc1)c1ccccc1,198.0
*Oc1ccc(cc1)N=C(c1ccc(cc1)Oc1ccc(cc1)c1ccc(cc1)Oc1ccc(cc1)C(=Nc1ccc(cc1)*)c1ccccc1)c1ccccc1,174.0
*Oc1ccc(cc1)Oc1ccc(cc1)C(=Nc1ccc(cc1)Oc1ccc(cc1)N=C(c1ccc(cc1)*)c1ccccc1)c1ccccc1,162.0
*Oc1ccc(cc1)N=C(c1ccc(cc1)Oc1ccc(cc1)C(c1ccc(cc1)Oc1ccc(cc1)C(=Nc1ccc(cc1)*)c1ccccc1)(C)C)c1ccccc1,155.0
*Oc1cc2c(cc1)ccc(c2)Oc1ccc(cc1)C(=Nc1ccc(cc1)Oc1ccc(cc1)N=C(c1ccc(cc1)*)c1ccccc1)c1ccccc1,165.0
*Oc1ccc(cc1)N=C(c1ccc(cc1)Oc1ccc(cc1)C(c1ccc(cc1)Oc1ccc(cc1)C(=Nc1ccc(cc1)*)c1ccccc1)(c1ccccc1)c1ccccc1)c1ccccc1,177.0
*Oc1ccc(cc1)C(=Nc1ccc(cc1)N=C(c1ccc(cc1)Oc1ccc(cc1)C(c1ccc(cc1)*)(C)C)C)C,161.0
*Oc1ccc(cc1)C(=Nc1ccc(cc1)N=C(c1ccc(cc1)Oc1ccc(cc1)C(c1ccc(cc1)*)(c1ccccc1)c1ccccc1)C)C,178.0
*Oc1ccc(cc1)N=C(c1ccc(cc1)Oc1ccc(cc1)C(c1ccc(cc1)Oc1ccc(cc1)C(=Nc1ccc(cc1)*)C)(C)C)C,141.0
*Oc1ccc(cc1)N=C(c1ccc(cc1)Oc1ccc(cc1)C(c1ccc(cc1)Oc1ccc(cc1)C(=Nc1ccc(cc1)*)C)(c1ccccc1)c1ccccc1)C,150.0
*Oc1ccc(cc1)C=Nc1ccc(cc1)N=Cc1ccc(cc1)Oc1ccc(cc1)C(c1ccc(cc1)*)(c1ccccc1)c1ccccc1,230.0
*Oc1ccc(cc1)N=Cc1ccc(cc1)Oc1ccc(cc1)C(c1ccc(cc1)Oc1ccc(cc1)C=Nc1ccc(cc1)*)(c1ccccc1)c1ccccc1,211.0
*OC(=O)CCSCCC(=O)OCCOCC*,-40.0
*OC(=O)CCSCCC(=O)OCCOCCOCC*,-44.0
*OC(=O)CCSCCC(=O)OCCOCCOCCOCC*,-44.0
*OC(=O)CCSCCC(=O)OCCOCCOCCOCCOCC*,-47.0
*Oc1ccc(cc1)Oc1ccc(cc1)OCCCCCCOC(=O)OCCOC(=O)OCCCCCC*,-4.0
*Oc1ccc(cc1)Oc1ccc(cc1)OCCCCCCOC(=O)OCCCOC(=O)OCCCCCC*,-6.0
*Oc1ccc(cc1)Oc1ccc(cc1)OCCCCCCOC(=O)OCCCCOC(=O)OCCCCCC*,-8.0
*Oc1ccc(cc1)Oc1ccc(cc1)OCCCCCCOC(=O)OCCCCCOC(=O)OCCCCCC*,-11.0
*Oc1ccc(cc1)Oc1ccc(cc1)OCCCCCCOC(=O)OCCCCCCOC(=O)OCCCCCC*,-13.0
*Oc1ccc(cc1)Oc1ccc(cc1)OCCCCCCOC(=O)OCCCCCCCCOC(=O)OCCCCCC*,-17.0
*Oc1ccc(cc1)Oc1ccc(cc1)OCCCCCCOC(=O)OCCCCCCCCCOC(=O)OCCCCCC*,-20.0
*Oc1ccc(cc1)Oc1ccc(cc1)OCCCCCCOC(=O)OCCCCCCCCCCOC(=O)OCCCCCC*,-22.0
*Oc1ccc(cc1)Oc1ccc(cc1)OCCCCCCOC(=O)OCCCCCCCCCCCCOC(=O)OCCCCCC*,-22.0
*Oc1ccc(cc1)C(=O)c1ccc(cc1)OCCCCCCOC(=O)OCCOC(=O)OCCCCCC*,15.0
*Oc1ccc(cc1)C(=O)c1ccc(cc1)OCCCCCCOC(=O)OCCCOC(=O)OCCCCCC*,16.0
*Oc1ccc(cc1)C(=O)c1ccc(cc1)OCCCCCCOC(=O)OCCCCOC(=O)OCCCCCC*,2.1
*Oc1ccc(cc1)C(=O)c1ccc(cc1)OCCCCCCOC(=O)OCCCCCOC(=O)OCCCCCC*,-0.2
*Oc1ccc(cc1)C(=O)c1ccc(cc1)OCCCCCCOC(=O)OCCCCCCOC(=O)OCCCCCC*,-0.3
*Oc1ccc(cc1)C(=O)c1ccc(cc1)OCCCCCCOC(=O)OCCCCCCCCOC(=O)OCCCCCC*,-7.7
*Oc1ccc(cc1)C(=O)c1ccc(cc1)OCCCCCCOC(=O)OCCCCCCCCCOC(=O)OCCCCCC*,-6.0
*Oc1ccc(cc1)C(=O)c1ccc(cc1)OCCCCCCOC(=O)OCCCCCCCCCCOC(=O)OCCCCCC*,-13.0
*Oc1ccc(cc1)C(=O)c1ccc(cc1)OCCCCCCOC(=O)OCCCCCCCCCCCCOC(=O)OCCCCCC*,-8.0
*Oc1c(cccc1)S(=O)(=O)c1ccc(cc1)*,221.0
*Oc1c2c(c(cc1)S(=O)(=O)c1ccc(cc1)*)cccc2,238.0
*Oc1ccc(cc1)S(=O)(=O)c1ccc(cc1)c1ccc(cc1)*,265.5
*Oc1ccc(cc1)OC(=O)c1ccc(cc1)C(=O)Oc1ccc(cc1)OCCCCC*,112.0
*Oc1ccc(cc1)OC(=O)c1ccc(cc1)C(=O)Oc1ccc(cc1)OCCCCCC*,53.0
*Oc1ccc(cc1)S(=O)(=O)c1c2c(ccc1)c(ccc2)S(=O)(=O)c1ccc(cc1)Oc1ccc(cc1)c1ccc(cc1)*,248.0
*Oc1ccc(cc1)S(=O)(=O)c1c2c(ccc1)c(ccc2)S(=O)(=O)c1ccc(cc1)Oc1c(cc(cc1C)c1cc(c(c(c1)C)*)C)C,262.0
*Oc1ccc(cc1)S(=O)(=O)c1cc2c(cc1)cc(cc2)S(=O)(=O)c1ccc(cc1)Oc1ccc(cc1)c1ccc(cc1)*,255.0
*Oc1ccc(cc1)S(=O)(=O)c1cc2c(cc1)cc(cc2)S(=O)(=O)c1ccc(cc1)Oc1c(cc(cc1C)c1cc(c(c(c1)C)*)C)C,280.0
*Oc1ccc(cc1)S(=O)(=O)c1cc2c(cc1)cc(cc2)S(=O)(=O)c1ccc(cc1)Oc1c(cc(c(c1C)C)c1c(c(c(c(c1)C)*)C)C)C,300.0
*c1cc2c(C(=O)OC2=Nc2cc(ccc2)Oc2cc(ccc2)Oc2cc(ccc2)N=C2OC(=O)c3c2cc(cc3)C(=O)*)cc1,190.0
*c1cc2c(C(=O)OC2=Nc2cc(ccc2)Oc2ccc(cc2)N=C2OC(=O)c3c2cc(cc3)C(=O)*)cc1,253.0
*c1cc2c(C(=O)OC2=Nc2ccc(cc2)Oc2ccc(cc2)C(c2ccc(cc2)Oc2ccc(cc2)N=C2OC(=O)c3c2cc(cc3)C(=O)*)(C(F)(F)F)C(F)(F)F)cc1,248.0
*c1nc(cnc1)Oc1ccc(cc1)C(c1ccc(cc1)O*)(C)C,94.0
*Oc1ccc(cc1)C(c1ccc(cc1)OCC(CN(CC(C*)O)c1ccc(cc1)C#N)O)(C)C,100.0
*Oc1ccc(cc1)c1ccc(cc1)Oc1ccc(cc1)C(=O)c1cc2c(cc1)cc(cc2)C(=O)c1ccc(cc1)*,195.0
*Oc1c(cc(cc1C)c1cc(c(c(c1)C)Oc1ccc(cc1)C(=O)c1cc2c(cc1)cc(cc2)C(=O)c1ccc(cc1)*)C)C,270.0
*c1nc2c(cc1)cc(cc2)C(=O)c1ccc(cc1)Oc1ccc(cc1)c1ccc(cc1)Oc1ccc(cc1)C(=O)*,155.0
*c1nc2c(cc1)cc(cc2)C(=O)c1ccc(cc1)Oc1c(cc(cc1C)c1cc(c(c(c1)C)Oc1ccc(cc1)C(=O)*)C)C,180.0
*c1nc2c(cc1)cc(cc2)C(=O)c1ccc(cc1)Oc1c(cc(c(c1C)C)c1c(c(c(c(c1)C)Oc1ccc(cc1)C(=O)*)C)C)C,250.0
*Oc1ccc(cc1)N=CNc1ccc(cc1)OCCOCC*,62.0
*OC(=O)c1ccc(cc1)N=CNc1ccc(cc1)C(=O)OCCOCC*,77.0
*Oc1ccc(cc1)SC(=O)Sc1ccc(cc1)*,117.0
*Oc1ccc(cc1)SC(=O)Oc1ccc(cc1)C(c1ccc(cc1)OC(=O)Sc1ccc(cc1)*)(C)C,145.0
*Oc1cc(ccc1)Oc1ccc(cc1)S(=O)(=O)c1ccc(cc1)*,170.0
*Oc1c(cccc1)Oc1ccc(cc1)S(=O)(=O)c1ccc(cc1)*,171.0
*Oc1ccc(cc1)S(=O)(=O)c1ccc(cc1)Oc1ccc(cc1)S(=O)(=O)c1ccc(cc1)c1ccc(cc1)S(=O)(=O)c1ccc(cc1)*,234.0
*Oc1ccc(cc1)Oc1ccc(cc1)S(=O)(=O)c1ccc(cc1)c1ccc(cc1)S(=O)(=O)c1ccc(cc1)*,251.0
*Oc1ccc(cc1)NC(=O)c1ccc(cc1)C(=O)Nc1ccc(cc1)Oc1ccc(cc1)C(=O)c1ccc(cc1)*,160.0
*Oc1ccc(cc1)NC(=O)c1cc(ccc1)C(=O)Nc1ccc(cc1)Oc1ccc(cc1)C(=O)c1ccc(cc1)*,145.0
*c1ncc(cc1)C(=O)Nc1ccc(cc1)Oc1ccc(cc1)C(=O)c1ccc(cc1)Oc1ccc(cc1)NC(=O)*,170.0
*Oc1cc(ccc1)NC(=O)c1ccc(cc1)C(=O)Nc1ccc(cc1)Oc1ccc(cc1)C(=O)c1ccc(cc1)*,126.0
*Oc1cc(ccc1)NC(=O)c1cc(ccc1)C(=O)Nc1ccc(cc1)Oc1ccc(cc1)C(=O)c1ccc(cc1)*,114.0
*c1ncc(cc1)C(=O)Nc1cc(ccc1)Oc1ccc(cc1)C(=O)c1ccc(cc1)Oc1cc(ccc1)NC(=O)*,154.0
*c1nc(nc(n1)c1ccc(cc1)Oc1ccc(cc1)c1ccc(cc1)Oc1ccc(cc1)*)c1ccccc1,241.0
*c1nc(nc(n1)c1ccc(cc1)Oc1ccc(cc1)Oc1ccc(cc1)*)c1ccccc1,244.0
*c1nc(nc(n1)c1ccc(cc1)Oc1ccc(cc1)C(c1ccc(cc1)Oc1ccc(cc1)*)(C)C)c1ccccc1,228.0
*c1nc(nc(n1)c1ccc(cc1)Oc1cc2c(cc1)ccc(c2)Oc1ccc(cc1)*)c1ccccc1,255.0
*c1nc(nc(n1)c1ccc(cc1)Oc1ccc(cc1)Sc1ccc(cc1)Oc1ccc(cc1)*)c1ccccc1,211.0
*c1nc(nc(n1)c1ccc(cc1)Oc1ccc(cc1)Oc1ccc(cc1)Oc1ccc(cc1)*)c1ccccc1,203.0
*c1nc(nc(n1)c1ccc(cc1)Oc1ccc(cc1)C(c1ccc(cc1)Oc1ccc(cc1)*)(c1ccccc1)c1ccccc1)c1ccccc1,261.0
*Oc1c(cc(cc1)OC(=O)c1ccc(cc1)OCCCCCCCCCCOc1ccc(cc1)C(=O)*)S(=O)(=O)c1ccccc1,88.0
*Oc1ccc(cc1)S(=O)(=O)c1ccc(cc1)Oc1ccc(cc1)NC(=O)c1cc(cc(c1)NC(=O)c1ccncc1)C(=O)Nc1ccc(cc1)*,283.0
*Oc1ccc(cc1)S(=O)(=O)c1ccc(cc1)Oc1ccc(cc1)NC(=O)c1cc(ccc1)C(=O)Nc1ccc(cc1)*,260.0
*Oc1ccc(cc1)NC(=O)c1cc(cc(c1)NC(=O)c1ccncc1)C(=O)Nc1ccc(cc1)*,305.0
*Oc1ccc(cc1)C(=O)c1ccc(cc1)NC(=O)c1ccc(cc1)C(=O)Nc1ccc(cc1)C(=O)c1ccc(cc1)*,187.0
*Oc1ccc(cc1)C(=O)c1cc(ccc1)NC(=O)c1ccc(cc1)C(=O)Nc1cc(ccc1)C(=O)c1ccc(cc1)*,189.0
*Oc1ccc(cc1)Oc1ccc(cc1)C(=O)c1ccc(cc1)NC(=O)c1ccc(cc1)C(=O)Nc1ccc(cc1)C(=O)c1ccc(cc1)*,224.0
*Oc1ccc(cc1)Oc1ccc(cc1)C(=O)c1cc(ccc1)NC(=O)c1ccc(cc1)C(=O)Nc1cc(ccc1)C(=O)c1ccc(cc1)*,210.0
*Oc1cc(ccc1)Oc1ccc(cc1)C(=O)c1ccc(cc1)NC(=O)c1ccc(cc1)C(=O)Nc1ccc(cc1)C(=O)c1ccc(cc1)*,190.0
*Oc1ccc(cc1)C(=O)c1ccc(cc1)NC(=O)c1cc(ccc1)C(=O)Nc1ccc(cc1)C(=O)c1ccc(cc1)*,204.2
*Oc1ccc(cc1)C(=O)c1cc(ccc1)NC(=O)c1cc(ccc1)C(=O)Nc1ccc(cc1)C(=O)c1ccc(cc1)*,204.0
*Oc1ccc(cc1)C(=O)c1cc(ccc1)NC(=O)c1cc(ccc1)C(=O)Nc1cc(ccc1)C(=O)c1ccc(cc1)*,191.0
*Oc1ccc(cc1)Oc1ccc(cc1)C(=O)c1ccc(cc1)NC(=O)c1cc(ccc1)C(=O)Nc1ccc(cc1)C(=O)c1ccc(cc1)*,198.0
*Oc1ccc(cc1)Oc1ccc(cc1)C(=O)c1cc(ccc1)NC(=O)c1cc(ccc1)C(=O)Nc1cc(ccc1)C(=O)c1ccc(cc1)*,202.0
*Oc1cc(ccc1)Oc1ccc(cc1)C(=O)c1ccc(cc1)NC(=O)c1cc(ccc1)C(=O)Nc1ccc(cc1)C(=O)c1ccc(cc1)*,214.0
*Oc1ccc(cc1)C(=O)c1cc(ccc1)NC(=O)CCCCCCCCC(=O)Nc1ccc(cc1)C(=O)c1ccc(cc1)*,148.0
*Oc1ccc(cc1)C(=O)c1cc(ccc1)NC(=O)CCCCCCCCC(=O)Nc1cc(ccc1)C(=O)c1ccc(cc1)*,141.0
*Oc1ccc(cc1)Oc1ccc(cc1)C(=O)c1ccc(cc1)NC(=O)CCCCCCCCC(=O)Nc1ccc(cc1)C(=O)c1ccc(cc1)*,130.0
*Oc1ccc(cc1)Oc1ccc(cc1)C(=O)c1cc(ccc1)NC(=O)CCCCCCCCC(=O)Nc1cc(ccc1)C(=O)c1ccc(cc1)*,144.0
*Oc1cc(ccc1)Oc1ccc(cc1)C(=O)c1ccc(cc1)NC(=O)CCCCCCCCC(=O)Nc1ccc(cc1)C(=O)c1ccc(cc1)*,143.0
*Oc1c(cc(cc1C)c1cc(c(c(c1)C)Oc1ccc(cc1)C(=O)c1ccc(cc1)*)C)C,246.64
*Oc1ccc(cc1)NC(=O)c1cc(ccc1)C(=O)Nc1ccc(cc1)Oc1ccc(cc1)C(c1cc(ccc1)C(c1ccc(cc1)*)(C)C)(C)C,180.0
*OP(=O)(Oc1c(cc(cc1C)S(=O)(=O)c1cc(c(c(c1)C)*)C)C)Oc1ccccc1,142.0
*OP(=O)(Oc1c(cc(cc1C)S(=O)(=O)c1cc(c(c(c1)C)*)C)C)Oc1ccc(cc1)C,128.0
*OP(=O)(Oc1c(cc(cc1C)S(=O)(=O)c1cc(c(c(c1)C)*)C)C)Oc1ccc(cc1)[N+](=O)[O-],173.0
*OP(=O)(Oc1c(cc(cc1C)S(=O)(=O)c1cc(c(c(c1)C)*)C)C)Oc1ccc(cc1)Br,162.0
*OP(=O)(Oc1c(cc(cc1C)S(=O)(=O)c1cc(c(c(c1)C)*)C)C)Oc1ccc(cc1)OC,147.0
*OP(=O)(Oc1ccc(cc1)S(=O)(=O)c1ccc(cc1)*)Oc1ccccc1,100.5
*OP(=O)(Oc1ccc(cc1)S(=O)(=O)c1ccc(cc1)*)Oc1ccc(cc1)C,66.0
*OP(=O)(Oc1ccc(cc1)S(=O)(=O)c1ccc(cc1)*)Oc1ccc(cc1)[N+](=O)[O-],114.0
*OP(=O)(Oc1ccc(cc1)S(=O)(=O)c1ccc(cc1)*)Oc1ccc(cc1)Br,89.0
*OP(=O)(Oc1ccc(cc1)S(=O)(=O)c1ccc(cc1)*)Oc1ccc(cc1)OC,81.0
*OP(=O)(OCCOc1ccc(cc1)S(=O)(=O)c1ccc(cc1)OCC*)Oc1ccccc1,49.0
*OP(=O)(OCCOc1ccc(cc1)S(=O)(=O)c1ccc(cc1)OCC*)Oc1ccc(cc1)C,46.0
*OP(=O)(OCCOc1ccc(cc1)S(=O)(=O)c1ccc(cc1)OCC*)Oc1ccc(cc1)[N+](=O)[O-],56.0
*OP(=O)(OCCOc1ccc(cc1)S(=O)(=O)c1ccc(cc1)OCC*)Oc1ccc(cc1)Br,59.0
*OP(=O)(OCCOc1ccc(cc1)S(=O)(=O)c1ccc(cc1)OCC*)Oc1ccc(cc1)OC,52.0
*Oc1cc(c(cc1)C(=O)O)C(=O)Nc1ccc(cc1)NC(=O)c1c(ccc(c1)*)C(=O)O,166.3
*OC(=O)OCCOCC*,-40.0
*Oc1ccc(cc1)C(=O)OCCOCCOCCOC(=O)c1ccc(cc1)OC(=O)c1ccc(cc1)C(=O)*,25.0
*Oc1ccc(cc1)C(=O)OCCOCCOCCOCCOC(=O)c1ccc(cc1)OC(=O)c1ccc(cc1)C(=O)*,25.0
*c1nc(nc(n1)Oc1ccc(cc1)C1(CCCCC1)c1ccc(cc1)O*)OC,200.0
*Oc1c(cc(cc1)OC(=O)c1ccc(cc1)OCCCCCCOc1ccc(cc1)C(=O)*)S(=O)(=O)c1ccccc1,112.6
*Oc1c(cc(cc1)OC(=O)c1ccc(cc1)OCCCCCCCCCCCCOc1ccc(cc1)C(=O)*)S(=O)(=O)c1ccccc1,82.7
*c1nc2c(nc1c1ccccc1)cc(cc2)Oc1ccc(cc1)Oc1ccc(cc1)P(=O)(c1ccc(cc1)Oc1ccc(cc1)Oc1cc2c(nc(c(n2)c2ccccc2)c2ccc(cc2)*)cc1)c1ccccc1,248.0
*c1nc2c(nc1c1ccc(cc1)Oc1ccc(cc1)Oc1ccc(cc1)P(=O)(c1ccc(cc1)Oc1ccc(cc1)Oc1ccc(cc1)*)c1ccccc1)cccc2,209.0
*c1oc2c(n1)ccc(c2)c1ccc2c(oc(n2)c2ccc(cc2)Oc2ccc(cc2)Oc2ccc(cc2)P(=O)(c2ccc(cc2)Oc2ccc(cc2)Oc2ccc(cc2)*)c2ccccc2)c1,223.0
*Oc1cc(c(cc1)C=Nc1c(cc(cc1)c1cc(c(cc1)N=Cc1c(cc(cc1)OCCCCCCCCCC*)O)OC)OC)O,66.33
*Oc1cc(ccc1)NC(=O)c1cc(ccc1)C(=O)Nc1cc(ccc1)OCCCCC*,131.5
*Oc1cc(ccc1)NC(=O)c1ccc(cc1)C(=O)Nc1cc(ccc1)OCCCCCCCC*,122.0
*Oc1ccc(cc1)NC(=O)c1cc(ccc1)C(=O)Nc1ccc(cc1)OCCCCC*,155.0
*Oc1ccc(cc1)C(c1ccc(cc1)OCC(COC(=O)CCCCC(=O)OCC(C*)O)O)(C)C,37.33
*Oc1ccc(cc1)C(c1ccc(cc1)OCC(COC(=O)CCCCCCC(=O)OCC(C*)O)O)(C)C,35.0
*Oc1ccc(cc1)C(c1ccc(cc1)OCC(COC(=O)CCCCCCCCC(=O)OCC(C*)O)O)(C)C,30.0
*Oc1ccc(cc1)C(c1ccc(cc1)OCC(COC(=O)CCCCCCCCCCC(=O)OCC(C*)O)O)(C)C,25.0
*Oc1ccc(cc1)C(c1ccc(cc1)OCC(COC(=O)C1CCC(CC1)C(=O)OCC(C*)O)O)(C)C,70.0
*Oc1ccc(cc1)C1(c2ccccc2c2ccccc12)c1ccc(cc1)OCC(COC(=O)C1CCC(CC1)C(=O)OCC(C*)O)O,110.0
*Oc1ccc(cc1)OCC(COC(=O)CCCCCCCCCCC(=O)OCC(C*)O)O,10.0
*Oc1ccc(cc1)OCC(COC(=O)CCCCC(=O)OCC(C*)O)O,19.0
*Oc1ccc(cc1)C(c1ccc(cc1)OC(=O)c1ccc(cc1)Oc1ccc(cc1)C(=O)*)(C(F)(F)F)C(F)(F)F,181.0
*C1COC2C1OCC2OC(=O)Oc1ccc(cc1)OC(=O)c1ccc(cc1)OC(=O)O*,112.5
*OP(=O)(OC(COc1ccc(cc1)S(=O)(=O)c1ccc(cc1)OCC(*)CCl)CCl)Oc1ccccc1,48.0
*OP(=O)(OC(COc1ccc(cc1)S(=O)(=O)c1ccc(cc1)OCC(*)CCl)CCl)Oc1ccc(cc1)Br,58.0
*OP(=O)(Oc1ccc(cc1)NC(=O)Oc1ccc(cc1)c1ccc(cc1)OC(=O)Nc1ccc(cc1)*)c1ccccc1,34.0
*OP(=O)(Oc1ccc(cc1)NC(=O)OCCCCCCOC(=O)Nc1ccc(cc1)*)c1ccccc1,-3.0
*OP(=O)(Oc1ccc(cc1)NC(=O)Oc1ccc(cc1)C(c1ccc(cc1)OC(=O)Nc1ccc(cc1)*)(C)C)c1ccccc1,34.0
*Oc1ccc(cc1)NC(=O)c1c(ccc(c1)c1cc(c(cc1)C(=O)O)C(=O)Nc1ccc(cc1)*)C(=O)O,184.4
*c1oc(nn1)c1c2c(c(cc1)Oc1ccc(cc1)C(c1ccc(cc1)Oc1c3c(c(cc1)*)cccc3)(C(F)(F)F)C(F)(F)F)cccc2,220.0
*c1nc(nc(n1)c1ccc(cc1)Oc1ccc(cc1)C(c1ccc(cc1)Oc1ccc(cc1)*)(C(F)(F)F)C(F)(F)F)c1ccccc1,241.0
*Oc1ccc(cc1)C(c1ccc(cc1)Oc1ccc(cc1)C(C(c1ccc(cc1)*)O)O)(C)C,149.4
*Oc1ccc(cc1)NC(=O)c1cc(cc(c1)C(C)(C)C)C(=O)Nc1ccc(cc1)Oc1ccc(cc1)C(c1ccc(cc1)*)(C)C,215.33
*OP(=O)(N=Nc1ccc(cc1)c1ccc(cc1)N=NP(=O)(OCC*)OCC)OCC,43.0
*OP(=O)(N=Nc1ccc(cc1)Oc1ccc(cc1)N=NP(=O)(OCC*)OCC)OCC,22.0
*OP(=O)(N=Nc1ccc(cc1)C(=O)c1ccc(cc1)N=NP(=O)(OCC*)OCC)OCC,33.0
*OP(=O)(N=Nc1ccc(cc1)c1ccc(cc1)N=NP(=O)(OCCCCCC*)OC)OC,37.0
*OP(=O)(N=Nc1ccc(cc1)Oc1ccc(cc1)N=NP(=O)(OCCCCCC*)OC)OC,25.0
*OP(=O)(N=Nc1ccc(cc1)C(=O)c1ccc(cc1)N=NP(=O)(OCCCCCC*)OC)OC,31.0
*OP(=O)(N=Nc1ccc(cc1)c1ccc(cc1)N=NP(=O)(OCCOCC*)OC)OC,22.0
*OP(=O)(N=Nc1ccc(cc1)Oc1ccc(cc1)N=NP(=O)(OCCOCC*)OC)OC,32.0
*OP(=O)(N=Nc1ccc(cc1)C(=O)c1ccc(cc1)N=NP(=O)(OCCOCC*)OC)OC,33.0
*OP(=O)(N=Nc1ccc(cc1)c1ccc(cc1)N=NP(=O)(OCC1CCC(CC1)C*)OC)OC,58.0
*OP(=O)(N=Nc1ccc(cc1)Oc1ccc(cc1)N=NP(=O)(OCC1CCC(CC1)C*)OC)OC,50.0
*OP(=O)(N=Nc1ccc(cc1)C(=O)c1ccc(cc1)N=NP(=O)(OCC1CCC(CC1)C*)OC)OC,52.0
*OP(=O)(N=Nc1ccc(cc1)c1ccc(cc1)N=NP(=O)(OCc1ccc(cc1)C*)OC)OC,48.0
*OP(=O)(N=Nc1ccc(cc1)Oc1ccc(cc1)N=NP(=O)(OCc1ccc(cc1)C*)OC)OC,50.0
*OP(=O)(N=Nc1ccc(cc1)C(=O)c1ccc(cc1)N=NP(=O)(OCc1ccc(cc1)C*)OC)OC,48.0
*OC(=O)c1cc(cc(c1)OCCCCCCOc1ccc(cc1)c1ccc(cc1)OC)C(=O)OCCOCCOCCOCCOCCOCC*,5.0
*OC(=O)c1cc(ccc1)C(=O)OCCOCCOCCOCCOCCOCC*,-36.0
*Oc1c(cc(cc1C)*)C(CCCCC)C,60.0
*Oc1c(cc(cc1C)*)C(CCCCCC)C,54.0
*Oc1c(cc(cc1C)*)C(CCCCCCCC)C,20.0
*Oc1c(cc(cc1C)*)C(CCCCCCCCCCCC)C,-10.0
*Oc1c(cc(c(c1)C(C)(C)C)Oc1ccc(cc1)C(=O)c1ccc(cc1)*)C(C)(C)C,206.0
*Oc1c(cc(cc1)Oc1ccc(cc1)C(=O)c1ccc(cc1)*)c1ccccc1,155.67
*Oc1ccc(cc1)NC(=O)c1ccc(cc1)*,225.0
*Oc1ccc(cc1)C1(c2ccccc2c2ccccc12)c1ccc(cc1)Oc1ccc(cc1)C(=O)c1c(cccc1)c1c(cccc1)C(=O)c1ccc(cc1)*,229.0
*Oc1ccc(cc1)C1(c2ccccc2c2ccccc12)c1ccc(cc1)Oc1cc(c(cc1)C(=O)c1ccccc1)c1c(ccc(c1)*)C(=O)c1ccccc1,109.0
*Oc1ccc(cc1)C(=O)c1cc(ccc1)c1cc(ccc1)C(=O)c1ccc(cc1)*,123.0
*c1oc(nn1)c1sc(cc1CCCCCCCC)c1oc(nn1)c1c(cc(c(c1)OCCCCCCCC)*)OCCCCCCCC,124.3
*c1oc(nn1)c1sc(c(c1)CCCCCCCCCC)c1sc(cc1CCCCCCCCCC)c1oc(nn1)c1c(cc(c(c1)OCCCCCCCC)*)OCCCCCCCC,53.8
*c1oc(nn1)c1sc(c(c1)CCCCCCCC)c1sc(cc1)c1sc(cc1CCCCCCCC)c1oc(nn1)c1c(cc(c(c1)OCCCCCCCC)*)OCCCCCCCC,34.1
*c1c(nc2c(n1)cc(cc2)Oc1ccc(cc1)NC(=O)c1cc(cc(c1)N1C(=O)c2c(C1=O)cccc2)C(=O)Nc1ccc(cc1)Oc1cc2c(nc(c(n2)c2ccc(cc2)*)c2ccccc2)cc1)c1ccccc1,302.0
*Oc1ccc(cc1)Oc1ccc(cc1)NC(=O)c1c(cc(cc1)c1cc(c(cc1)C(=O)Nc1ccc(cc1)*)C)C,219.0
*Oc1cc(ccc1)Oc1ccc(cc1)NC(=O)c1c(cc(cc1)c1cc(c(cc1)C(=O)Nc1ccc(cc1)*)C)C,213.0
*Oc1ccc(cc1)Oc1ccc(cc1)Oc1ccc(cc1)NC(=O)c1c(cc(cc1)c1cc(c(cc1)C(=O)Nc1ccc(cc1)*)C)C,200.0
*Oc1ccc(cc1)S(=O)(=O)c1ccc(cc1)Oc1ccc(cc1)NC(=O)c1c(cc(cc1)c1cc(c(cc1)C(=O)Nc1ccc(cc1)*)C)C,251.0
*Oc1ccc(cc1)S(=O)(=O)c1ccc(cc1)Oc1cc(ccc1)NC(=O)c1c(cc(cc1)c1cc(c(cc1)C(=O)Nc1cc(ccc1)*)C)C,220.0
*Oc1ccc(cc1)NC(=O)c1c(cc(cc1)c1cc(c(cc1)C(=O)Nc1ccc(cc1)Oc1ccc(cc1)C(c1ccc(cc1)*)(C)C)C)C,230.0
*Oc1ccc(cc1)C(c1ccc(cc1)Oc1c(cc(cc1)C(=O)c1ccc(cc1)C(=O)c1cc(c(cc1)*)C(F)(F)F)C(F)(F)F)(C)C,171.0
*Oc1ccc(cc1)C1(c2ccccc2c2ccccc12)c1ccc(cc1)Oc1c(cc(cc1)C(=O)c1ccc(cc1)C(=O)c1cc(c(cc1)*)C(F)(F)F)C(F)(F)F,229.0
*Oc1ccc(cc1)c1ccc(cc1)Oc1c(cc(cc1)C(=O)c1ccc(cc1)C(=O)c1cc(c(cc1)*)C(F)(F)F)C(F)(F)F,187.0
*Oc1ccc(cc1)S(=O)(=O)c1ccc(cc1)Oc1ccc(cc1)C1(CCCC1)c1ccc(cc1)*,230.0
*Oc1ccc(cc1)S(=O)(=O)c1ccc(cc1)Oc1ccc(cc1)C1(CCCCCC1)c1ccc(cc1)*,247.0
*Oc1ccc(cc1)C(c1ccc(cc1)OC(=O)c1ccc(cc1)OCCCCCCCCCCOc1ccc(cc1)C(=O)*)(C)C,77.0
*Oc1ccc(cc1)C(c1ccc(cc1)OC(=O)c1ccc(cc1)OCCCCCCCCCCOc1ccc(cc1)C(=O)*)(C(F)(F)F)C(F)(F)F,89.0
*Oc1c(cc(cc1Br)C(c1cc(c(c(c1)Br)OC(=O)c1ccc(cc1)OCCCCCCCCCCOc1ccc(cc1)C(=O)*)Br)(C)C)Br,128.0
*Oc1c(cc(cc1Cl)C(c1cc(c(c(c1)Cl)OC(=O)c1ccc(cc1)OCCCCCCCCCCOc1ccc(cc1)C(=O)*)Cl)(C)C)Cl,140.0
*Oc1ccc(cc1)C(c1ccc(cc1)Oc1ccc(cc1)C(=O)c1cc(ccc1)c1cc(ccc1)C(=O)c1ccc(cc1)*)(C(F)(F)F)C(F)(F)F,159.0
*Oc1ccc(cc1)C1(c2ccccc2c2ccccc12)c1ccc(cc1)Oc1ccc(cc1)C(=O)c1cc(ccc1)c1cc(ccc1)C(=O)c1ccc(cc1)*,212.0
*Oc1c(cc(cc1C)c1cc(c(c(c1)C)Oc1ccc(cc1)C(=O)c1c(cccc1)c1c(cccc1)C(=O)c1ccc(cc1)*)C)C,233.0
*Oc1c2c(c(cc1)C(=O)c1ccc(cc1)Oc1ccc(cc1)C(c1ccc(cc1)*)(C(F)(F)F)C(F)(F)F)cccc2,190.0
*Oc1c2c(c(cc1)C(=O)c1ccc(cc1)Oc1ccc(cc1)C1(c3ccccc3c3ccccc13)c1ccc(cc1)*)cccc2,260.0
*c1nc2c(c(c1)c1ccccc1)cc(cc2)Oc1cc2c(nc(cc2c2ccccc2)c2c(ccc(c2)*)OCCN(c2ccc(cc2)c2sc(cc2)C(=C(C#N)C#N)c2ccc(cc2)N(CC)CC)CC)cc1,215.0
*c1nc2c(c(c1)c1ccccc1)cc(cc2)Oc1cc2c(nc(cc2c2ccccc2)c2c(ccc(c2)*)OCCN(c2ccc(cc2)c2sc(cc2)C(=C(C#N)C#N)c2sc(cc2)c2ccc(cc2)N(CC)CC)CC)cc1,205.0
*c1nc2c(c(c1)c1ccccc1)cc(cc2)Oc1cc2c(nc(cc2c2ccccc2)c2ccc(cc2)C(c2ccc(cc2)*)(C(F)(F)F)C(F)(F)F)cc1,260.0
*Oc1ccc(cc1)c1ccc(cc1)OCCCCCCCCOC(=O)Nc1c(cc(cc1)NC(=O)OCCCCCCCC*)C,81.0
*Oc1ccc(cc1)c1ccc(cc1)OCCCCCCCCCCCOC(=O)Nc1c(cc(cc1)NC(=O)OCCCCCCCCCCC*)C,77.0
*Oc1ccc(cc1)c1ccc(cc1)OCCCCCCOC(=O)Nc1c(cc(cc1)NC(=O)OCCCCCC*)C,85.4
*Oc1ccc(cc1)C(c1ccc(cc1)OCC(C*)(CCl)CO)(C(F)(F)F)C(F)(F)F,107.0
*Oc1c(cc(c(c1)C(=O)c1ccccc1)Oc1ccc(cc1)*)C(=O)c1ccccc1,137.0
*Oc1ccc(cc1)C(=Cc1ccc(cc1)OCCOCC*)C,39.0
*Oc1cc(ccc1)NC(=O)c1cc(ccc1)C(=O)Nc1cc(ccc1)OCCOCC*,128.5
*Oc1cc(ccc1)NC(=O)c1ccc(cc1)C(=O)Nc1cc(ccc1)OCCOCC*,140.0
*Oc1ccc(cc1)NC(=O)c1cc(ccc1)C(=O)Nc1ccc(cc1)OCCOCC*,155.0
*Oc1cc(ccc1)NC(=O)c1cc(ccc1)C(=O)Nc1cc(ccc1)OCCOCCOCC*,111.0
*Oc1cc(ccc1)NC(=O)c1ccc(cc1)C(=O)Nc1cc(ccc1)OCCOCCOCC*,116.0
*Oc1ccc(cc1)NC(=O)c1cc(ccc1)C(=O)Nc1ccc(cc1)OCCOCCOCC*,129.0
*Oc1cc(ccc1)NC(=O)c1ccc(cc1)C(=O)Nc1cc(ccc1)OCCCCC*,135.0
*Oc1cc(ccc1)NC(=O)c1cc(ccc1)C(=O)Nc1cc(ccc1)OCCCCCCCC*,117.0
*Oc1ccc(cc1)NC(=O)c1cc(ccc1)C(=O)Nc1ccc(cc1)OCCCCCCCC*,128.0
*Oc1ccc(cc1)NC(=C(C#N)C#N)c1cc(ccc1)C(=C(C#N)C#N)Nc1ccc(cc1)Oc1ccc(cc1)NC(=O)c1ccc(cc1)C(=O)Nc1ccc(cc1)*,274.0
*Oc1ccc(cc1)NC(=O)c1cc(cc(c1)NC(=O)c1ccc(cc1)OC(=O)C)C(=O)Nc1ccc(cc1)*,273.0
*Oc1cc(ccc1)NC(=O)c1cc(cc(c1)NC(=O)c1ccc(cc1)OC(=O)C)C(=O)Nc1ccc(cc1)*,251.0
*Oc1ccc(cc1)Oc1ccc(cc1)NC(=O)c1cc(cc(c1)NC(=O)c1ccc(cc1)OC(=O)C)C(=O)Nc1ccc(cc1)*,251.0
*Oc1cc(ccc1)Oc1ccc(cc1)NC(=O)c1cc(cc(c1)NC(=O)c1ccc(cc1)OC(=O)C)C(=O)Nc1ccc(cc1)*,230.0
*Oc1ccc(cc1)S(=O)(=O)c1ccc(cc1)Oc1ccc(cc1)NC(=O)c1cc(cc(c1)NC(=O)c1ccc(cc1)OC(=O)C)C(=O)Nc1ccc(cc1)*,263.0
*Oc1ccc(cc1)NC(=O)c1cc(cc(c1)NC(=O)c1ccc(cc1)OC(=O)C)C(=O)Nc1ccc(cc1)Oc1ccc(cc1)C(c1ccc(cc1)*)(C)C,243.0
*Oc1ccc(cc1)NC(=O)c1cc(cc(c1)NC(=O)c1ccc(cc1)OC(=O)C)C(=O)Nc1ccc(cc1)Oc1ccc(cc1)c1ccc(cc1)*,252.0
*OCCOCCOCCCNC(=O)CCCCCCCCC(=O)NCCC*,40.0
*OCCOCCOCCCNC(=O)C(NC(=O)CCCCCCCCC(=O)NC(C(=O)NCCC*)Cc1ccccc1)Cc1ccccc1,44.0
*OCCOCCOCCCNC(=O)CNC(=O)C(NC(=O)CCCCCCCCC(=O)NC(C(=O)NCC(=O)NCCC*)Cc1ccccc1)Cc1ccccc1,36.0
*OCCOCCOCCCNC(=O)CNC(=O)C(NC(=O)C(NC(=O)CCCCCCCCC(=O)NC(C(=O)NC(C(=O)NCC(=O)NCCC*)C(C)C)Cc1ccccc1)Cc1ccccc1)C(C)C,58.0
*OCCOCCOCCCNC(=O)C(NC(=O)C(NC(=O)CCCCCCCCC(=O)NC(C(=O)NC(C(=O)NCCC*)C(C)C)Cc1ccccc1)Cc1ccccc1)C(C)C,66.0
*Oc1c(cc(cc1OC)C=Cc1ccc(cc1)C=Cc1cc(c(c(c1)OC)OCCCCCCCC*)OC)OC,80.45
*Oc1c(cc(cc1OC)C=Cc1c(cc(c(c1)CCCCCC)C=Cc1cc(c(c(c1)OC)OCCCCCCCC*)OC)CCCCCC)OC,21.0
*Oc1c(cc(cc1OC)C=Cc1c(cc(c(c1)C(C)C)C=Cc1cc(c(c(c1)OC)OCCCCCCCC*)OC)C(C)C)OC,85.0
*Oc1ccc(cc1)c1cc(c(c(c1)c1ccccc1)c1ccc(cc1)NC(=O)c1ccc(cc1)C(=O)Nc1ccc(cc1)c1c(cc(cc1c1ccccc1)c1ccc(cc1)OCCCCCC*)c1ccccc1)c1ccccc1,127.0
*Oc1ccc(cc1)c1cc(c(c(c1)c1ccccc1)c1ccc(cc1)NC(=O)c1ccc(cc1)C(=O)Nc1ccc(cc1)c1c(cc(cc1c1ccccc1)c1ccc(cc1)OCCCCCCCCCC*)c1ccccc1)c1ccccc1,116.0
*Oc1ccc(cc1)c1cc(c(c(c1)c1ccc(cc1)c1ccccc1)c1ccc(cc1)NC(=O)c1ccc(cc1)C(=O)Nc1ccc(cc1)c1c(cc(cc1c1ccc(cc1)c1ccccc1)c1ccc(cc1)OCCCCCC*)c1ccc(cc1)c1ccccc1)c1ccc(cc1)c1ccccc1,121.5
*Oc1ccc(cc1)c1cc(c(c(c1)c1ccc(cc1)c1ccccc1)c1ccc(cc1)NC(=O)c1ccc(cc1)C(=O)Nc1ccc(cc1)c1c(cc(cc1c1ccc(cc1)c1ccccc1)c1ccc(cc1)OCCCCCCCCCC*)c1ccc(cc1)c1ccccc1)c1ccc(cc1)c1ccccc1,111.0
*Oc1ccc(cc1)NC(=O)c1cc2c(cc1)cc(cc2)C(=O)Nc1ccc(cc1)Oc1ccc(cc1)C1(C2CCC(C1)C2)c1ccc(cc1)*,276.0
*Oc1ccc(cc1)NC(=O)c1ccc(cc1)c1ccc(cc1)C(=O)Nc1ccc(cc1)Oc1ccc(cc1)C1(C2CCC(C1)C2)c1ccc(cc1)*,296.0
*Oc1ccc(cc1)NC(=O)c1ccc(cc1)S(=O)(=O)c1ccc(cc1)C(=O)Nc1ccc(cc1)Oc1ccc(cc1)C1(C2CCC(C1)C2)c1ccc(cc1)*,287.0
*Oc1ccc(cc1)NC(=O)c1ccc(cc1)C(=O)Nc1ccc(cc1)Oc1ccc(cc1)C1(C2CCC(C1)C2)c1ccc(cc1)*,281.0
*Oc1ccc(cc1)NC(=O)c1cc(ccc1)C(=O)Nc1ccc(cc1)Oc1ccc(cc1)C1(C2CCC(C1)C2)c1ccc(cc1)*,256.0
*Oc1ccc(cc1)NC(=O)c1cc(cc(c1)C(C)(C)C)C(=O)Nc1ccc(cc1)Oc1ccc(cc1)C1(C2CCC(C1)C2)c1ccc(cc1)*,272.0
*C1COC2C1OCC2OC(=O)c1ccc(cc1)C(=O)O*,255.5
*Oc1ccc(cc1)CC(NC(=O)CCc1ccc(cc1)OC(=O)COCC(=O)*)C(=O)OCCCC,64.0
*Oc1ccc(cc1)CC(NC(=O)CCc1ccc(cc1)OC(=O)COCC(=O)*)C(=O)OCc1ccccc1,76.0
*Oc1ccc(cc1)CC(NC(=O)CCc1ccc(cc1)OC(=O)COCC(=O)*)C(=O)OCCCCCCCCCCCC,36.0
*Oc1ccc(cc1)CC(NC(=O)CCc1ccc(cc1)OC(=O)COCC(=O)*)C(=O)OCC,79.0
*Oc1ccc(cc1)CC(NC(=O)CCc1ccc(cc1)OC(=O)COCC(=O)*)C(=O)OCCOCCOCC,27.0
*Oc1ccc(cc1)CC(NC(=O)CCc1ccc(cc1)OC(=O)COCC(=O)*)C(=O)OCCCCCC,45.0
*Oc1ccc(cc1)CC(NC(=O)CCc1ccc(cc1)OC(=O)COCC(=O)*)C(=O)OC,82.0
*Oc1ccc(cc1)CC(NC(=O)CCc1ccc(cc1)OC(=O)COCC(=O)*)C(=O)OCCCCCCCC,40.0
*Oc1ccc(cc1)CC(NC(=O)CCc1ccc(cc1)OC(=O)COCC(=O)*)C(=O)OCC(C)C,72.0
*Oc1ccc(cc1)CC(NC(=O)CCc1ccc(cc1)OC(=O)COCC(=O)*)C(=O)OC(C)C,80.0
*Oc1ccc(cc1)CC(NC(=O)CCc1ccc(cc1)OC(=O)COCC(=O)*)C(=O)OC(CC)C,68.0
*Oc1ccc(cc1)CC(NC(=O)CCc1ccc(cc1)OC(=O)COCCOCC(=O)*)C(=O)OCCCC,45.0
*Oc1ccc(cc1)CC(NC(=O)CCc1ccc(cc1)OC(=O)COCCOCC(=O)*)C(=O)OCc1ccccc1,55.0
*Oc1ccc(cc1)CC(NC(=O)CCc1ccc(cc1)OC(=O)COCCOCC(=O)*)C(=O)OCCCCCCCCCCCC,17.0
*Oc1ccc(cc1)CC(NC(=O)CCc1ccc(cc1)OC(=O)COCCOCC(=O)*)C(=O)OCC,53.0
*Oc1ccc(cc1)CC(NC(=O)CCc1ccc(cc1)OC(=O)COCCOCC(=O)*)C(=O)OCCOCCOCC,18.0
*Oc1ccc(cc1)CC(NC(=O)CCc1ccc(cc1)OC(=O)COCCOCC(=O)*)C(=O)OCCCCCC,28.0
*Oc1ccc(cc1)CC(NC(=O)CCc1ccc(cc1)OC(=O)COCCOCC(=O)*)C(=O)OC,63.0
*Oc1ccc(cc1)CC(NC(=O)CCc1ccc(cc1)OC(=O)COCCOCC(=O)*)C(=O)OCCCCCCCC,16.0
*Oc1ccc(cc1)CC(NC(=O)CCc1ccc(cc1)OC(=O)COCCOCC(=O)*)C(=O)OCC(C)C,50.0
*Oc1ccc(cc1)CC(NC(=O)CCc1ccc(cc1)OC(=O)COCCOCC(=O)*)C(=O)OC(C)C,58.0
*Oc1ccc(cc1)CC(NC(=O)CCc1ccc(cc1)OC(=O)COCCOCC(=O)*)C(=O)OC(CC)C,44.0
*Oc1ccc(cc1)CC(NC(=O)Cc1ccc(cc1)OC(=O)COCC(=O)*)C(=O)OCC,66.0
*Oc1ccc(cc1)CC(NC(=O)Cc1ccc(cc1)OC(=O)COCC(=O)*)C(=O)OCCCCCC,46.0
*Oc1ccc(cc1)CC(NC(=O)Cc1ccc(cc1)OC(=O)COCC(=O)*)C(=O)OCCCCCCCC,51.0
*Oc1ccc(cc1)CC(NC(=O)Cc1ccc(cc1)OC(=O)COCCOCC(=O)*)C(=O)OCC,50.0
*Oc1ccc(cc1)CC(NC(=O)Cc1ccc(cc1)OC(=O)COCCOCC(=O)*)C(=O)OCCCCCC,31.0
*Oc1ccc(cc1)CC(NC(=O)Cc1ccc(cc1)OC(=O)COCCOCC(=O)*)C(=O)OCCCCCCCC,23.0
*Oc1c(cc(cc1)c1ccc(cc1)c1cc(c(cc1)Oc1ccc(cc1)C(c1ccc(cc1)*)(C(F)(F)F)C(F)(F)F)C(F)(F)F)C(F)(F)F,207.5
*Oc1c(cc(cc1)c1ccc(cc1)c1cc(c(cc1)Oc1ccc(cc1)C(c1ccc(cc1)*)(C)C)C(F)(F)F)C(F)(F)F,192.0
*Oc1ccc(cc1)C1(c2ccccc2c2ccccc12)c1ccc(cc1)Oc1c(cc(cc1)c1ccc(cc1)c1cc(c(cc1)*)C(F)(F)F)C(F)(F)F,237.0
*Oc1ccc(cc1)c1ccc(cc1)Oc1c(cc(cc1)c1ccc(cc1)c1cc(c(cc1)*)C(F)(F)F)C(F)(F)F,203.5
*Oc1ccc(cc1)S(=O)(=O)c1ccc(cc1)Oc1c(cc(cc1)c1ccc(cc1)c1cc(c(cc1)*)C(F)(F)F)C(F)(F)F,214.0
*c1nc(ccc1)c1cc(c(cc1)Oc1ccc(cc1)C(c1ccc(cc1)Oc1c(cc(cc1)*)C(F)(F)F)(C(F)(F)F)C(F)(F)F)C(F)(F)F,148.67
*c1nc(ccc1)c1cc(c(cc1)Oc1ccc(cc1)C(c1ccc(cc1)Oc1c(cc(cc1)*)C(F)(F)F)(C)C)C(F)(F)F,121.0
*c1nc(ccc1)c1cc(c(cc1)Oc1ccc(cc1)C1(c2ccccc2c2ccccc12)c1ccc(cc1)Oc1c(cc(cc1)*)C(F)(F)F)C(F)(F)F,182.5
*c1sc(cc1)c1cc(c(cc1)Oc1ccc(cc1)C(c1ccc(cc1)Oc1c(cc(cc1)*)C(F)(F)F)(C(F)(F)F)C(F)(F)F)C(F)(F)F,153.33
*c1sc(cc1)c1cc(c(cc1)Oc1ccc(cc1)C(c1ccc(cc1)Oc1c(cc(cc1)*)C(F)(F)F)(C)C)C(F)(F)F,123.33
*c1sc(cc1)c1cc(c(cc1)Oc1ccc(cc1)C1(c2ccccc2c2ccccc12)c1ccc(cc1)Oc1c(cc(cc1)*)C(F)(F)F)C(F)(F)F,169.0
*Oc1c(c(cc(c1)Cl)Cl)*,165.0
*Oc1c(cc(cc1)OCCCC(=O)NNC(=O)c1ccc(cc1)C(=O)NNC(=O)CCC*)C,125.5
*Oc1c(cc(cc1)OCCCCC(=O)NNC(=O)c1ccc(cc1)C(=O)NNC(=O)CCCC*)C,139.5
*Oc1c(cc(cc1)OCCCCCC(=O)NNC(=O)c1ccc(cc1)C(=O)NNC(=O)CCCCC*)C,110.5
*c1oc(nn1)c1ccc(cc1)c1oc(nn1)CCCOc1c(cc(cc1)OCCC*)C,125.5
*c1oc(nn1)c1ccc(cc1)c1oc(nn1)CCCCOc1c(cc(cc1)OCCCC*)C,139.5
*c1oc(nn1)c1ccc(cc1)c1oc(nn1)CCCCCOc1c(cc(cc1)OCCCCC*)C,110.5
*Oc1ccc(cc1)C(c1ccc(cc1)OCOc1ccc(cc1)C(c1ccc(cc1)OCCCCCCCCCCCC*)(C)C)(C)C,37.0
*Oc1ccc(cc1)S(=O)(=O)c1ccc(cc1)Oc1ccc(cc1)C=C1C(=O)C(=Cc2ccc(cc2)*)CC1,235.0
*Oc1ccc(cc1)S(=O)(=O)c1ccc(cc1)Oc1ccc(cc1)C=C1C(=O)C(=Cc2ccc(cc2)*)CCC1,190.0
*Oc1ccc(cc1)S(=O)(=O)c1ccc(cc1)Oc1ccc(cc1)C=C1C(=O)C(=Cc2ccc(cc2)*)CCCC1,186.0
*Oc1ccc(cc1)S(=O)(=O)c1ccc(cc1)Oc1ccc(cc1)C=C1C(=O)C(=Cc2ccc(cc2)Oc2ccc(cc2)S(=O)(=O)c2ccc(cc2)Oc2ccc(cc2)C(c2ccc(cc2)*)(C)C)CCC1,194.0
*Oc1ccc(cc1)S(=O)(=O)c1ccc(cc1)Oc1ccc(cc1)C=C1C(=O)C(=Cc2ccc(cc2)Oc2ccc(cc2)S(=O)(=O)c2ccc(cc2)Oc2ccc(cc2)C(c2ccc(cc2)*)(C)C)CCCC1,188.0
*Oc1ccc(cc1)S(=O)(=O)c1ccc(cc1)Oc1ccc(cc1)C1(CCCC1)c1ccc(cc1)Oc1ccc(cc1)S(=O)(=O)c1ccc(cc1)Oc1ccc(cc1)C=C1C(=O)C(=Cc2ccc(cc2)*)CC1,240.0
*Oc1ccc(cc1)S(=O)(=O)c1ccc(cc1)Oc1ccc(cc1)C1(CCCCC1)c1ccc(cc1)Oc1ccc(cc1)S(=O)(=O)c1ccc(cc1)Oc1ccc(cc1)C=C1C(=O)C(=Cc2ccc(cc2)*)CCC1,190.0
*Oc1ccc(cc1)S(=O)(=O)c1ccc(cc1)Oc1ccc(cc1)C1(CCCCCC1)c1ccc(cc1)Oc1ccc(cc1)S(=O)(=O)c1ccc(cc1)Oc1ccc(cc1)C=C1C(=O)C(=Cc2ccc(cc2)*)CCCC1,196.0
*Oc1ccc(cc1)OC(=O)c1c(cc(cc1)C(=O)Oc1ccc(cc1)OCC*)OCCCCC,95.0
*C1COC2C1OCC2OC(=O)O*,139.7
*Oc1ccc(cc1)NC(=O)c1ccc(cc1)C(=O)Nc1ccc(cc1)Oc1ccc(cc1)C1(C2CC3CC(CC1C3)C2)c1ccc(cc1)*,264.0
*Oc1ccc(cc1)NC(=O)c1cc(ccc1)C(=O)Nc1ccc(cc1)Oc1ccc(cc1)C1(C2CC3CC(CC1C3)C2)c1ccc(cc1)*,257.33
*Oc1ccc(cc1)NC(=O)c1ccc(cc1)Oc1ccc(cc1)C(=O)Nc1ccc(cc1)Oc1ccc(cc1)C1(C2CC3CC(CC1C3)C2)c1ccc(cc1)*,230.0
*Oc1ccc(cc1)NC(=O)c1ccc(cc1)S(=O)(=O)c1ccc(cc1)C(=O)Nc1ccc(cc1)Oc1ccc(cc1)C1(C2CC3CC(CC1C3)C2)c1ccc(cc1)*,252.0
*Oc1ccc(cc1)NC(=O)c1ccc(cc1)C(c1ccc(cc1)C(=O)Nc1ccc(cc1)Oc1ccc(cc1)C1(C2CC3CC(CC1C3)C2)c1ccc(cc1)*)(C(F)(F)F)C(F)(F)F,241.0
*Oc1ccc(cc1)NC(=O)c1cc2c(cc1)cc(cc2)C(=O)Nc1ccc(cc1)Oc1ccc(cc1)C1(C2CC3CC(CC1C3)C2)c1ccc(cc1)*,266.0
*Oc1ccc(cc1)NC(=O)c1c2c(c(cc1)C(=O)Nc1ccc(cc1)Oc1ccc(cc1)C1(C3CC4CC(CC1C4)C3)c1ccc(cc1)*)cccc2,269.0
*c1cc2c(oc(n2)c2ccc(cc2)Oc2ccc(cc2)C(c2ccc(cc2)Oc2ccc(cc2)c2oc3c(n2)cc(cc3)C(*)(C(F)(F)F)C(F)(F)F)(C(F)(F)F)C(F)(F)F)cc1,230.67
*OCC(CN(CC(COCCCC*)O)c1ccc(cc1)N(C)C)O,31.0
*Oc1ccc(cc1)NC(=O)c1c(ccc(c1)C(c1cc(c(cc1)C(=O)O)C(=O)Nc1ccc(cc1)Oc1ccc(cc1)C(c1ccc(cc1)*)(C(F)(F)F)C(F)(F)F)(C(F)(F)F)C(F)(F)F)C(=O)O,260.0
*C1(COC1)COc1ccc(cc1)C(c1ccc(cc1)OC*)(C(F)(F)F)C(F)(F)F,134.0
*N1C(N2N(C1=O)C(N(C2=O)c1ccc(cc1)Oc1ccc(cc1)*)c1ccc(cc1)OC)c1ccc(cc1)OC,163.0
*c1sc2cc3c(cc2n1)sc(n3)c1ccc(cc1)Oc1ccc(cc1)Oc1ccc(cc1)P(=O)(c1ccc(cc1)Oc1ccc(cc1)Oc1ccc(cc1)*)c1ccccc1,255.0
*N1CCOC1(*)CC,55.0
*c1c2ccc(=O)cc2oc2cc(ccc12)OC(=O)c1c(cccc1)*,250.0
*[Si]1(O[Si](O[Si](O1)(C)C)(C)C)O[Si](CC*)(C)C,-66.0
*c1oc(nc1)c1cc(c(cc1)Oc1ccc(cc1)C(c1ccc(cc1)Oc1c(cc(cc1)*)C(F)(F)F)(C(F)(F)F)C(F)(F)F)C(F)(F)F,205.0
*c1oc(nc1)c1cc(c(cc1)Oc1ccc(cc1)C(c1ccc(cc1)Oc1c(cc(cc1)*)C(F)(F)F)(C)C)C(F)(F)F,185.0
*c1oc(nc1)c1cc(c(cc1)Oc1ccc(cc1)c1ccc(cc1)Oc1c(cc(cc1)*)C(F)(F)F)C(F)(F)F,200.0
*c1oc(nc1)c1cc(c(cc1)Oc1ccc(cc1)S(=O)(=O)c1ccc(cc1)Oc1c(cc(cc1)*)C(F)(F)F)C(F)(F)F,210.0
*c1oc(nc1c1ccc(cc1)OCOc1ccc(cc1)*)c1ccc(cc1)[N+](=O)[O-],194.0
*c1nc(nc(c1c1ccc(cc1)OC)OCCOC(=O)CCCC(=O)OCCO*)c1ccc(cc1)OC,57.0
*c1nc(nc(c1c1ccc(cc1)OC)OCCOC(=O)CCCC(=O)OCCO*)c1ccc(cc1)OCCCC,46.0
*c1nc(nc(c1c1ccc(cc1)OCCCC)OCCOC(=O)CCCC(=O)OCCO*)c1ccc(cc1)OCCCC,37.0
*c1nc(nc(c1c1ccc(cc1)OC)OCCOC(=O)CCCCC(=O)OCCO*)c1ccc(cc1)OC,48.0
*c1nc(nc(c1c1ccc(cc1)OC)OCCOC(=O)CCCCC(=O)OCCO*)c1ccc(cc1)OCCCC,34.0
*c1nc(nc(c1c1ccc(cc1)OC)OCCOC(=O)c1ccc(cc1)C(=O)OCCO*)c1ccc(cc1)OCCCC,94.0
*c1nc(nc(c1c1ccc(cc1)OC)OCCOC(=O)c1cc(ccc1)C(=O)OCCO*)c1ccc(cc1)OCCCC,92.0
*OC(=O)c1c(ccc(c1)N=Nc1ccc(cc1)OCC)c1c(cc(cc1)N=Nc1ccc(cc1)OCC)C(=O)OCCOCCOCC*,65.0
*c1nc(nc(c1c1ccc(cc1)OC)OCCOC(=O)c1c(ccc(c1)N=Nc1ccc(cc1)OCC)c1c(cc(cc1)N=Nc1ccc(cc1)OCC)C(=O)OCCO*)c1ccc(cc1)OCCCC,126.0
*C1OC(C(C(C1O)O)O*)COCO,208.0
*Oc1ccc(cc1)C=CC(=O)OCCN(CCOC(=O)C=Cc1ccc(cc1)OCCCCC*)c1ccc(cc1)N=Nc1ccc(cc1)[N+](=O)[O-],92.0
*OC(=O)/C=C/C(=O)OCCOCC*,-13.13
*Oc1ccc(cc1)C(c1ccc(cc1)OCC(C*)OC(=O)C=Cc1ccccc1)(C)C,100.6
*Oc1ccc(cc1)C(c1ccc(cc1)OCC(C*)OC(=O)C=Cc1occc1)(C)C,107.2
*c1nc2c(c(c1)c1ccccc1)cc(cc2)Oc1cc2c(nc(cc2c2ccccc2)c2ccc(cc2)OCCN(CCOc2ccc(cc2)*)c2ccc(cc2)C(=C(C#N)C#N)C#N)cc1,175.0
*c1nc2c(c(c1)c1ccccc1)cc(cc2)Oc1cc2c(nc(cc2c2ccccc2)c2c(ccc(c2)*)OCCN(c2ccc(cc2)C(=C(C#N)C#N)C#N)CC)cc1,200.0
*c1nc2c(c(c1)c1ccccc1)cc(cc2)Oc1cc2c(nc(cc2c2ccccc2)c2c(ccc(c2)*)OCCCCCCN(c2ccc(cc2)C(=C(C#N)C#N)C#N)CC)cc1,175.0
*O[Si](CCCCCCOC(=O)C(Oc1ccc(cc1)OC(=O)c1ccc(cc1)c1ccc(cc1)OCCCCCCCCCC[Si](*)(C)C)C)(C)C,35.0
*O[Si](CCCCCCOC(=O)C(Oc1c(cc(cc1)OC(=O)c1ccc(cc1)c1ccc(cc1)OCCCCCCCCCC[Si](*)(C)C)[N+](=O)[O-])C)(C)C,20.0
*Oc1ccc(cc1)NC(=O)Nc1c(cccc1)CCc1ccc(cc1)NC(=O)Nc1ccc(cc1)*,200.0
*Oc1ccc(cc1)NC(=O)Nc1c(cccc1)CCc1c(cccc1)NC(=O)Nc1ccc(cc1)*,232.0
*Oc1cc(ccc1)OC1(C(C(C1(F)F)(F)F)(*)F)F,32.0
*Oc1ccc(cc1)c1ccc(cc1)OC1(C(C(C1(F)F)(F)F)(*)F)F,157.93
*Oc1ccc(cc1)Sc1ccc(cc1)OC1(C(C(C1(F)F)(F)F)(*)F)F,78.0
*Oc1ccc(cc1)C(c1ccc(cc1)OC1(C(C(C1(F)F)(F)F)(*)F)F)(C)C,98.0
*Oc1ccc(cc1)C(c1ccc(cc1)OC1(C(C(C1(F)F)(F)F)(*)F)F)(C(F)(F)F)C(F)(F)F,122.5
*Oc1ccc(cc1)C1(c2ccccc2c2ccccc12)c1ccc(cc1)OC1(C(C(C1(F)F)(F)F)(*)F)F,228.0
*Oc1cc(ccc1)Oc1ccc(cc1)C(=O)c1ccc(cc1)*,123.0
*Oc1c2c(c(cc1)c1c3c(c(cc1)Oc1ccc(cc1)*)cccc3)cccc2,226.0
*Oc1c2c(c(cc1)c1c3c(c(cc1)Oc1ccc(cc1)Oc1ccc(cc1)Oc1ccc(cc1)*)cccc3)cccc2,147.0
*Oc1c2c(c(cc1)c1c3c(c(cc1)Oc1ccc(cc1)Oc1c(c(ccc1)Oc1ccc(cc1)*)C)cccc3)cccc2,156.0
*Oc1c2c(c(cc1)c1c3c(c(cc1)Oc1ccc(cc1)Oc1c(ccc(c1)Oc1ccc(cc1)*)CCCCCC)cccc3)cccc2,150.0
*C1(c2c(C(=O)O1)cccc2)c1ccc(cc1)Oc1ccc(cc1)Oc1c2c(c(cc1)c1c3c(c(cc1)Oc1ccc(cc1)Oc1ccc(cc1)*)cccc3)cccc2,198.0
*Oc1c2c(c(cc1)c1c3c(c(cc1)Oc1ccc(cc1)Oc1ccc(cc1)S(=O)(=O)c1ccc(cc1)Oc1ccc(cc1)*)cccc3)cccc2,214.0
*Oc1c(cc(cc1OC)/C=C/c1ccc(cc1)/C=C/c1cc(c(c(c1)OC)OCCCCCC*)OC)OC,90.0
*Oc1c(cc(cc1OC)/C=C/c1ccc(cc1)/C=C/c1cc(c(c(c1)OC)OCCCCCCCC*)OC)OC,80.9
*Oc1c(cc(cc1OC)/C=C/c1ccc(cc1)/C=C/c1cc(c(c(c1)OC)OCCCCCCCCCC*)OC)OC,68.5
*Oc1c(cc(cc1OC)/C=C/c1ccc(cc1)/C=C/c1cc(c(c(c1)OC)OCCCCCCCCCCCC*)OC)OC,61.1
*Oc1c(cc(cc1OC)/C=C/c1ccc(cc1)/C=C/c1ccc(cc1)/C=C/c1cc(c(c(c1)OC)OCCCCCCCC*)OC)OC,78.7
*C1OC(C(C(C1N)O)O*)CO,122.0
*C1OC(C(C(C1NC(=O)C)O)O*)CO,236.5
*Oc1ccc(cc1)NC(=O)c1c(ccc(c1)c1cc(c(cc1)C(=O)OCC)C(=O)Nc1ccc(cc1)*)C(=O)OCC,190.15
*Oc1ccc(cc1)NC(=O)c1c(cc(c(c1)C(=O)Nc1ccc(cc1)*)C(=O)OCC)C(=O)OCC,208.05
*Oc1c(cc(cc1)Oc1ccc(cc1)C(=O)c1ccc(cc1)*)S(=O)(=O)O,214.67
*C1OC2C(C1OC(=O)OC*)OC(O2)(C)C,128.0
*C1COC2C1OCC2OC(=O)C(NC(=O)CCCCC(=O)NC(C(=O)O*)Cc1ccccc1)Cc1ccccc1,97.5
*C1COC2C1OCC2OC(=O)C(NC(=O)CCCCCCC(=O)NC(C(=O)O*)Cc1ccccc1)Cc1ccccc1,91.0
*C1COC2C1OCC2OC(=O)C(NC(=O)CCCCCCCCC(=O)NC(C(=O)O*)Cc1ccccc1)Cc1ccccc1,74.0
*C1COC2C1OCC2OC(=O)C(NC(=O)CCCCCCCCCCC(=O)NC(C(=O)O*)Cc1ccccc1)Cc1ccccc1,76.0
*C1COC2C1OCC2OC(=O)C(NC(=O)CCCCC(=O)NC(C(=O)O*)CC(C)C)CC(C)C,91.0
*C1COC2C1OCC2OC(=O)C(NC(=O)CCCCCCCCC(=O)NC(C(=O)O*)CC(C)C)CC(C)C,89.0
*C1COC2C1OCC2OC(=O)C(NC(=O)CCCCC(=O)NC(C(=O)O*)C(CC)C)C(CC)C,102.0
*C1COC2C1OCC2OC(=O)C(NC(=O)CCCCCCCCC(=O)NC(C(=O)O*)C(CC)C)C(CC)C,91.0
*C1COC2C1OCC2OC(=O)C(NC(=O)CCCCC(=O)NC(C(=O)O*)CCSC)CCSC,71.0
*C1COC2C1OCC2OC(=O)C(NC(=O)CCCCCCCCC(=O)NC(C(=O)O*)CCSC)CCSC,61.0
*Oc1ccc(cc1)N(c1ccc(cc1)c1ccc(cc1)N(c1ccc(cc1)*)c1ccccc1)c1ccccc1,218.0
*Oc1ccc(cc1)N(c1cc2c(cc1)ccc(c2)N(c1ccc(cc1)*)c1ccc(cc1)OC)c1ccc(cc1)OC,197.0
*Oc1ccc(cc1)NC(=C(C#N)C#N)c1ccc(cc1)C(=C(C#N)C#N)Nc1ccc(cc1)*,274.0
*Oc1ccc(cc1)NC(=C(C#N)C#N)c1cc2c(cc1)cc(cc2)C(=C(C#N)C#N)Nc1ccc(cc1)*,280.0
*Oc1ccc(cc1)Oc1ccc(cc1)NC(=C(C#N)C#N)c1ccc(cc1)C(=C(C#N)C#N)Nc1ccc(cc1)*,255.0
*Oc1ccc(cc1)Oc1ccc(cc1)NC(=C(C#N)C#N)c1cc(ccc1)C(=C(C#N)C#N)Nc1ccc(cc1)*,228.0
*C1OC(C(C(C1O)O)O)OC*,183.0
*Oc1ccc(cc1)OC(=O)c1c(cc(cc1)C(=O)Oc1ccc(cc1)OCCCC*)C(=O)OCC=C,56.0
*O[Si](COC(=O)CCCCCCCCC(=O)Oc1ccc(cc1)S(=O)(=O)c1ccc(cc1)Oc1ccc(cc1)C=C1C(=O)C(=Cc2ccc(cc2)Oc2ccc(cc2)S(=O)(=O)c2ccc(cc2)OC(=O)CCCCCCCCC(=O)OC[Si](*)(C)C)CC1)(C)C,73.0
*O[Si](COC(=O)CCCCCCCCC(=O)Oc1ccc(cc1)S(=O)(=O)c1ccc(cc1)Oc1ccc(cc1)C=C1C(=O)C(=Cc2ccc(cc2)Oc2ccc(cc2)S(=O)(=O)c2ccc(cc2)OC(=O)CCCCCCCCC(=O)OC[Si](*)(C)C)CCC1)(C)C,80.0
*O[Si](COC(=O)CCCCCCCCC(=O)Oc1ccc(cc1)S(=O)(=O)c1ccc(cc1)Oc1ccc(cc1)C=C1C(=O)C(=Cc2ccc(cc2)Oc2ccc(cc2)S(=O)(=O)c2ccc(cc2)OC(=O)CCCCCCCCC(=O)OC[Si](*)(C)C)CCCC1)(C)C,81.0
*OCCOCCNC(=O)Nc1ccc(cc1)Cc1ccc(cc1)NC(=O)NCC*,8.0
*C1OC(C(C(C1OC(=O)Nc1ccccc1)OC(=O)Nc1ccccc1)O*)COC(=O)Nc1ccccc1,217.0
*O[Si](O[Si](O[Si](O[Si](O[Si](O[Si](Oc1c2ccccc2c2ccccc2c1*)(C)C)(C)C)(C)C)(C)C)(C)C)(C)C,-68.0
*O[Si](O[Si](O[Si](O[Si](O[Si](Oc1c2ccccc2c2ccccc2c1*)(C)C)(C)C)(C)C)(C)C)(C)C,-38.0
*O[Si](O[Si](O[Si](O[Si](Oc1c2ccccc2c2ccccc2c1*)(C)C)(C)C)(C)C)(C)C,-35.0
*c1oc(nn1)c1ccc(cc1)Oc1ccc(cc1)C=Cc1ccc(cc1)Oc1ccc(cc1)*,215.0
*c1oc(nn1)c1ccc(cc1)Oc1c2c(c(cc1)C=Cc1ccc(cc1)Oc1ccc(cc1)*)cccc2,213.0
*c1oc(nn1)c1c2c(c(cc1)Oc1ccc(cc1)C=Cc1ccc(cc1)Oc1c3c(c(cc1)*)cccc3)cccc2,238.0
*c1oc(nn1)c1c2c(c(cc1)Oc1c3c(c(cc1)C=Cc1ccc(cc1)Oc1c4c(c(cc1)*)cccc4)cccc3)cccc2,241.0
*Oc1ccc(cc1)C=Cc1ccc(cc1)OCCCCCC*,76.0
*Oc1c2c(c(cc1)C=Cc1ccc(cc1)OCCCCCC*)cccc2,78.0
*Oc1c(ccc(c1)OC(=O)c1ccc(cc1)Oc1ccc(cc1)C1(CCC(CC1)C(C)(C)C)c1ccc(cc1)Oc1ccc(cc1)C(=O)*)C12CC3CC(CC(C1)C3)C2,180.0
*Oc1cc(c(cc1)c1c(cc(cc1)OC(=O)c1ccc(cc1)Oc1ccc(cc1)C1(CCC(CC1)C(C)(C)C)c1ccc(cc1)Oc1ccc(cc1)C(=O)*)C)C,163.0
*Oc1ccc(cc1)C1(C2CC3CC(CC1C3)C2)c1ccc(cc1)OC(=O)c1ccc(cc1)Oc1ccc(cc1)C1(CCC(CC1)C(C)(C)C)c1ccc(cc1)Oc1ccc(cc1)C(=O)*,197.0
*Oc1ccc(cc1)C1(CCC(CC1)C(C)(C)C)c1ccc(cc1)Oc1ccc(cc1)C(=O)Oc1ccc(cc1)C1(CCC(CC1)c1ccccc1)c1ccc(cc1)OC(=O)c1ccc(cc1)*,172.0
*Oc1ccc(cc1)C1(CCCCCCCCCCC1)c1ccc(cc1)OC(=O)c1ccc(cc1)Oc1ccc(cc1)C1(CCC(CC1)C(C)(C)C)c1ccc(cc1)Oc1ccc(cc1)C(=O)*,181.0
*Oc1ccc(cc1)C1(CCC(CC1)C(C)(C)C)c1ccc(cc1)Oc1ccc(cc1)C(=O)Oc1ccc(cc1)C(c1ccc(cc1)OC(=O)c1ccc(cc1)*)(C)C,144.0
*Oc1ccc(cc1)C1(CCC(CC1)C(C)(C)C)c1ccc(cc1)Oc1ccc(cc1)C(=O)Oc1c(cc(cc1C)C(c1cc(c(c(c1)C)OC(=O)c1ccc(cc1)*)C)(C)C)C,176.0
*C1COC2C1OCC2OC(=O)C(NC(=O)CCCCC(=O)NC(C(=O)O*)C)C,56.0
*C1COC2C1OCC2OC(=O)C(NC(=O)CCCCCC(=O)NC(C(=O)O*)C)C,45.0
*C1COC2C1OCC2OC(=O)C(NC(=O)CCCCCCC(=O)NC(C(=O)O*)C)C,57.0
*C1COC2C1OCC2OC(=O)C(NC(=O)CCCCCCCC(=O)NC(C(=O)O*)C)C,46.0
*C1COC2C1OCC2OC(=O)C(NC(=O)CCCCCCCCC(=O)NC(C(=O)O*)C)C,57.0
*C1COC2C1OCC2OC(=O)C(NC(=O)CCCCCCCCCCC(=O)NC(C(=O)O*)C)C,28.0
*C1COC2C1OCC2OC(=O)CNC(=O)CCCCCCCCC(=O)NCC(=O)O*,66.0
*C1COC2C1OCC2OC(=O)CNC(=O)CNC(=O)CCCCCCCCC(=O)NCC(=O)NCC(=O)O*,47.0
*Oc1ccc(cc1)C=Cc1c(cc(c(c1)OCCCCCCCC)C=Cc1ccc(cc1)OCCCCCCCC*)OCCCCCCCC,130.0
*Oc1ccc(cc1)C(=Cc1c(cc(c(c1)OC)C=C(c1ccc(cc1)*)c1ccc(cc1)F)OC)c1ccc(cc1)F,187.0
*Oc1ccc(cc1)C(=Cc1c(cc(c(c1)OC)C=C(c1ccc(cc1)*)c1ccc(cc1)C(F)(F)F)OC)c1ccc(cc1)C(F)(F)F,194.0
*Oc1ccc(cc1)N(c1ccc(cc1)c1ccc(cc1)N(c1ccc(cc1)*)c1ccc(cc1)OCCCCCC)c1ccc(cc1)OCCCCCC,105.0
*Oc1ccc(cc1)N(c1ccc(cc1)c1ccc(cc1)N(c1ccc(cc1)OCCCCCCCCCC*)c1ccccc1)c1ccccc1,90.0
*Oc1ccc(cc1)C1(C2C3C(CCC3)C(C1)C2)c1ccc(cc1)OC(=O)c1ccc(cc1)Oc1ccc(cc1)C1(CCC(CC1)C(C)(C)C)c1ccc(cc1)Oc1ccc(cc1)C(=O)*,181.0
*O[Si](O[Si](O[Si](O[Si](O[Si](O[Si](OC1=C(c2c3c(ccc2)cccc13)*)(C)C)(C)C)(C)C)(C)C)(C)C)(C)C,-93.0
*O[Si](O[Si](O[Si](O[Si](O[Si](OC1=C(c2c3c(ccc2)cccc13)*)(C)C)(C)C)(C)C)(C)C)(C)C,-54.0
*O[Si](O[Si](O[Si](O[Si](OC1=C(c2c3c(ccc2)cccc13)*)(C)C)(C)C)(C)C)(C)C,-43.0
*Oc1c(cc(cc1)Oc1ccc(cc1)NC(=O)c1cc(ccc1)C(=O)Nc1ccc(cc1)*)C(C)(C)C,208.0
*OCC(C*)(COC(=O)C(=C)C)CC,72.5
*O[Si](O[Si](OC(CCC(*)C)C)(C)C)(C)C,-83.0
*O[Si](O[Si](O[Si](OC(CCC(*)C)C)(C)C)(C)C)(C)C,-90.0
*O[Si](O[Si](O[Si](O[Si](OC(CCC(*)C)C)(C)C)(C)C)(C)C)(C)C,-96.0
*O[Si](O[Si](O[Si](O[Si](O[Si](OC(CCC(*)C)C)(C)C)(C)C)(C)C)(C)C)(C)C,-106.0
*Oc1ccc(cc1)NC(=O)c1ccc(cc1)NC(=O)c1ccc(cc1)[Si](c1ccc(cc1)C(=O)Nc1ccc(cc1)C(=O)Nc1ccc(cc1)*)(C)C,304.0
*Oc1ccc(cc1)N(c1ccc(cc1)/C=C(/C(=O)NC1C(CCCC1)NC(=O)/C(=C/c1ccc(cc1)N(c1ccc(cc1)*)CC)/C#N)\C#N)CC,235.0
*c1sc(c(c1c1ccccc1)c1ccccc1)c1ccc(cc1)CC(=O)Nc1ccc(cc1)Oc1ccc(cc1)NC(=O)Cc1ccc(cc1)*,226.0
*C1COC2C1OCC2OC(=O)c1ccc(cc1)N=Nc1ccc(cc1)C(=O)O*,98.0
*C1COC2C1OCC2OC(=O)CCCCCCCCC(=O)O*,109.0
*Oc1ccc(cc1)C(=O)OCCN(CCOC(=O)c1ccc(cc1)OCC#CC#CC*)c1ccc(cc1)[N+](=O)[O-],100.0
*Oc1ccc(cc1)C(=O)OCCN(CCOC(=O)c1ccc(cc1)OCC#CC#CC*)c1ccc(cc1)N=Nc1ccc(cc1)C#N,121.0
*Oc1ccc(cc1)C(=O)OCCN(CCOC(=O)c1ccc(cc1)OCC#CC#CC*)c1ccc(cc1)N=Nc1ccc(cc1)[N+](=O)[O-],100.0
*Oc1cc(ccc1)C(=O)OCCN(CCOC(=O)c1cc(ccc1)OCC#CC#CC*)c1ccc(cc1)N=Nc1ccc(cc1)C#N,50.0
*Oc1ccc(cc1)C(=O)OCCN(CCOC(=O)c1ccc(cc1)OCC#CC#CC*)c1ccc(cc1)N=Nc1ccc(cc1)N=Nc1cc(c(c(c1)C)[N+](=O)[O-])C,115.0
*Oc1ccc(cc1)C(=O)OCCN(CCOC(=O)c1ccc(cc1)OCC#CC#CC*)c1ccc(cc1)N=Nc1ccc(cc1)N=Nc1cc(c(c(c1)C)C#N)C,120.0
*Oc1ccc(cc1)S(=O)(=O)c1ccc(cc1)Oc1ccc(cc1)C(=O)c1cc(cc(c1)Br)C(=O)c1ccc(cc1)*,192.0
*Oc1ccc(cc1)S(=O)(=O)c1ccc(cc1)Oc1ccc(cc1)C(=O)c1cc(cc(c1)I)C(=O)c1ccc(cc1)*,203.0
*Oc1ccc(cc1)S(=O)(=O)c1ccc(cc1)Oc1ccc(cc1)C(=O)c1cc(cc(c1)C(C)(C)C)C(=O)c1ccc(cc1)*,198.0
*Oc1ccc(cc1)C(c1ccc(cc1)Oc1ccc(cc1)C(=O)c1cc(ccc1)C(=O)c1ccc(cc1)*)(C(F)(F)F)C(F)(F)F,175.0
*Oc1ccc(cc1)C(c1ccc(cc1)Oc1ccc(cc1)C(=O)c1cc(cc(c1)C(C)(C)C)C(=O)c1ccc(cc1)*)(C(F)(F)F)C(F)(F)F,181.0
*c1oc(nn1)c1ccc(cc1)C#Cc1c(cc(c(c1)OCCCCCCCC)C#Cc1ccc(cc1)*)OCCCCCCCC,130.0
*O[Si](O[Si](OC(CCCCC(*)C)C)(C)C)(C)C,-87.0
*O[Si](O[Si](O[Si](OC(CCCCC(*)C)C)(C)C)(C)C)(C)C,-94.0
*O[Si](O[Si](O[Si](O[Si](OC(CCCCC(*)C)C)(C)C)(C)C)(C)C)(C)C,-98.0
*O[Si](O[Si](O[Si](O[Si](O[Si](OC(CCCCC(*)C)C)(C)C)(C)C)(C)C)(C)C)(C)C,-104.0
*c1oc(nn1)c1c(cc(cc1)*)OCC,231.0
*c1oc(nn1)c1c(cc(cc1)*)OCCCCC,205.0
*c1oc(nn1)c1c(cc(cc1)*)OCCCCCCCC,173.0
*c1oc(nn1)c1c(cc(cc1)*)OCCCCCCCCCC,165.0
*C1(c2c(C(=O)N1C)cccc2)c1ccc(cc1)Oc1ccc(cc1)C(=O)c1ccc(cc1)Oc1ccc(cc1)*,245.0
*OOC(C*)c1ccc(cc1)C,4.6
*OOC(C*)c1ccc(cc1)Br,9.6
*OOC(C*)c1ccc(cc1)C(C)(C)C,19.9
*Oc1cc(ccc1)Oc1cc(c(cc1)C(=O)O)C(=O)Nc1ccc(cc1)Oc1ccc(cc1)c1ccc(cc1)Oc1ccc(cc1)NC(=O)c1c(ccc(c1)*)C(=O)O,100.0
*O[Si](OC(CCC*)C)(C)C,-81.0
*O[Si](OC(CC*)C)(C)C,-88.0
*OC(C(=O)N(S(=O)(=O)C(C(*)(F)F)(F)F)[Li])(C(F)(F)F)F,67.0
*C1OCOC(C1(F)F)C(*)(F)F,125.0
*Oc1ccc(cc1)P(=O)(c1ccc(cc1)Oc1ccc(cc1)C(c1ccc(cc1)*)(C(F)(F)F)C(F)(F)F)c1ccccc1,210.5
*Oc1c(c(c(c(c1F)F)Sc1c(c(c(c(c1F)F)Oc1ccc(cc1)C(c1ccc(cc1)*)(C(F)(F)F)C(F)(F)F)F)F)F)F,130.33
*C1(c2c(C(=O)O1)cccc2)c1cc(c(cc1)Oc1ccc(cc1)S(=O)(=O)c1ccc(cc1)Oc1c(cc(cc1)*)C)C,245.0
*C1(c2c(C(=O)O1)cccc2)c1c(cc(c(c1)C)Oc1ccc(cc1)S(=O)(=O)c1ccc(cc1)Oc1c(cc(c(c1)C)*)C)C,269.0
*C1(c2c(C(=O)O1)cccc2)c1c(cc(c(c1)C(C)C)Oc1ccc(cc1)S(=O)(=O)c1ccc(cc1)Oc1c(cc(c(c1)C)*)C(C)C)C,230.0
*Oc1ccc(cc1)S(=O)(=O)c1ccc(cc1)Oc1c(cc(c(c1)C)C(c1c(cc(c(c1)C(C)C)*)C)c1c(cccc1)C(=O)O)C(C)C,240.0
*Oc1ccc(cc1)S(=O)(=O)c1ccc(cc1)Oc1ccc(cc1)C(c1ccc(cc1)*)c1c(cccc1)C(=O)O,223.0
*Oc1cc(ccc1)N(c1ccc(cc1)c1ccc(cc1)N(c1cc(ccc1)OC(=O)OCCOCCOC(=O)*)c1ccccc1)c1ccccc1,113.0
*Oc1cc(ccc1)N(c1ccc(cc1)c1ccc(cc1)N(c1cc(ccc1)OC(=O)OCCOCCOC(=O)*)c1ccc(cc1)N=Nc1ccc(cc1)[N+](=O)[O-])c1ccccc1,107.25
*C1OCCCC1C1C(=O)OC(=O)C1*,210.0
*C1OC(C(C(C1OC(=O)C)O)O*)COC(=O)C,202.0
*Oc1ccc(cc1)c1ccc(cc1)Oc1ccc(cc1)C(=O)c1ccc(cc1)C(=O)c1ccc(cc1)*,173.0
*Oc1c2c(c(cc1)OC(=O)c1ccc(cc1)Oc1ccc(cc1)C(=O)*)cccc2,166.0
*Oc1c2c(ccc1)c(ccc2)OC(=O)c1ccc(cc1)Oc1ccc(cc1)C(=O)*,171.0
*Oc1c2c(ccc1)cc(cc2)OC(=O)c1ccc(cc1)Oc1ccc(cc1)C(=O)*,179.0
*Oc1cc2c(cc1OC(=O)c1ccc(cc1)Oc1ccc(cc1)C(=O)*)cccc2,148.0
*Oc1cc2c(cc1)cc(cc2)OC(=O)c1ccc(cc1)Oc1ccc(cc1)C(=O)*,145.0
*Oc1cc2c(cc1)ccc(c2)OC(=O)c1ccc(cc1)Oc1ccc(cc1)C(=O)*,142.0
*c1sc(nn1)c1ccc(cc1)OCCCCCCCCCCCOC(=O)c1cc(ccc1)C(=O)OCCCCCCCCCCCOc1ccc(cc1)*,53.5
*c1sc(nn1)c1ccc(cc1)OCCCCCCCCCCCOC(=O)c1ccc(cc1)C(=O)OCCCCCCCCCCCOc1ccc(cc1)*,49.5
*c1sc(nn1)c1ccc(cc1)OCCCCCCCCCCCOC(=O)CCCCC(=O)OCCCCCCCCCCCOc1ccc(cc1)*,69.0
*c1sc(nn1)c1ccc(cc1)OCCCCCCCCCCCOC(=O)CCCCCCCCC(=O)OCCCCCCCCCCCOc1ccc(cc1)*,52.0
*c1sc(nn1)c1cc(ccc1)OCCCCCCCCCCCOC(=O)c1cc(ccc1)C(=O)OCCCCCCCCCCCOc1ccc(cc1)*,53.5
*c1sc(nn1)c1cc(ccc1)OCCCCCCCCCCCOC(=O)c1ccc(cc1)C(=O)OCCCCCCCCCCCOc1ccc(cc1)*,49.5
*c1sc(nn1)c1cc(ccc1)OCCCCCCCCCCCOC(=O)c1cc(ccc1)C(=O)OCCCCCCCCCCCOc1cc(ccc1)*,15.0
*c1sc(nn1)c1cc(ccc1)OCCCCCCCCCCCOC(=O)c1ccc(cc1)C(=O)OCCCCCCCCCCCOc1cc(ccc1)*,22.0
*Oc1c(cc(cc1)C(C)(C)C)Oc1ccc(cc1)S(=O)(=O)c1ccc(cc1)*,175.6
*Oc1c(cc(cc1)Oc1ccc(cc1)C(=O)c1ccc(cc1)C(=O)c1ccc(cc1)*)c1cc(c(cc1)Cl)C(F)(F)F,147.0
*Oc1ccc(cc1)C(c1ccc(cc1)OC(=O)/C=C\C(=O)OCC(C*)O)(C)C,32.0
*Oc1ccc(cc1)C(c1ccc(cc1)OCCCCCCCC*)(C)C,13.37
*Oc1ccc(cc1)C(c1ccc(cc1)OCCCCCCCC*)(C(F)(F)F)C(F)(F)F,27.8
*Oc1ccc(cc1)C(=O)NNC(=O)c1ccc(cc1)*,256.2
*OC(C*)CO,-27.0
*OC(=O)Nc1ccc(cc1)Cc1ccc(cc1)NC(=O)OCCOCCOCCOCC*,37.0
*Oc1ccc(cc1)N1ON1c1ccc(cc1)OCCCCCCOC(=O)C(C(=O)OCCCCCC*)CCCCCBr,7.0
*Oc1ccc(cc1)N1ON1c1ccc(cc1)OCCCCCCOC(=O)C(C(=O)OCCCCCC*)CCCCCCCCCCBr,16.0
*Oc1ccc(cc1)N1ON1c1ccc(cc1)OCCCCCCOC(=O)C(C(=O)OCCCCCC*)CCCCP(=O)(OCC)OCC,11.5
*Oc1ccc(cc1)N1ON1c1ccc(cc1)OCCCCCCOC(=O)C(C(=O)OCCCCCC*)CCCCP(=O)(O)O,11.5
*Oc1ccc(cc1)N1ON1c1ccc(cc1)OCCCCCCOC(=O)C(C(=O)OCCCCCC*)CCCCCP(=O)(OCC)OCC,12.0
*Oc1ccc(cc1)N1ON1c1ccc(cc1)OCCCCCCOC(=O)C(C(=O)OCCCCCC*)CCCCCP(=O)(O)O,12.0
*Oc1ccc(cc1)N1ON1c1ccc(cc1)OCCCCCCOC(=O)C(C(=O)OCCCCCC*)CCCCCCP(=O)(OCC)OCC,15.0
*Oc1ccc(cc1)N1ON1c1ccc(cc1)OCCCCCCOC(=O)C(C(=O)OCCCCCC*)CCCCCCP(=O)(O)O,15.0
*Oc1ccc(cc1)N1ON1c1ccc(cc1)OCCCCCCOC(=O)C(C(=O)OCCCCCC*)CCCCCCCCCCP(=O)(OCC)OCC,12.5
*Oc1ccc(cc1)N1ON1c1ccc(cc1)OCCCCCCOC(=O)C(C(=O)OCCCCCC*)CCCCCCCCCCP(=O)(O)O,12.5
*Oc1ccc(cc1)N1ON1c1ccc(cc1)OCCCCCCOC(=O)CC(=O)OCCCCCC*,16.0
*Oc1ccc(cc1)N1ON1c1ccc(cc1)OCCCCCCOC(=O)C(C(=O)OCCCCCC*)c1ccccc1,23.0
*Oc1c2c(c(cc1)C=Cc1ccc(cc1)C=Cc1c3c(c(cc1)OCCOCCOCC*)cccc3)cccc2,83.5
*Oc1c2c(c(cc1)C=Cc1c(cc(c(c1)OC)C=Cc1c3c(c(cc1)OCCOCCOCC*)cccc3)OC)cccc2,79.5
*O[Si](OC(COc1ccc(cc1)C(c1ccc(cc1)OCC(*)CCl)(C)C)CCl)(C)C,24.0
*O[Si](CCCC(=O)Oc1ccc(cc1)C=Nc1ccc(cc1)Oc1ccc(cc1)N=Cc1ccc(cc1)OC(=O)CCC[Si](*)(C)C)(C)C,52.0
*Oc1ccc(cc1)N(c1ccc(cc1)c1ccc(cc1)N(c1ccc(cc1)OCCCCCC*)c1ccccc1)c1ccccc1,128.0
*Oc1ccc(cc1)N(c1ccc(cc1)c1ccc(cc1)N(c1ccc(cc1)OCCCCCCCCCCCC*)c1ccccc1)c1ccccc1,92.0
*OP(=O)(N=Nc1ccc(cc1)COC(=O)c1cc(cc(c1)C(C)(C)C)C(=O)OCc1ccc(cc1)N=NP(=O)(OCC*)OC)OC,105.0
*OP(=O)(N=Nc1ccc(cc1)CCOC(=O)c1cc(cc(c1)C(C)(C)C)C(=O)OCCc1ccc(cc1)N=NP(=O)(OCC*)OC)OC,84.0
*OP(=O)(N=Nc1ccc(cc1)COC(=O)c1cc(cc(c1)C(C)(C)C)C(=O)OCc1ccc(cc1)N=NP(=O)(OCCCCCC*)OC)OC,62.0
*OP(=O)(N=Nc1ccc(cc1)CCOC(=O)c1cc(cc(c1)C(C)(C)C)C(=O)OCCc1ccc(cc1)N=NP(=O)(OCCCCCC*)OC)OC,47.0
*Oc1ccc(cc1)NC(=O)c1cc(cc(c1)NC(=O)CCN1C(=O)c2c(C1=O)cccc2)C(=O)Nc1ccc(cc1)*,240.0
*Oc1ccc(cc1)NC(=O)c1cc(cc(c1)NC(=O)CCCN1C(=O)c2c(C1=O)cccc2)C(=O)Nc1ccc(cc1)*,225.0
*Oc1ccc(cc1)NC(=O)c1cc(cc(c1)NC(=O)CCCCCN1C(=O)c2c(C1=O)cccc2)C(=O)Nc1ccc(cc1)*,200.0
*Oc1ccc(cc1)NC(=O)c1cc(cc(c1)NC(=O)CCCCCCCCCCN1C(=O)c2c(C1=O)cccc2)C(=O)Nc1ccc(cc1)*,160.0
*Oc1ccc(cc1)S(=O)(=O)c1ccc(cc1)Oc1c(cc(c(c1C)Br)C(c1c(c(c(c(c1)C)*)C)Br)(C)C)C,275.4
*Oc1ccc(cc1)S(=O)(=O)c1ccc(cc1)Oc1c(cc(c(c1C)Br)c1c(c(c(c(c1)C)*)C)Br)C,298.2
*Oc1ccc(cc1)C(=O)Nc1ccc(cc1)C(c1ccc(cc1)NC(=O)c1ccc(cc1)*)(P1(=O)c2ccccc2c2ccccc2O1)P1(=O)c2ccccc2c2ccccc2O1,243.0
*Oc1ccc(cc1)c1ccc(cc1)OCCCCCCCCCCCOC(=O)c1cc(cc(c1)OCCCCCCCCOc1ccc(cc1)N=Nc1ccc(cc1)OC)C(=O)OCCCCCCCCCCC*,60.0
*Oc1ccc(cc1)c1ccc(cc1)OCCCCCCCCCCCOC(=O)c1cc(cc(c1)OCCCCCCCCCCOc1ccc(cc1)N=Nc1ccc(cc1)OC)C(=O)OCCCCCCCCCCC*,53.0
*Oc1cc2c(cc1)cc(cc2)Oc1ccc(cc1)C(=O)c1ccc(cc1)*,247.0
*Oc1c2c(ccc1)c(ccc2)OC1(C(C(C1(F)F)(F)F)(*)F)F,124.8
*Oc1ccc(cc1)OC1(C(C(C1(F)F)(F)F)(*)F)F,41.0
*Oc1ccc(cc1)SSc1ccc(cc1)*,74.9
*Oc1c2c(c(cc1)c1c3c(c(cc1)Oc1c(c4c(cc1)cccc4)c1c4c(ccc1*)cccc4)cccc3)cccc2,301.0
*c1oc(nn1)c1ccc(cc1)Oc1ccc(cc1)c1c(cc(c(c1)OCCCCCC)c1ccc(cc1)Oc1ccc(cc1)*)OCCCCCC,103.0
*Oc1ccc(cc1)S(=O)(=O)c1ccc(cc1)Oc1c(cc(cc1)C(c1cc(c(cc1)*)Br)(C(F)(F)F)C(F)(F)F)Br,197.5
*Oc1ccc(cc1)S(=O)(=O)c1ccc(cc1)Oc1c(cc(cc1)C(c1cc(c(cc1)*)[Si](C)(C)C)(C(F)(F)F)C(F)(F)F)[Si](C)(C)C,168.6
*Oc1cc(c(cc1)S(=O)(=O)c1c(cc(cc1)Oc1ccc(cc1)C(c1ccc(cc1)*)(C(F)(F)F)C(F)(F)F)[Si](C)(C)C)[Si](C)(C)C,172.0
*Oc1cc(c(cc1)S(=O)(=O)c1c(cc(cc1)Oc1c(cc(cc1)C(c1cc(c(cc1)*)[Si](C)(C)C)(C(F)(F)F)C(F)(F)F)[Si](C)(C)C)[Si](C)(C)C)[Si](C)(C)C,148.9
*Oc1c(cc(cc1)S(=O)(=O)c1cc(c(cc1)Oc1c(cc(cc1C)C(c1cc(c(c(c1)C)*)C)(C(F)(F)F)C(F)(F)F)C)Br)Br,230.8
*Oc1cc(c(cc1)S(=O)(=O)c1c(cc(cc1)Oc1c(cc(cc1C)C(c1cc(c(c(c1)C)*)C)(C(F)(F)F)C(F)(F)F)C)[Si](C)(C)C)[Si](C)(C)C,197.0
*Oc1ccc(cc1)Oc1ccc(cc1)C=NCCN=Cc1ccc(cc1)*,101.0
*Oc1ccc(cc1)Oc1ccc(cc1)C=NCCCCN=Cc1ccc(cc1)*,105.0
*Oc1ccc(cc1)Oc1ccc(cc1)C=NCCCCCCN=Cc1ccc(cc1)*,111.0
*Oc1ccc(cc1)Oc1ccc(cc1)C=NCCCCCCCCCCN=Cc1ccc(cc1)*,108.0
*Oc1ccc(cc1)Oc1ccc(cc1)C=NCCCCCCCCCCCCN=Cc1ccc(cc1)*,118.0
*Oc1ccc(cc1)Oc1ccc(cc1)C=Nc1ccc(cc1)N=Cc1ccc(cc1)*,117.0
*Oc1ccc(cc1)Oc1ccc(cc1)C=Nc1ccc(cc1)Oc1ccc(cc1)N=Cc1ccc(cc1)*,120.0
*OP(=O)(Oc1ccc(cc1)*)OC1CCCCC1,108.0
*OP(=O)(Oc1ccc(cc1)C(c1ccc(cc1)*)(C)C)OC1CCCCC1,86.0
*OP(=O)(Oc1ccc(cc1)c1ccc(cc1)*)OC1CCCCC1,116.0
*OP(=O)(Oc1c2c(ccc1)c(ccc2)*)OC1CCCCC1,134.0
*OP(=O)(Oc1ccc(cc1)S(=O)(=O)c1ccc(cc1)*)OC1CCCCC1,120.0
*OP(=O)(Oc1ccc(cc1)*)Oc1ccccc1,97.0
*OP(=O)(Oc1ccc(cc1)c1ccc(cc1)*)Oc1ccccc1,112.0
*OP(=O)(Oc1c2c(ccc1)c(ccc2)*)Oc1ccccc1,138.0
*c1sc(nn1)SCC(=O)NN=Cc1ccc(cc1)OCCCCCCCCCCOc1ccc(cc1)C=NNC(=O)CS*,117.0
*c1sc(nn1)SCC(=O)NN=Cc1cc(c(cc1)OCCCCCCCCCCOc1c(cc(cc1)C=NNC(=O)CS*)OC)OC,156.0
*c1ncc(cc1)c1ccc(cc1)Oc1ccc(cc1)P(=O)(c1ccc(cc1)Oc1ccc(cc1)*)c1ccccc1,257.0
*Oc1c(c(c(c(c1F)F)c1c(c(c(c(c1F)F)Oc1c(cc(cc1)Cc1cc(c(cc1)*)C=O)C=O)F)F)F)F,198.0
*Oc1ccc(cc1)C(=Cc1ccc(cc1)OCC(COC(=O)CCCCC(=O)OCC(C*)O)O)C,33.0
*Oc1ccc(cc1)C(=Cc1ccc(cc1)OCC(COC(=O)CCCCCCCCC(=O)OCC(C*)O)O)C,30.0
*Oc1ccc(cc1)OC(=O)c1ccc(cc1)OCC(COC(=O)CCCCC(=O)OCC(C*)O)O,37.0
*Oc1ccc(cc1)OC(=O)c1ccc(cc1)OCC(COC(=O)CCCCCCCCC(=O)OCC(C*)O)O,36.0
*OCC(C*)(COCCC#N)C,-52.0
*OCC(C*)(COCCOCCOCCOC)C,-18.0
*Oc1ccc(cc1)S(=O)(=O)c1ccc(cc1)Oc1ccc(cc1)C(c1ccc(cc1)*)(CCC(=O)O)C,163.0
*Oc1ccc(cc1)C1(c2ccccc2c2ccccc12)c1ccc(cc1)OCCOC(=O)Nc1ccc(cc1)Cc1ccc(cc1)NC(=O)OCC*,152.0
*Oc1ccc(cc1)C1(c2ccccc2c2ccccc12)c1ccc(cc1)OCCOC(=O)Nc1c(ccc(c1)NC(=O)OCC*)C,175.0
*Oc1ccc(cc1)C1(c2ccccc2c2ccccc12)c1ccc(cc1)OCCOC(=O)NCCCCCCNC(=O)OCC*,61.0
*Oc1ccc(cc1)C1(c2ccccc2c2ccccc12)c1ccc(cc1)OCCOC(=O)NC1CCC(CC1)CC1CCC(CC1)NC(=O)OCC*,140.0
*Oc1ccc(cc1)C1(c2ccccc2c2ccccc12)c1ccc(cc1)OCCOC(=O)C1CCC(CC1)C(=O)OCC*,148.0
*Oc1ccc(cc1)C(c1ccc(cc1)OCCOC(=O)Nc1ccc(cc1)Cc1ccc(cc1)NC(=O)OCC*)(C)C,127.0
*Oc1ccc(cc1)C(c1ccc(cc1)OCCOC(=O)C1CCC(CC1)C(=O)OCC*)(C)C,57.0
*Oc1ccc(cc1)C(=O)Nc1cc(cc(c1)C(=O)OCCOC(=O)C=Cc1ccc(cc1)N(C)C)NC(=O)c1ccc(cc1)*,182.0
*C1COC2C1OCC2OC(=O)OCCCCCCOC(=O)O*,25.67
*Oc1ccc(cc1)S(=O)(=O)c1ccc(cc1)OC1(C(C(C1(F)F)(F)F)(*)F)F,159.47
*C1COC2C1OCC2OC(=O)OCC(C(COC(=O)O*)OC)OC,61.0
*C1COC2C1OCC2OC(=O)OCC(C(COC(=O)O*)O)O,78.5
*C1COC2C1OCC2OC(=O)OCC1OC(OC1COC(=O)O*)(C)C,95.5
*c1nc(nc(n1)Oc1ccc(cc1)C(=O)Nc1ccc(cc1)S(=O)(=O)c1ccc(cc1)NC(=O)c1ccc(cc1)O*)Sc1ccccc1,310.0
*c1nc(nc(n1)Oc1ccc(cc1)C(=O)Nc1ccc(cc1)Cc1ccc(cc1)NC(=O)c1ccc(cc1)O*)Sc1ccccc1,302.0
*c1nc(nc(n1)Oc1cc(ccc1)C(=O)Nc1ccc(cc1)c1ccc(cc1)NC(=O)c1cc(ccc1)O*)Sc1ccccc1,279.0
*c1nc(nc(n1)Oc1cc(ccc1)C(=O)Nc1ccc(cc1)S(=O)(=O)c1ccc(cc1)NC(=O)c1cc(ccc1)O*)Sc1ccccc1,304.0
*C1(OC(C(O1)(F)C(F)(F)F)(F)F)C(*)(F)F,131.18
*Oc1ccc(cc1)C(=O)Nc1cc(cc(c1)c1nc2c([nH]1)cccc2)NC(=O)c1ccc(cc1)*,335.0
*Oc1ccc(cc1)C(=O)Nc1cc(cc(c1)c1nc2c([nH]1)cccc2)NC(=O)c1ccc(cc1)OCC*,275.0
*Oc1ccc(cc1)C(=O)Nc1cc(cc(c1)c1nc2c([nH]1)cccc2)NC(=O)c1ccc(cc1)OCCOCC*,230.0
*Oc1ccc(cc1)C(=O)Nc1cc(cc(c1)c1nc2c([nH]1)cccc2)NC(=O)c1ccc(cc1)OCCOCCOCC*,165.0
*Oc1ccc(cc1)C(=O)Nc1cc(cc(c1)c1nc2c([nH]1)cccc2)NC(=O)c1ccc(cc1)OCCOCCOCCOCC*,163.0
*Oc1ccc(cc1)C(=O)Nc1cc(cc(c1)c1nc2c([nH]1)cccc2)NC(=O)c1ccc(cc1)OCCOCCOCCOCCOCC*,145.0
*Oc1ccc(cc1)C(=O)Nc1cc(cc(c1)c1nc2c([nH]1)cccc2)NC(=O)c1ccc(cc1)OCCOCCOCCOCCOCCOCC*,125.0
*Oc1c(cc(cc1)Oc1ccc(cc1)C(=O)c1cc(ccc1)C(=O)c1ccc(cc1)*)S(=O)(=O)O,195.0
*Oc1c(cc(cc1)Oc1c(cc(cc1)C(=O)c1cc(c(cc1)*)S(=O)(=O)O)S(=O)(=O)O)S(=O)(=O)O,248.0
*Oc1ccc(cc1)Oc1c(cc(cc1)C(=O)c1cc(c(cc1)*)S(=O)(=O)O)S(=O)(=O)O,220.0
*Oc1ccc(cc1)c1ccc(cc1)Oc1c(cc(cc1)C(=O)c1cc(c(cc1)*)S(=O)(=O)O)S(=O)(=O)O,225.0
*Oc1ccc(cc1)C(c1ccc(cc1)Oc1c(cc(cc1)C(=O)c1cc(c(cc1)*)S(=O)(=O)O)S(=O)(=O)O)(C)C,175.0
*Oc1c(cc(cc1)S(=O)(=O)c1cc(c(cc1)Oc1ccc(cc1)C(c1ccc(cc1)*)(C)C)S(=O)(=O)O)S(=O)(=O)O,188.0
*Oc1ccc(cc1)c1ccc(cc1)C(=O)OCC(COC(=O)c1ccc(cc1)c1ccc(cc1)OC(CC*)C)C,88.33
*Oc1c(cc(cc1C)C(=O)c1ccc(cc1)*)C,200.0
*Oc1c(c(c(c(c1F)F)S(=O)(=O)c1c(c(c(c(c1F)F)Oc1ccc(cc1)C(c1ccc(cc1)*)(C(F)(F)F)C(F)(F)F)F)F)F)F,182.0
*Oc1c(cc(c(c1)C(C)(C)C)Oc1ccc(cc1)C(=O)Nc1ccc(cc1)C(c1ccc(cc1)NC(=O)c1ccc(cc1)*)(C)C)C(C)(C)C,254.0
*Oc1c(cc(c(c1)C(C)(C)C)Oc1ccc(cc1)C(=O)Nc1c(cc(cc1)C(c1cc(c(cc1)NC(=O)c1ccc(cc1)*)C)(C)C)C)C(C)(C)C,275.0
*Oc1c(cc(c(c1)C(C)(C)C)Oc1ccc(cc1)C(=O)Nc1c(cc(cc1C)C(c1cc(c(c(c1)C)NC(=O)c1ccc(cc1)*)C)(C)C)C)C(C)(C)C,295.0
*Oc1c(cc(c(c1)C(C)(C)C)Oc1ccc(cc1)C(=O)Nc1c(cc(cc1C)Cc1cc(c(c(c1)C(C)C)NC(=O)c1ccc(cc1)*)C)C(C)C)C(C)(C)C,260.0
*Oc1c(cc(c(c1)C(C)(C)C)Oc1ccc(cc1)C(=O)Nc1ccc(cc1)C(c1ccc(cc1)NC(=O)c1ccc(cc1)*)(C(F)(F)F)C(F)(F)F)C(C)(C)C,268.0
*c1cc2c(nc(cc2c2ccccc2)c2cc(ccc2)c2nc3c(c(c2)c2ccccc2)cc(cc3)c2ccc(cc2)OCCCCCCCCCCCOc2ccc(cc2)*)cc1,133.5
*OP(=O)(OCCCCCCCCCCOc1ccc(cc1)C=Cc1ccc(cc1)OCCCCCCCCCC*)OCCCCCCCCCCOc1ccc(cc1)N=Nc1ccccc1,55.0
*OP(=O)(OCCCCCCCCCCOc1ccc(cc1)C=Cc1ccc(cc1)OCCCCCCCCCC*)OCCCCCCCCCCOc1ccc(cc1)N=Nc1ccc(cc1)Cl,60.0
*OP(=O)(OCCCCCCCCCCOc1ccc(cc1)C=Cc1ccc(cc1)OCCCCCCCCCC*)OCCCCCCCCCCOc1ccc(cc1)N=Nc1ccc(cc1)C#N,60.0
*OP(=O)(OCCCCCCCCCCOc1ccc(cc1)C=Cc1ccc(cc1)OCCCCCCCCCC*)OCCCCCCCCCCOc1ccc(cc1)N=Nc1ccc(cc1)[N+](=O)[O-],50.0
*OP(=O)(OCCCCCCCCCCOc1ccc(cc1)C=Cc1ccc(cc1)OCCCCCCCCCC*)OCCCCCCCCCCOc1ccc(cc1)N=Nc1ccc(cc1)OC,58.0
*OP(=O)(OCCCCCCCCCCOc1ccc(cc1)C=Cc1ccc(cc1)OCCCCCCCCCC*)OCCCCCCCCCCOc1ccc(cc1)N=Nc1ccc(cc1)c1ccccc1,50.0
*c1nc2c([nH]1)ccc(c2)NC(=O)c1ccc(cc1)OCCOc1ccc(cc1)C(=O)Nc1ccc(cc1)*,225.0
*c1nc2c([nH]1)ccc(c2)NC(=O)c1ccc(cc1)OCCOCCOc1ccc(cc1)C(=O)Nc1ccc(cc1)*,175.0
*c1nc2c([nH]1)ccc(c2)NC(=O)c1ccc(cc1)OCCOCCOCCOc1ccc(cc1)C(=O)Nc1ccc(cc1)*,155.0
*c1nc2c([nH]1)ccc(c2)NC(=O)c1ccc(cc1)OCCOCCOCCOCCOc1ccc(cc1)C(=O)Nc1ccc(cc1)*,140.0
*c1nc2c([nH]1)ccc(c2)NC(=O)c1ccc(cc1)OCCOCCOCCOCCOCCOc1ccc(cc1)C(=O)Nc1ccc(cc1)*,125.0
*c1nc2c([nH]1)ccc(c2)NC(=O)c1ccc(cc1)OCCOc1ccc(cc1)C(=O)Nc1cc(ccc1)*,250.0
*c1nc2c([nH]1)ccc(c2)NC(=O)c1ccc(cc1)OCCOCCOc1ccc(cc1)C(=O)Nc1cc(ccc1)*,215.0
*c1nc2c([nH]1)ccc(c2)NC(=O)c1ccc(cc1)OCCOCCOCCOc1ccc(cc1)C(=O)Nc1cc(ccc1)*,180.0
*c1nc2c([nH]1)ccc(c2)NC(=O)c1ccc(cc1)OCCOCCOCCOCCOc1ccc(cc1)C(=O)Nc1cc(ccc1)*,155.0
*c1nc2c([nH]1)ccc(c2)NC(=O)c1ccc(cc1)OCCOCCOCCOCCOCCOc1ccc(cc1)C(=O)Nc1cc(ccc1)*,140.0
*C1COC2C1OCC2OC(=O)CCCCC(=O)OC1COC2C1OCC2OCCCCO*,114.0
*Oc1ccc(cc1)Oc1ccc(cc1)OC(=O)c1ccc(cc1)C(c1ccc(cc1)C(=O)*)(C(F)(F)F)C(F)(F)F,215.0
*Oc1ccc(cc1)Oc1ccc(cc1)OC(=O)c1c(cccc1)c1c(cccc1)C(=O)*,147.0
*c1nc2c(nc1c1ccccc1)cc(cc2)Oc1cc2c(nc(c(n2)c2ccccc2)c2ccc(cc2)OCCN(CCOc2ccc(cc2)*)c2ccc(cc2)C=Cc2ccc(cc2)[N+](=O)[O-])cc1,201.0
*c1nc2c(nc1c1ccccc1)cc(cc2)Oc1cc2c(nc(c(n2)c2ccccc2)c2ccc(cc2)OCCOc2c(ccc(c2)OCCOc2ccc(cc2)*)C=Cc2ccc(cc2)[N+](=O)[O-])cc1,187.0
*c1nc2c(nc1c1ccccc1)cc(cc2)Oc1cc2c(nc(c(n2)c2ccccc2)c2ccc(cc2)OCCN(CCOc2ccc(cc2)*)c2ccc(cc2)N=Nc2ccc(cc2)[N+](=O)[O-])cc1,199.0
*c1nc2c(nc1c1ccccc1)cc(cc2)Oc1cc2c(nc(c(n2)c2ccccc2)c2ccc(cc2)OCCN(CCOc2ccc(cc2)*)c2ccc(cc2)N=Nc2c(cc(cc2)[N+](=O)[O-])C)cc1,188.0
*c1nc2c(nc1c1ccccc1)cc(cc2)Oc1cc2c(nc(c(n2)c2ccccc2)c2ccc(cc2)OCCN(c2ccc(cc2)C=CC2=CC(=C3C(=C(C#N)C#N)c4c(C3=O)cccc4)C=C(O2)C=Cc2ccc(cc2)N(CCOc2ccc(cc2)*)C)C)cc1,260.0
*Oc1ccc(cc1)N=Cc1ccc(cc1)Oc1ccc(cc1)C(c1ccc(cc1)Oc1ccc(cc1)C=Nc1ccc(cc1)Oc1ccc(cc1)c1ccc(cc1)*)(C)C,120.0
*Oc1ccc(cc1)N=Cc1ccc(cc1)Oc1ccc(cc1)C(c1ccc(cc1)Oc1ccc(cc1)C=Nc1ccc(cc1)Oc1ccc(cc1)c1ccc(cc1)*)(C(F)(F)F)C(F)(F)F,128.0
*Oc1ccc(cc1)S(=O)(=O)c1ccc(cc1)Oc1ccc(cc1)C=Nc1ccc(cc1)Oc1ccc(cc1)c1ccc(cc1)Oc1ccc(cc1)N=Cc1ccc(cc1)*,127.0
*Oc1ccc(cc1)S(=O)(=O)c1ccc(cc1)Oc1ccc(cc1)C=Nc1ccc(cc1)Oc1ccc(cc1)N=Cc1ccc(cc1)*,162.0
*Oc1ccc(cc1)S(=O)(=O)c1ccc(cc1)Oc1ccc(cc1)N=Cc1ccc(cc1)*,110.0
*C1COC2C1OCC2Oc1ccc(cc1)CNC(=O)c1ccc(cc1)C(=O)NCc1ccc(cc1)O*,122.0
*C1COC2C1OCC2Oc1ccc(cc1)CNC(=O)c1cc(ccc1)C(=O)NCc1ccc(cc1)O*,83.0
*C1COC2C1OCC2Oc1ccc(cc1)CNC(=O)CCCCC(=O)NCc1ccc(cc1)O*,116.0
*C1COC2C1OCC2Oc1ccc(cc1)NC(=O)c1ccc(cc1)OC1COC2C1OCC2Oc1ccc(cc1)C(=O)Nc1ccc(cc1)O*,165.0
*OC(C*)COCOCC(C)([N+](=O)[O-])[N+](=O)[O-],-17.5
*Oc1ccc(cc1)S(=O)(=O)c1ccc(cc1)Oc1ccc(cc1)C(c1ccc(cc1)*)(c1ccc(cc1)O)C,219.29
*Oc1c(cc(cc1)Oc1ccc(cc1)C(=O)c1ccc(cc1)*)c1cc(cc(c1)C(F)(F)F)C(F)(F)F,146.0
*Oc1c(cc(cc1)Oc1ccc(cc1)C(=O)c1ccc(cc1)*)c1cc(ccc1)C(F)(F)F,134.0
*Oc1c(cc(cc1)Oc1ccc(cc1)C(=O)c1ccc(cc1)*)c1cc(cc(c1)C)C,162.0
*Oc1c(cc(cc1)Oc1ccc(cc1)C(=O)c1ccc(cc1)*)c1ccc(cc1)Oc1ccccc1,146.0
*Oc1c(cc(cc1)Oc1ccc(cc1)C(=O)c1ccc(cc1)C(=O)c1ccc(cc1)*)c1cc(ccc1)C,159.0
*Oc1c(cc(cc1)Oc1ccc(cc1)C(=O)c1ccc(cc1)c1ccc(cc1)C(=O)c1ccc(cc1)*)c1cc(ccc1)C,170.0
*Oc1c(cc(cc1)Oc1ccc(cc1)C(=O)c1ccc(cc1)C(=O)c1ccc(cc1)*)c1ccccc1,166.0
*Oc1c(cc(cc1)Oc1ccc(cc1)C(=O)c1ccc(cc1)c1ccc(cc1)C(=O)c1ccc(cc1)*)c1ccccc1,186.0
*Oc1c(cc(cc1)Oc1ccc(cc1)C(=O)c1ccc(cc1)C(=O)c1ccc(cc1)*)c1cc(c(cc1)S(=O)(=O)O)C,167.0
*Oc1c(cc(cc1)Oc1ccc(cc1)C(=O)c1ccc(cc1)c1ccc(cc1)C(=O)c1ccc(cc1)*)c1cc(c(cc1)S(=O)(=O)O)C,182.0
*Oc1c(cc(cc1)Oc1ccc(cc1)C(=O)c1ccc(cc1)C(=O)c1ccc(cc1)*)c1ccc(cc1)S(=O)(=O)O,174.0
*C1(OC(C(O1)(F)F)(F)C(F)(F)F)C(*)(F)F,135.0
*C1(OC(C(O1)(F)C(F)(F)F)(F)C(F)(F)F)C(*)(F)F,165.0
*Oc1c(c2c(cc1)cccc2)Sc1c2c(ccc1OCC(=O)Nc1ccc(cc1)NC(=O)C*)cccc2,268.0
*Oc1c(c2c(cc1)cccc2)Sc1c2c(ccc1OCC(=O)Nc1cc(ccc1)NC(=O)C*)cccc2,254.0
*Oc1c(c2c(cc1)cccc2)Sc1c2c(ccc1OCC(=O)Nc1ccc(cc1)Cc1ccc(cc1)NC(=O)C*)cccc2,241.0
*Oc1c(c2c(cc1)cccc2)Sc1c2c(ccc1OCC(=O)Nc1ccc(cc1)Oc1ccc(cc1)NC(=O)C*)cccc2,245.0
*Oc1c(c2c(cc1)cccc2)Sc1c2c(ccc1OCC(=O)Nc1c3c(ccc1)c(ccc3)NC(=O)C*)cccc2,264.0
*Oc1cc(cc(c1)C(=O)Oc1ccc(cc1)N=Nc1ccc(cc1)C#N)Oc1ccc(cc1)C(c1ccc(cc1)*)(C)C,163.0
*C1COC2C1OCC2Oc1ccc(cc1)NC(=O)c1ccc(cc1)C(=O)Nc1ccc(cc1)O*,132.67
*C1COC2C1OCC2Oc1ccc(cc1)NC(=O)c1cc(ccc1)C(=O)Nc1ccc(cc1)O*,108.33
*C1COC2C1OCC2Oc1ccc(cc1)NC(=O)CCCCC(=O)Nc1ccc(cc1)O*,81.0
*C1COC2C1OCC2Oc1ccc(cc1)NC(=O)CCCCCCC(=O)Nc1ccc(cc1)O*,72.5
*Oc1ccc(cc1)Oc1ccc(cc1)C(=O)c1c2c(c(cc1)C(=O)c1ccc(cc1)*)cccc2,200.02
*Oc1c(cc(cc1)OC(=O)c1ccc(cc1)OCCCCCCCCCCCCOc1ccc(cc1)C(=O)*)C=Cc1ccncc1,91.35
*C1COC2C1OCC2OC(=O)OCCCCOC(=O)O*,49.0
*C1COC2C1OCC2OC(=O)OCCCCCCCCOC(=O)O*,19.5
*C1COC2C1OCC2OC(=O)OCCCCCCCCCCOC(=O)O*,6.5
*C1COC2C1OCC2OC(=O)OCCOCCOC(=O)O*,46.5
*C1COC2C1OCC2OC(=O)OCCOCCOCCOC(=O)O*,17.0
*C1COC2C1OCC2OC(=O)OCCOCCOCCOCCOC(=O)O*,9.5
*Oc1ccc(cc1)C(=O)NCC*,150.0
*Oc1cc(ccc1)C(=O)NCC*,106.0
*Oc1c(cccc1)C(=O)NCC*,84.0
*C1=CC(=C(C#N)C#N)C=C(O1)C=Cc1sc(cc1)N(CCOC(=O)Nc1c(ccc(c1)NC(=O)OCCN(c1sc(cc1)C=C*)C)C)C,183.0
*C1CCN(CC1)c1sc(cc1)C=CC1=CC(=C(C#N)C#N)C=C(O1)C=Cc1sc(cc1)N1CCC(CC1)OC(=O)Nc1c(ccc(c1)NC(=O)O*)C,212.0
*C1=CC(=C(C#N)C#N)C=C(O1)C=Cc1ccc(cc1)N=Nc1ccc(cc1)N(CCOC(=O)Nc1c(ccc(c1)NC(=O)OCCN(c1ccc(cc1)N=Nc1ccc(cc1)C=C*)C)C)C,196.0
*OP(=O)(OCCOc1c(cc(cc1)C=C1C(=O)C(=Cc2cc(c(cc2)OCC*)OC)CC1)OC)OC,99.0
*OP(=O)(OCCCCOc1c(cc(cc1)C=C1C(=O)C(=Cc2cc(c(cc2)OCCCC*)OC)CC1)OC)OC,75.0
*OP(=O)(OCCCCCCOc1c(cc(cc1)C=C1C(=O)C(=Cc2cc(c(cc2)OCCCCCC*)OC)CC1)OC)OC,74.0
*OP(=O)(OCCCCCCCCOc1c(cc(cc1)C=C1C(=O)C(=Cc2cc(c(cc2)OCCCCCCCC*)OC)CC1)OC)OC,73.0
*OP(=O)(OCCCCCCCCCCOc1c(cc(cc1)C=C1C(=O)C(=Cc2cc(c(cc2)OCCCCCCCCCC*)OC)CC1)OC)OC,48.0
*OP(=O)(OCCOc1c(cc(cc1)C=C1C(=O)C(=Cc2cc(c(cc2)OCC*)OC)CC1)OC)OCC,80.0
*OP(=O)(OCCCCOc1c(cc(cc1)C=C1C(=O)C(=Cc2cc(c(cc2)OCCCC*)OC)CC1)OC)OCC,79.0
*OP(=O)(OCCCCCCOc1c(cc(cc1)C=C1C(=O)C(=Cc2cc(c(cc2)OCCCCCC*)OC)CC1)OC)OCC,75.0
*OP(=O)(OCCCCCCCCOc1c(cc(cc1)C=C1C(=O)C(=Cc2cc(c(cc2)OCCCCCCCC*)OC)CC1)OC)OCC,62.0
*OP(=O)(OCCCCCCCCCCOc1c(cc(cc1)C=C1C(=O)C(=Cc2cc(c(cc2)OCCCCCCCCCC*)OC)CC1)OC)OCC,47.0
*Oc1ccc(cc1)C(=O)CNc1ccc(cc1)S(=O)(=O)c1ccc(cc1)NCC(=O)c1ccc(cc1)*,247.0
*Oc1ccc(cc1)NCC(=O)c1ccc(cc1)Sc1ccc(cc1)C(=O)CNc1ccc(cc1)*,208.0
*Oc1cc(c(cc1)OC(COCCCCCCCOc1ccc(cc1)c1ccc(cc1)C(=O)*)C)[N+](=O)[O-],50.0
*Oc1ccc(cc1)N=Cc1ccc(cc1)N(c1ccc(cc1)C=Nc1ccc(cc1)*)c1ccccc1,162.0
*Oc1cc(ccc1)Oc1ccc(cc1)N=Cc1ccc(cc1)N(c1ccc(cc1)C=Nc1ccc(cc1)*)c1ccccc1,174.0
*Oc1ccc(cc1)S(=O)(=O)c1ccc(cc1)Oc1c(cc(cc1)C(c1cc(c(cc1)*)C(O)(C(F)(F)F)C(F)(F)F)(C)C)C(O)(C(F)(F)F)C(F)(F)F,167.0
*Oc1ccc(cc1)S(=O)(=O)c1ccc(cc1)Oc1c(cc(cc1)C(c1cc(c(cc1)*)C(OC)(C(F)(F)F)C(F)(F)F)(C)C)C(OC)(C(F)(F)F)C(F)(F)F,163.0
*Oc1cc(c(cc1)S(=O)(=O)c1c(cc(cc1)Oc1c(cc(cc1C)C(c1cc(c(c(c1)C)*)C)(C)C)C)C(O)(C(F)(F)F)C(F)(F)F)C(O)(C(F)(F)F)C(F)(F)F,187.0
*Oc1cc(c(cc1)S(=O)(=O)c1c(cc(cc1)Oc1ccc(cc1)C(c1ccc(cc1)*)(C(F)(F)F)C(F)(F)F)C(O)(C(F)(F)F)C(F)(F)F)C(O)(C(F)(F)F)C(F)(F)F,148.0
*Oc1cc(c(cc1)S(=O)(=O)c1c(cc(cc1)Oc1c(cc(cc1C)C(c1cc(c(c(c1)C)*)C)(C(F)(F)F)C(F)(F)F)C)C(O)(C(F)(F)F)C(F)(F)F)C(O)(C(F)(F)F)C(F)(F)F,196.0
*Oc1cc(c(cc1)S(=O)(=O)c1c(cc(cc1)Oc1c(cc(cc1C)C(c1cc(c(c(c1)C)*)C)(C(F)(F)F)C(F)(F)F)C)C(OC)(C(F)(F)F)C(F)(F)F)C(OC)(C(F)(F)F)C(F)(F)F,163.0
*c1oc(nn1)c1ccc(cc1)NC(=O)c1cc(cc(c1)NC(=O)c1ccc(cc1)OC(=O)C)C(=O)Nc1ccc(cc1)*,280.0
*c1oc(nn1)c1ccc(cc1)Oc1ccc(cc1)NC(=O)c1cc(cc(c1)NC(=O)c1ccc(cc1)OC(=O)C)C(=O)Nc1ccc(cc1)Oc1ccc(cc1)*,270.0
*c1oc(nn1)c1ccc(cc1)Oc1cc(ccc1)NC(=O)c1cc(cc(c1)NC(=O)c1ccc(cc1)OC(=O)C)C(=O)Nc1cc(ccc1)Oc1ccc(cc1)*,270.0
*OC(C*)COC(C)C,-67.0
*OC(C*)COC(C)(C)C,-24.0
*C1(OC(C(O1)(F)F)(F)F)C(*)(F)F,103.5
*c1oc(nn1)c1ccc(cc1)C(=O)OCCCCCCOc1ccc(cc1)C=C1C(=O)C(=Cc2ccc(cc2)OCCCCCCOC(=O)c2ccc(cc2)*)CCC1,71.0
*c1oc(nn1)c1ccc(cc1)C(=O)OCCCCCCCCOc1ccc(cc1)C=C1C(=O)C(=Cc2ccc(cc2)OCCCCCCCCOC(=O)c2ccc(cc2)*)CCC1,59.0
*c1oc(nn1)c1ccc(cc1)C(=O)OCCCCCCCCOc1ccc(cc1)C=C1C(=O)C(=Cc2ccc(cc2)OCCCCCCCCOC(=O)c2ccc(cc2)*)CC1,99.0
*c1oc(nn1)c1ccc(cc1)C(=O)OCCCCCCCCCCOc1ccc(cc1)C=C1C(=O)C(=Cc2ccc(cc2)OCCCCCCCCCCOC(=O)c2ccc(cc2)*)CC1,58.0
*c1nc(sc1)N=Cc1ccc(cc1)OCCCCCCOc1ccc(cc1)C=Nc1nc(cs1)c1ccc(cc1)Oc1ccc(cc1)*,117.0
*c1nc(sc1)N=Cc1ccc(cc1)OCCCCCCCCOc1ccc(cc1)C=Nc1nc(cs1)c1ccc(cc1)Oc1ccc(cc1)*,150.0
*Oc1ccc(cc1)C(=O)OCCN(CCOC(=O)c1ccc(cc1)OC1(C(C(C1(F)F)(F)F)(*)F)F)c1ccc(cc1)C=CC1=CC(=C(C#N)C#N)CC(C1)(C)C,143.0
*Oc1c(cc(cc1)C=C1C(=O)C(=Cc2cc(c(cc2)OCC(=O)c2ccc(cc2)Oc2ccc(cc2)C(=O)C*)OC)CCC1)OC,211.75
*Oc1ccc(cc1)C(c1ccc(cc1)OCCCCCC*)(C)C,36.39
*OCC(C*)(COCCCCCCCCCCOc1ccc(cc1)c1ccc(cc1)C#N)C,7.0
*Oc1ccc(cc1)Sc1ccc(cc1)Oc1c(cc(cc1)c1ccc(cc1)c1cc(c(cc1)*)C(F)(F)F)C(F)(F)F,164.5
*Oc1ccc(cc1)Sc1ccc(cc1)Oc1c(cc(cc1)c1ccc(cc1)c1ccc(cc1)c1cc(c(cc1)*)C(F)(F)F)C(F)(F)F,176.5
*c1nc(ccc1)c1cc(c(cc1)Oc1ccc(cc1)Sc1ccc(cc1)Oc1c(cc(cc1)*)C(F)(F)F)C(F)(F)F,144.5
*c1sc(cc1)c1cc(c(cc1)Oc1ccc(cc1)Sc1ccc(cc1)Oc1c(cc(cc1)*)C(F)(F)F)C(F)(F)F,142.0
*Oc1ccc(cc1)Oc1ccc(cc1)NC(=O)c1cc(cc(c1)C(C)(C)C)C(=O)Nc1ccc(cc1)*,195.5
*Oc1ccc(cc1)S(=O)(=O)c1ccc(cc1)Oc1ccc(cc1)NC(=O)c1cc(cc(c1)C(C)(C)C)C(=O)Nc1ccc(cc1)*,232.5
*Oc1ccc(cc1)Oc1ccc(cc1)Oc1ccc(cc1)NC(=O)c1cc(cc(c1)C(C)(C)C)C(=O)Nc1ccc(cc1)*,230.0
*Oc1ccc(cc1)NC(=O)c1cc(cc(c1)C(C)(C)C)C(=O)Nc1ccc(cc1)OCCCCCC*,166.0
*Oc1c(cc(cc1OC)C=Cc1ccc(cc1)C=Cc1ccc(cc1)C=Cc1cc(c(c(c1)OC)OCCCCCCCC*)OC)OC,78.7
*Oc1ccc(cc1)C(c1ccc(cc1)OCC(CN(CC(C*)O)c1ccc(cc1)N=Nc1ccc(cc1)[N+](=O)[O-])O)(C)C,59.0
*OC(OC(=O)c1cc(ccc1)C(=O)OC(OCC1CCC(CC1)C*)C)C,30.0
*OC(OC(=O)c1c2c(c(cc1)C(=O)OC(OCC1CCC(CC1)C*)C)cccc2)C,60.0
*OC(OC(=O)c1ccc(cc1)C(=O)OC(OCC1CCC(CC1)C*)C)C,61.0
*O[Si](Oc1c(cc(cc1)C1(c2ccccc2c2ccccc12)c1cc(c(cc1)*)C)C)(c1ccccc1)c1ccccc1,171.0
*O[Si](Oc1ccc(cc1)C1(c2ccccc2c2ccccc12)c1ccc(cc1)*)(c1ccccc1)c1ccccc1,166.0
*O[Si](OCCOc1ccc(cc1)C1(c2ccccc2c2ccccc12)c1ccc(cc1)OCC*)(c1ccccc1)c1ccccc1,97.0
*C1=CC(=C(C#N)C#N)C=C(O1)C=Cc1sc(c(c1CCCCCC)CCCCCC)c1cc2C(c3c(c2cc1)ccc(c3)c1sc(c(c1CCCCCC)CCCCCC)C=C*)(CCCCCC)CCCCCC,115.0
*c1ccc2N(c3c(Sc2c1)cc(cc3)c1sc(c(c1CCCCCC)CCCCCC)C=CC1=CC(=C(C#N)C#N)C=C(O1)C=Cc1sc(c(c1CCCCCC)CCCCCC)*)CCCCCC,130.0
*C1=CC(=C(C#N)C#N)C=C(O1)C=Cc1sc(c(c1CCCCCC)CCCCCC)c1sc(cc1)c1sc(cc1)c1sc(c(c1CCCCCC)CCCCCC)C=C*,112.0
*Oc1ccc(cc1)C=C1C(=O)C(=Cc2ccc(cc2)OCCCCCC*)CCC1,116.0
*Oc1ccc(cc1)C=C1C(=O)C(=Cc2ccc(cc2)OCCCCCCCC*)CCC1,90.0
*Oc1ccc(cc1)C=C1C(=O)C(=Cc2ccc(cc2)OCCCCCCCCCC*)CCC1,85.0
*Oc1c(cc(cc1)C=C1C(=O)C(=Cc2cc(c(cc2)OCCCCCC*)OC)CCC1)OC,80.0
*Oc1c(cc(cc1)C=C1C(=O)C(=Cc2cc(c(cc2)OCCCCCCCC*)OC)CCC1)OC,72.0
*Oc1c(cc(cc1)C=C1C(=O)C(=Cc2cc(c(cc2)OCCCCCCCCCC*)OC)CCC1)OC,60.0
*Oc1c(cc(cc1OC)C=C1C(=O)C(=Cc2cc(c(c(c2)OC)OCCCCCC*)OC)CCC1)OC,71.0
*Oc1c(cc(cc1OC)C=C1C(=O)C(=Cc2cc(c(c(c2)OC)OCCCCCCCC*)OC)CCC1)OC,62.0
*Oc1c(cc(cc1OC)C=C1C(=O)C(=Cc2cc(c(c(c2)OC)OCCCCCCCCCC*)OC)CCC1)OC,49.0
*c1cc2c(cc1OC(=O)COc1ccc3c(c1)oc(=O)cc3)oc(=O)c(c2)C(=O)Nc1ccc(cc1)Oc1ccc(cc1)NC(=O)c1c(=O)oc2c(cc(c(c2)OC(=O)COc2ccc3c(c2)oc(=O)cc3)C*)c1,226.0
*Oc1cc2c(cc1)cc(cc2)Oc1ccc(cc1)S(=O)(=O)c1ccc(cc1)*,231.0
*c1cc2c(oc(n2)C2CCC(CC2)c2oc3c(n2)cc(cc3)C(*)(C(F)(F)F)C(F)(F)F)cc1,271.0
*c1oc2c(n1)cc(cc2)S(=O)(=O)c1cc2c(oc(n2)C2CCC(CC2)*)cc1,296.0
*OC(=O)C=CC(=O)NCCCCCCNC(=O)C=CC(=O)OCCOCC*,76.0
*OC(=O)C=CC(=O)NCCCCCCNC(=O)C=CC(=O)OCCOCCOCC*,65.0
*OC(=O)C=CC(=O)NCCCCCCNC(=O)C=CC(=O)OCCOCCOCCOCC*,52.0
*c1ccc2n(c3c(c2c1)cc(cc3)Nc1ccc(cc1)Oc1ccc(cc1)N*)CC(CCCC)CC,220.0
*Oc1ccc(cc1)Nc1ccc(cc1)N=Nc1ccc(cc1)Nc1ccc(cc1)*,169.0
*Oc1ccc(cc1)Nc1ccc(cc1)C(=O)c1ccc(cc1)C(=O)c1ccc(cc1)Nc1ccc(cc1)*,215.0
*Oc1ccc(cc1)NC(=O)c1cc(cc(c1)C(C)(C)C)C(=O)Nc1ccc(cc1)*,268.0
*Oc1ccc(cc1)C1(c2ccccc2c2ccccc12)c1ccc(cc1)Oc1c(cc(cc1)c1ccc(cc1)NC(=O)c1cc(cc(c1)C(C)(C)C)C(=O)Nc1ccc(cc1)c1cc(c(cc1)*)C(F)(F)F)C(F)(F)F,278.0
*Oc1c(cc(cc1)c1ccc(cc1)NC(=O)c1cc(cc(c1)C(C)(C)C)C(=O)Nc1ccc(cc1)c1cc(c(cc1)Oc1ccc(cc1)C(c1ccc(cc1)*)(C(F)(F)F)C(F)(F)F)C(F)(F)F)C(F)(F)F,251.5
*Oc1c(cc(cc1)c1ccc(cc1)NC(=O)c1cc(cc(c1)C(C)(C)C)C(=O)Nc1ccc(cc1)c1cc(c(cc1)Oc1ccc(cc1)C(c1ccc(cc1)*)(C)C)C(F)(F)F)C(F)(F)F,248.5
*C1COC2C1OCC2OC(=O)C1CCC(CC1)C(=O)O*,121.86
*C1COC2C1OCC2OC(=O)CCC(=O)O*,77.0
*C1COC2C1OCC2OC(=O)C=CC(=O)O*,52.0
*C1=CC(=C(C#N)C#N)C=C(O1)C=Cc1sc(c(c1CCCCCC)CCCCCC)c1sc(cc1)c1sc(c(c1CCCCCC)CCCCCC)C=C*,114.0
*C1=CC(=C(C#N)C#N)C=C(O1)C=Cc1sc(c(c1CCCCCC)CCCCCC)c1sc(cc1)c1sc(cc1)c1sc(cc1)c1sc(c(c1CCCCCC)CCCCCC)C=C*,134.0
*c1oc(nn1)c1ccc(cc1)C(=O)OCCCCCCOc1ccc(cc1)C=CC(=O)C=Cc1ccc(cc1)OCCCCCCOC(=O)c1ccc(cc1)*,62.0
*c1oc(nn1)c1ccc(cc1)C(=O)OCCCCCCCCOc1ccc(cc1)C=CC(=O)C=Cc1ccc(cc1)OCCCCCCCCOC(=O)c1ccc(cc1)*,59.0
*c1oc(nn1)c1ccc(cc1)C(=O)OCCCCCCCCCCOc1ccc(cc1)C=CC(=O)C=Cc1ccc(cc1)OCCCCCCCCCCOC(=O)c1ccc(cc1)*,58.0
*c1oc(nn1)c1ccc(cc1)C(=O)OCCCCCCOc1ccc(cc1)C=C1C(=O)C(=Cc2ccc(cc2)OCCCCCCOC(=O)c2ccc(cc2)*)CCCC1,104.0
*c1oc(nn1)c1ccc(cc1)C(=O)OCCCCCCCCOc1ccc(cc1)C=C1C(=O)C(=Cc2ccc(cc2)OCCCCCCCCOC(=O)c2ccc(cc2)*)CCCC1,98.0
*c1oc(nn1)c1ccc(cc1)C(=O)OCCCCCCCCCCOc1ccc(cc1)C=C1C(=O)C(=Cc2ccc(cc2)OCCCCCCCCCCOC(=O)c2ccc(cc2)*)CCCC1,74.0
*c1cc2c(cc1)oc(=O)c(c2)C(=O)Nc1ccc(cc1)Oc1ccc(cc1)NC(=O)c1c(=O)oc2c(cc(cc2)C*)c1,312.0
*c1cc2c(cc1)oc(=O)c(c2)C(=O)Nc1ccc(cc1)Oc1ccc(cc1)Oc1ccc(cc1)NC(=O)c1c(=O)oc2c(cc(cc2)C*)c1,290.0
*c1cc2c(cc1)oc(=O)c(c2)C(=O)Nc1ccc(cc1)Oc1ccc(cc1)C(c1ccc(cc1)Oc1ccc(cc1)NC(=O)c1c(=O)oc2c(cc(cc2)C*)c1)(C(F)(F)F)C(F)(F)F,283.0
*c1sc(cc1)C=Nc1ccc(cc1)C(=O)OCCCCOCCCCOCCCCOC(=O)c1ccc(cc1)N=C*,25.0
*c1ccc2n(c3c(c2c1)cc(cc3)C=Nc1ccc(cc1)C(=O)OCCCCOCCCCOCCCCOC(=O)c1ccc(cc1)N=C*)CC(CCCC)CC,5.2
*OC(=O)c1ccc(cc1)N=Cc1c(cc(c(c1)OCCCCCC)C=Cc1c(cc(c(c1)OCCCCCC)C=Cc1c(cc(c(c1)OCCCCCC)C=Nc1ccc(cc1)C(=O)OCCCCOCCCCOCCCC*)OCCCCCC)OCCCCCC)OCCCCCC,14.3
*OC(=O)c1ccc(cc1)N=Cc1ccc(cc1)C=Nc1ccc(cc1)C(=O)OCCCCOCCCCOCCCC*,-13.2
*OC(=O)c1ccc(cc1)N=Cc1c(cc(c(c1)OCCC(CCCC(C)C)C)C=Nc1ccc(cc1)C(=O)OCCCCOCCCCOCCCC*)OCCC(CCCC(C)C)C,-4.8
*Oc1ccc(cc1)c1ccc(cc1)Oc1c(c(c(c(c1F)F)COC(c1cc(ccc1)C(OCc1c(c(c(c(c1F)F)*)F)F)(C(F)(F)F)C(F)(F)F)(C(F)(F)F)C(F)(F)F)F)F,110.0
*Oc1c(c(c(c(c1F)F)COC(c1cc(ccc1)C(OCc1c(c(c(c(c1F)F)Oc1ccc(cc1)Cc1ccc(cc1)*)F)F)(C(F)(F)F)C(F)(F)F)(C(F)(F)F)C(F)(F)F)F)F,94.0
*Oc1ccc(cc1)C(c1ccc(cc1)Oc1c(c(c(c(c1F)F)COC(c1cc(ccc1)C(OCc1c(c(c(c(c1F)F)*)F)F)(C(F)(F)F)C(F)(F)F)(C(F)(F)F)C(F)(F)F)F)F)(C)C,98.0
*Oc1ccc(cc1)C(c1ccc(cc1)Oc1c(c(c(c(c1F)F)COC(c1cc(ccc1)C(OCc1c(c(c(c(c1F)F)*)F)F)(C(F)(F)F)C(F)(F)F)(C(F)(F)F)C(F)(F)F)F)F)(C(F)(F)F)C(F)(F)F,113.0
*Oc1c(cc(cc1)NC(=O)NC1CC(CC(C1)(CNC(=O)Nc1cc(c(cc1)*)c1ccc(cc1)Oc1ccccc1)C)(C)C)c1ccc(cc1)Oc1ccccc1,281.0
*Oc1c(cc(cc1)NC(=O)Nc1c(ccc(c1)NC(=O)Nc1cc(c(cc1)*)c1ccc(cc1)Oc1ccccc1)C)c1ccc(cc1)Oc1ccccc1,279.0
*Oc1ccc(cc1)NC(=O)NC1CC(CC(C1)(CNC(=O)Nc1ccc(cc1)*)C)(C)C,274.0
*Oc1ccc(cc1)NC(=O)Nc1c(ccc(c1)NC(=O)Nc1ccc(cc1)*)C,269.0
*c1n(c(cc1)Oc1ccc(cc1)C(c1ccc(cc1)OC*)(C)C)c1ccc(cc1)C#N,73.13
*c1n(c(cc1)Oc1ccc(cc1)C(c1ccc(cc1)OC*)(C)C)c1ccc(cc1)[N+](=O)[O-],76.75
*Oc1ccc(cc1)NC(=O)c1cc(cc(c1)NC(=O)C12CC3CC(CC(C1)C3)C2)C(=O)Nc1ccc(cc1)*,335.0
*Oc1c(ccc(c1)Oc1ccc(cc1)NC(=O)c1cc(cc(c1)NC(=O)C12CC3CC(CC(C1)C3)C2)C(=O)Nc1ccc(cc1)*)C12CC3CC(CC(C1)C3)C2,345.0
*OC(=O)C1CCC(CC1)C(=O)OCCOCCOCC*,-25.0
*Oc1cc(ccc1)Oc1cc(ccc1)NC(=O)c1c(ccc(c1)Oc1cc(c(cc1)C(=O)O)C(=O)Nc1cc(ccc1)*)C(=O)O,176.4
*Oc1c(ccc(c1)Oc1cc(ccc1)NC(=O)c1c(ccc(c1)Oc1cc(c(cc1)C(=O)O)C(=O)Nc1cc(ccc1)*)C(=O)O)C#N,195.8
*Oc1c(c(ccc1)Oc1cc(ccc1)NC(=O)c1c(ccc(c1)Oc1cc(c(cc1)C(=O)O)C(=O)Nc1cc(ccc1)*)C(=O)O)C#N,200.1
*Oc1c(c(c(c(c1[2H])[2H])S(=O)(=O)c1c(c(c(c(c1[2H])[2H])Oc1c(c(c(c(c1[2H])[2H])C(c1c(c(c(c(c1[2H])[2H])*)[2H])[2H])(C([2H])([2H])[2H])C([2H])([2H])[2H])[2H])[2H])[2H])[2H])[2H])[2H],175.0
*OC(C(=O)OCCC*)C,-33.0
*Oc1ccc(cc1)C(=O)Nc1cc(ccc1)P(=O)(c1cc(ccc1)NC(=O)c1ccc(cc1)OCCCC*)c1ccccc1,181.75
*Oc1c(cc(cc1)Oc1c(c(c(c(c1F)F)c1c(c(c(c(c1F)F)*)F)F)F)F)S(=O)(=O)O,120.0
*Oc1ccc(cc1)Oc1ccc(cc1)Nc1ccc(cc1)S(=O)(=O)c1ccc(cc1)Nc1ccc(cc1)*,144.6
*Oc1ccc(cc1)Nc1ccc(cc1)S(=O)(=O)c1ccc(cc1)Nc1ccc(cc1)Oc1ccc(cc1)C(c1ccc(cc1)*)(C)C,145.0
*C1COC2C1OCC2OC(=O)c1cc(ccc1)OCCCCCCOc1cc(ccc1)C(=O)O*,42.25
*C1COC2C1OCC2OC(=O)c1cc(ccc1)OCCCCCCCCOc1cc(ccc1)C(=O)O*,31.75
*C1COC2C1OCC2OC(=O)c1cc(ccc1)OCCCCCCCCCCOc1cc(ccc1)C(=O)O*,28.25
*O[Si](Oc1ccc(cc1)c1ccc(cc1)*)(c1ccccc1)c1ccccc1,124.47
*Oc1ccc(cc1)C1(CC2C(CC1)CCCC2)c1ccc(cc1)Oc1ccc(cc1)C(=O)c1ccc(cc1)*,214.0
*Oc1c(cc(cc1)C1(CC2C(CC1)CCCC2)c1cc(c(cc1)Oc1ccc(cc1)C(=O)c1ccc(cc1)*)C)C,201.0
*Oc1c(cc(cc1C)C1(CC2C(CC1)CCCC2)c1cc(c(c(c1)C)Oc1ccc(cc1)C(=O)c1ccc(cc1)*)C)C,251.0
*Oc1ccc(cc1)C1(CC2C(CC1)CCCC2)c1ccc(cc1)Oc1ccc(cc1)C(=O)c1cc(ccc1)C(=O)c1ccc(cc1)*,194.0
*Oc1c(cc(cc1)C1(CC2C(CC1)CCCC2)c1cc(c(cc1)Oc1ccc(cc1)C(=O)c1cc(ccc1)C(=O)c1ccc(cc1)*)C)C,185.0
*Oc1c(cc(cc1C)C1(CC2C(CC1)CCCC2)c1cc(c(c(c1)C)Oc1ccc(cc1)C(=O)c1cc(ccc1)C(=O)c1ccc(cc1)*)C)C,224.0
*P1(=NP(=NP(=N1)(Oc1ccc(cc1)C(=O)OC)Oc1ccc(cc1)C(=O)OC)(Oc1ccc(cc1)C(c1ccc(cc1)O*)(C)C)Oc1ccc(cc1)C(=O)OC)Oc1ccc(cc1)C(=O)OC,73.0
*P1(=NP(=NP(=N1)(Oc1ccc(cc1)C(=O)OCCC)Oc1ccc(cc1)C(=O)OCCC)(Oc1ccc(cc1)C(c1ccc(cc1)O*)(C)C)Oc1ccc(cc1)C(=O)OCCC)Oc1ccc(cc1)C(=O)OCCC,26.0
*P1(=NP(=NP(=N1)(Oc1ccc(cc1)C(=O)OC)Oc1ccc(cc1)C(=O)OC)(Oc1ccc(cc1)C(c1ccc(cc1)O*)(C(F)(F)F)C(F)(F)F)Oc1ccc(cc1)C(=O)OC)Oc1ccc(cc1)C(=O)OC,78.0
*P1(=NP(=NP(=N1)(Oc1ccc(cc1)C(=O)OCCC)Oc1ccc(cc1)C(=O)OCCC)(Oc1ccc(cc1)C(c1ccc(cc1)O*)(C(F)(F)F)C(F)(F)F)Oc1ccc(cc1)C(=O)OCCC)Oc1ccc(cc1)C(=O)OCCC,34.0
*Oc1c(cc(cc1C)c1cc(c(c(c1)CBr)Oc1ccc(cc1)C(=O)c1ccc(cc1)*)C)CBr,158.17
*Oc1c(cc(cc1C)c1cc(c(c(c1)CBr)Oc1ccc(cc1)C(=O)c1ccc(cc1)*)CBr)CBr,163.67
*Oc1ccc(cc1)CCc1ccc(cc1)OCCCCCCOC(=O)NC1CCC(CC1)CC1CCC(CC1)NC(=O)OCCCCCC*,40.3
*Oc1ccc(cc1)c1ccc(cc1)OCCCCCCOC(=O)C(C(=O)OCCCCCC*)CCCCCOc1cc(nc(c1)c1ncccc1)c1ncccc1,49.9
*c1oc(nn1)c1ccc(cc1)Oc1c2c(ccc1)c(ccc2)NC(=O)c1ccc(cc1)C(c1ccc(cc1)C(=O)Nc1c2c(ccc1)c(ccc2)Oc1ccc(cc1)*)(C(F)(F)F)C(F)(F)F,279.0
*c1oc(nn1)c1ccc(cc1)Oc1c2c(ccc1)c(ccc2)NC(=O)c1ccc(cc1)[Si](c1ccc(cc1)C(=O)Nc1c2c(ccc1)c(ccc2)Oc1ccc(cc1)*)(c1ccccc1)c1ccccc1,275.0
*c1oc(nn1)c1ccc(cc1)Oc1c2c(ccc1)c(ccc2)NC(=O)c1ccc(cc1)Oc1ccc(cc1)C(=O)Nc1c2c(ccc1)c(ccc2)Oc1ccc(cc1)*,248.0
*Oc1c(c(c(c(c1F)C#N)Oc1ccc(cc1)C(c1cc(ccc1)C(c1ccc(cc1)*)(C)C)(C)C)F)C#N,131.5
*OCCCCOc1ncnc(n1)*,-11.0
*c1nc(nc(n1)OCCCCO*)OC,-8.0
*OC(C(=O)OCC*)C,-21.0
*Oc1ccc(cc1)C(=O)c1cc(ccc1)*,145.0
*Oc1ccc(cc1)c1ccc(cc1)C(=O)NCC*,169.0
*C1=CC(=C(C#N)C#N)C=C(O1)C=Cc1sc(cc1)c1ccc(cc1)C(=Cc1cc2C(c3c(c2cc1)ccc(c3)C=C(c1ccc(cc1)c1sc(cc1)C=C*)C#N)(CC)CC)C#N,144.0
*Oc1cc2c(cc1)cc(cc2)C(=O)NCC*,182.0
*Oc1c2c(ccc1)cc(cc2)OCCNC(=O)c1ccc(cc1)C(=O)NCC*,160.5
*Oc1c2c(ccc1)cc(cc2)OCCNC(=O)c1cc(ccc1)C(=O)NCC*,155.5
*Oc1cc2c(cc1)ccc(c2)OCCNC(=O)c1ccc(cc1)C(=O)NCC*,159.0
*Oc1cc2c(cc1)ccc(c2)OCCNC(=O)c1cc(ccc1)C(=O)NCC*,143.0
*Oc1c2c(ccc1)c(ccc2)OCCNC(=O)c1cc(ccc1)C(=O)NCC*,171.0
*Oc1cc2c(cc1OCCNC(=O)c1ccc(cc1)C(=O)NCC*)cccc2,136.0
*OC(C*)COC(OCC)C,-67.0
*C1COC2C1OCC2OC(=O)Nc1c(ccc(c1)NC(=O)O*)C,125.0
*Oc1cc(ccc1)Oc1c(c(ccc1)Oc1cc(ccc1)Oc1ccc(cc1)c1ccc(cc1)*)C(=O)c1c(cccc1)S(=O)(=O)O[Na],230.0
*Oc1ccc(cc1)Oc1c(c(ccc1)Oc1ccc(cc1)Oc1ccc(cc1)c1ccc(cc1)*)C(=O)c1c(cccc1)S(=O)(=O)O[Na],259.0
*Oc1ccc(cc1)Oc1cc(ccc1)Oc1ccc(cc1)c1ccc(cc1)Oc1cc(ccc1)Oc1ccc(cc1)Oc1c(cc(cc1)C(=O)c1cc(c(cc1)*)S(=O)(=O)O[Na])S(=O)(=O)O[Na],304.0
*Oc1cc(ccc1)Oc1ccc(cc1)Oc1c(cc(cc1)S(=O)(=O)c1cc(c(cc1)Oc1ccc(cc1)Oc1cc(ccc1)Oc1ccc(cc1)c1ccc(cc1)*)S(=O)(=O)O[Na])S(=O)(=O)O[Na],283.0
*Oc1ccc(cc1)Oc1ccc(cc1)Oc1ccc(cc1)c1ccc(cc1)Oc1ccc(cc1)Oc1ccc(cc1)Oc1c(cc(cc1)C(=O)c1cc(c(cc1)*)S(=O)(=O)O[Na])S(=O)(=O)O[Na],348.0
*Oc1ccc(cc1)Oc1ccc(cc1)Oc1c(cc(cc1)S(=O)(=O)c1cc(c(cc1)Oc1ccc(cc1)Oc1ccc(cc1)Oc1ccc(cc1)c1ccc(cc1)*)S(=O)(=O)O[Na])S(=O)(=O)O[Na],302.0
*c1sc(cc1)*,89.35
*c1sc(cc1C)*,114.2
*SCC(=O)NCCCCCCNC(=O)C*,-7.0
*C1SC(C=C1CCCCCC)*,23.47
*SCC(C*)(CC)CC,-36.25
*Sc1ccc(cc1)P(=O)(c1ccc(cc1)Sc1ccc(cc1)c1ccc(cc1)*)c1ccccc1,232.0
*c1sc(cc1CCCCCCCCCCCC)*,-13.51
*c1sc(cc1CCCCCCCCCC)*,-33.0
*c1sc(cc1CCCCCC)*,23.47
*c1sc(cc1CCCCCCCC)*,-6.52
*S(=O)c1ccc(cc1)Sc1ccc(cc1)Sc1ccc(cc1)Sc1ccc(cc1)*,133.0
*S(=O)c1ccc(cc1)Sc1cc(ccc1)Sc1ccc(cc1)*,121.0
*Sc1ccc(cc1)C(=O)c1ccc(cc1)C(c1ccc(cc1)C(=O)c1ccc(cc1)*)(C(F)(F)F)C(F)(F)F,175.0
*Sc1ccc(cc1)C(=O)c1ccc(cc1)C(c1ccc(cc1)C(=O)c1ccc(cc1)*)(C)C,175.0
*c1n(c(cc1)c1sc(cc1)c1sc(cc1)c1sc(cc1)*)CCCCCCCCCCCC,53.0
*c1n(c(cc1)c1sc(cc1)c1sc(cc1)c1sc(cc1)c1sc(cc1)*)CCCCCCCCCCCC,53.0
*c1sc(cc1)[Si](*)(C)C,21.0
*c1sc(cc1)[Si]([Si](*)(C)C)(C)C,15.0
*c1sc(cc1)[Si]([Si](*)(CCCC)CCCC)(CCCC)CCCC,-53.0
*c1sc(cc1)c1sc(cc1)[Si](*)(C)C,45.0
*c1sc(cc1)c1sc(cc1)[Si]([Si](*)(C)C)(C)C,45.0
*c1sc(cc1)c1sc(cc1)[Si](*)(CCCC)CCCC,-10.0
*c1sc(cc1)c1sc(cc1)[Si]([Si](*)(CCCC)CCCC)(CCCC)CCCC,-20.0
*c1sc(cc1)c1sc(cc1)c1sc(cc1)[Si](*)(C)C,45.0
*c1sc(cc1)c1sc(cc1)c1sc(cc1)[Si]([Si](*)(C)C)(C)C,45.0
*c1sc(cc1)c1sc(cc1)c1sc(cc1)[Si](*)(CCCC)CCCC,30.0
*c1sc(cc1)c1sc(cc1)c1sc(cc1)[Si]([Si](*)(CCCC)CCCC)(CCCC)CCCC,-5.0
*c1sc(cc1)c1sc(c(c1)CCCCCCCC)c1sc(cc1)c1sc(cc1)c1sc(cc1CCCCCCCC)c1sc(cc1)[Si](*)(C)C,31.0
*c1sc(cc1)c1sc(c(c1)CCCCCCCC)c1sc(cc1)c1sc(cc1)c1sc(cc1CCCCCCCC)c1sc(cc1)[Si]([Si](*)(C)C)(C)C,12.0
*c1sc(cc1)c1sc(c(c1)CCCCCCCC)c1sc(cc1)c1sc(cc1)c1sc(cc1CCCCCCCC)c1sc(cc1)[Si]([Si]([Si]([Si](*)(C)C)(C)C)(C)C)(C)C,6.0
*c1sc(cc1)c1sc(c(c1)CCCCCCCC)c1sc(cc1)c1sc(cc1)c1sc(cc1CCCCCCCC)c1sc(cc1)[Si]([Si]([Si]([Si]([Si]([Si]([Si]([Si](*)(C)C)(C)C)(C)C)(C)C)(C)C)(C)C)(C)C)(C)C,13.0
*c1sc(cc1)c1sc(c(c1)CCCCCCCC)c1sc(cc1)c1sc(cc1)c1sc(cc1CCCCCCCC)c1sc(cc1)[Si](*)(CCCC)CCCC,-1.0
*c1sc(cc1)c1sc(c(c1)CCCCCCCC)c1sc(cc1)c1sc(cc1)c1sc(cc1CCCCCCCC)c1sc(cc1)[Si]([Si](*)(CCCC)CCCC)(CCCC)CCCC,-10.0
*c1sc(cc1)c1sc(cc1)c1sc(cc1)c1sc(cc1)[Si](*)(CCCC)CCCC,1.0
*c1sc(cc1)c1sc(cc1)c1sc(cc1)c1sc(cc1)[Si]([Si](*)(CCCC)CCCC)(CCCC)CCCC,-1.0
*S(=O)(=O)c1ccc(cc1)Sc1ccc(cc1)*,215.0
*c1sc(cc1CCCC)*,53.58
*c1sc(cc1CCOC(=O)NCCCC)*,67.5
*Oc1ccc(cc1)Sc1ccc(cc1)OC(=O)OC1C(C(C1(C)C)OC(=O)*)(C)C,107.0
*OC(=O)CCSCCC(=O)OCC*,-47.0
*SSc1ccc(cc1)N=CNc1ccc(cc1)*,98.0
*c1sc(cc1)c1ccc(cc1)C=Nc1cc(ccc1)N=Cc1ccc(cc1)*,150.0
*c1sc(cc1)c1ccc(cc1)C=Nc1ccc(cc1)C(c1ccc(cc1)N=Cc1ccc(cc1)*)c1ccccc1,129.0
*c1sc(cc1CCCC)c1sc(c(c1)CCCC)c1ccc(cc1)*,122.3
*c1sc(cc1CCCCCCCC)c1sc(c(c1)CCCCCCCC)c1ccc(cc1)*,50.4
*c1sc(cc1CCCCCCCCCCCC)c1sc(c(c1)CCCCCCCCCCCC)c1ccc(cc1)*,59.6
*Sc1ccc(cc1)Nc1ccc(cc1)Nc1ccc(cc1)*,114.0
*c1sc(cc1CCCCBr)*,19.0
*OC(=O)CSCc1ccc(cc1)Cc1ccc(cc1)CSCC(=O)OCCSCc1ccc(cc1)Cc1ccc(cc1)CSCC*,-1.25
*OC(=O)CCSCc1ccc(cc1)Cc1ccc(cc1)CSCCC(=O)OCCSCc1ccc(cc1)Cc1ccc(cc1)CSCC*,-4.6
*c1c2c(c(=O)n(n1)c1ccc(cc1)S(=O)(=O)c1ccc(cc1)n1nc(c3c(c1=O)cccc3)c1ccc(cc1)Sc1ccc(cc1)*)cccc2,279.0
*c1sc(nn1)c1ccc(cc1)C(=O)OCCCCCCOC(=O)c1ccc(cc1)*,125.0
*c1sc(nn1)c1ccc(cc1)C(=O)OCCCCCCCCOC(=O)c1ccc(cc1)*,86.0
*c1sc(nn1)c1ccc(cc1)C(=O)OCCCCCCCCCOC(=O)c1ccc(cc1)*,72.0
*c1sc(nn1)c1ccc(cc1)C(=O)OCCCCCCCCCCOC(=O)c1ccc(cc1)*,79.0
*c1sc(nn1)c1ccc(cc1)C(=O)OCCCCCCCCCCCCOC(=O)c1ccc(cc1)*,68.0
*c1cc2Sc3c(Sc2cc1)cc(cc3)C(=Cc1c(cc(c(c1)OCCCCCCCC)C=C(*)c1ccccc1)OCCCCCCCC)c1ccccc1,93.0
*c1sc(c(c1c1ccccc1)c1ccccc1)c1ccc(cc1)NC(=O)c1ccc(cc1)NC(=O)c1ccc(cc1)[Si](c1ccc(cc1)C(=O)Nc1ccc(cc1)C(=O)Nc1ccc(cc1)*)(C)C,337.0
*SSC(C*)c1ccccc1,4.8
*c1sc(c(c1c1ccccc1)c1ccccc1)c1ccc(cc1)CC(=O)Nc1ccc(cc1)NC(=O)Cc1ccc(cc1)*,251.0
*c1sc(c(c1c1ccccc1)c1ccccc1)c1ccc(cc1)CC(=O)Nc1cc(ccc1)NC(=O)Cc1ccc(cc1)*,228.0
*c1sc(c(c1c1ccccc1)c1ccccc1)c1ccc(cc1)CC(=O)Nc1ccc(cc1)c1ccc(cc1)NC(=O)Cc1ccc(cc1)*,272.0
*c1sc(c(c1c1ccccc1)c1ccccc1)c1ccc(cc1)CC(=O)Nc1ccc(cc1)Cc1ccc(cc1)NC(=O)Cc1ccc(cc1)*,227.0
*c1sc(c(c1c1ccccc1)c1ccccc1)c1ccc(cc1)CC(=O)Nc1ccc(cc1)S(=O)(=O)c1ccc(cc1)NC(=O)Cc1ccc(cc1)*,252.0
*c1sc(c(c1c1ccccc1)c1ccccc1)c1ccc(cc1)CC(=O)Nc1c2c(ccc1)c(ccc2)NC(=O)Cc1ccc(cc1)*,255.0
*c1sc(c(c1c1ccccc1)c1ccccc1)c1ccc(cc1)NC(=O)Cc1ccc(cc1)c1sc(c(c1c1ccccc1)c1ccccc1)c1ccc(cc1)CC(=O)Nc1ccc(cc1)*,273.0
*c1sc(cc1C(=O)OCCCCCCCCCCOc1ccc(cc1)c1ccc(cc1)OC(=O)c1ccc(cc1)OCC(CCCCCC)F)*,151.0
*Sc1ccc(cc1)Sc1ccc(cc1)Sc1ccc(cc1)P(=O)(c1ccc(cc1)*)c1ccccc1,175.0
*c1sc(cc1c1ccc(cc1)C(=C1C=C(C(=O)C(=C1)C(C)(C)C)C(C)(C)C)c1cc(c(c(c1)C(C)(C)C)OC(=O)C)C(C)(C)C)*,-4.3
*c1sc(cc1c1ccc(cc1)C(=C1C=C(C(=O)C(=C1)C(C)(C)C)C(C)(C)C)c1cc(c(c(c1)C(C)(C)C)O)C(C)(C)C)*,-12.6
*Sc1ccc(cc1)Nc1ccc(cc1)*,145.0
*c1c2c(nsn2)c(cc1)c1cc2C(c3c(c2cc1)ccc(c3)*)(CCCCCCCC)CCCCCCCC,114.5
*c1sc(cc1SCCCC)c1ccc(cc1)c1sc(c(c1)SCCCC)c1ccc(cc1)*,26.4
*c1sc(cc1SCCCCCCCC)c1ccc(cc1)c1sc(c(c1)SCCCCCCCC)c1ccc(cc1)*,-38.8
*c1sc(cc1SCCCC)c1sc(c(c1)SCCCC)c1ccc(cc1)*,129.0
*c1sc(cc1SCCCCCCCC)c1sc(c(c1)SCCCCCCCC)c1ccc(cc1)*,60.35
*c1sc(cc1SCCCCCCCCCCCC)c1sc(c(c1)SCCCCCCCCCCCC)c1ccc(cc1)*,60.35
*c1sc(cc1CCCC)c1ccc(cc1)c1sc(c(c1)CCCC)c1ccc(cc1)*,58.3
*c1sc(cc1CCCCCCCC)c1ccc(cc1)c1sc(c(c1)CCCCCCCC)c1ccc(cc1)*,-4.0
*c1sc(cc1CCCCCCCCCCCC)c1ccc(cc1)c1sc(c(c1)CCCCCCCCCCCC)c1ccc(cc1)*,-19.2
*c1sc(cc1SCCCCCC)*,32.0
*c1sc(cc1SCCCCCCCCCCCC)*,33.0
*c1sc(c(c1CCCCCCN(c1ccc(cc1)N=Nc1ccc(cc1)[N+](=O)[O-])CC)CCCCCC)*,17.0
*c1sc(cc1CC(=O)OCCN(c1ccc(cc1)N=Nc1ccc(cc1)[N+](=O)[O-])CC)*,102.0
*c1sc(cc1CCOc1ccc(cc1)N=Nc1ccc(cc1)C#N)*,73.0
*c1sc(cc1CC(=O)OCCCCCCOc1ccc(cc1)N=Nc1ccc(cc1)C#N)*,64.0
*S(=O)(=O)c1cc(c(cc1)Sc1ccc(cc1)Sc1ccc(cc1)Sc1c(cc(cc1)*)S(=O)(=O)O)S(=O)(=O)O,202.0
*c1sc(cc1)C(=O)OC(COC(=O)*)COc1ccc(cc1)N=Nc1ccc(cc1)C#N,119.0
*c1sc(cc1CCCC)c1sc(c(c1)CCCC)c1c2c(ccccc2)c(c1)*,124.0
*c1sc(cc1CCCCCCC)c1sc(c(c1)CCCCCCC)c1c2c(ccccc2)c(c1)*,56.0
*c1sc(cc1CCCCCCCCCC)c1sc(c(c1)CCCCCCCCCC)c1c2c(ccccc2)c(c1)*,22.5
*c1sc(cc1CCCCCCCCCCCCCC)c1sc(c(c1)CCCCCCCCCCCCCC)c1c2c(ccccc2)c(c1)*,-10.0
*c1sc(cc1C(=O)OCC(C(C(F)(F)F)(F)F)(F)F)*,129.0
*c1ncc(cc1)c1sc(c(c1)CCCCCCCC)c1ccc(cc1)c1sc(cc1CCCCCCCC)*,16.2
*c1sc(c(c1)CCCCCCCC)c1ccc(cc1)c1sc(cc1CCCCCCCC)c1ccc(cc1)c1ccc(cc1)*,0.6
*c1ncc(cc1)c1sc(cc1)c1cc2C(c3c(c2cc1)ccc(c3)c1sc(cc1)*)(CCCCCCCC)CCCCCCCC,127.5
*c1sc(cc1CC(=O)OCC)*,56.7
*c1sc(cc1CCCCCCOC(=O)COC)*,37.0
*c1sc(cc1CCCCCCOC(=O)Cc1ccccc1)*,45.0
*c1sc(cc1CCCCCCOC(=O)COc1ccccc1)*,50.0
*c1sc(cc1CCCCCCBr)c1sc(cc1)*,51.0
*c1sc(cc1CCCCCCOC(=O)COc1ccccc1)c1sc(cc1)*,79.0
*c1sc(cc1CCCCCCO[Si](C)(C)C)*,10.0
*Sc1ccc(cc1)C(=O)CNCCCCCCCCNCC(=O)c1ccc(cc1)*,231.0
*c1sc(cc1CCCCCCCCCCCC)c1sc(c(c1)CCCCCCCCCCCC)c1cc2cc3c(cc2cc1)cc(cc3)*,158.0
*SSCc1c(cccc1)C*,39.0
*SSCCCC*,-55.0
*c1sc(nn1)c1ccc(cc1)OC(=O)CCCCCCCCC(=O)Oc1cc(ccc1)C=C*,55.0
*c1sc(nn1)c1cc(ccc1)OC(=O)CCCCCCCCC(=O)Oc1ccc(cc1)C=C*,37.0
*c1sc(nn1)c1ccc(cc1)OC(=O)CCCCCCCCC(=O)Oc1ccc(cc1)C=C*,30.0
*c1cc2n(c3c(c2cc1)ccc(c3)c1sc(cc1)c1c2c(nccn2)c(cc1)c1sc(cc1)*)C(CCCCCCCC)CCCCCCCC,116.0
*c1cc2n(c3c(c2cc1)ccc(c3)c1sc(cc1)c1c2c(nsn2)c(cc1)c1sc(cc1)*)C(CCCCCCCC)CCCCCCCC,128.0
*c1sc(nn1)c1cc(ccc1)OC(=O)CCCCCCCCC(=O)Oc1cc(ccc1)C=C*,41.0
*c1sc(cc1CCOC(=O)C(Br)C)*,49.0
*OC(=O)CCSCCCCCCSCCC(=O)OCCCC*,-74.6
*c1sc(cc1C(C(=O)OC)C(=O)OC)*,-20.1
*c1cc2Sc3c(Sc2cc1)cc(cc3)Sc1ccc(cc1)Sc1ccc(cc1)S*,151.2
*c1cc2Sc3c(Sc2cc1)cc(cc3)S*,209.9
*c1ccc2N(c3c(Sc2c1)cc(cc3)c1sc(cc1)c1sc(cc1)*)CCCCCC,140.0
*c1ccc2N(c3c(Sc2c1)cc(cc3)c1sc(cc1)c1sc(cc1)*)CCCCCCCCCC,142.0
*c1ccc2N(c3c(Sc2c1)cc(cc3)c1sc(cc1)c1sc(cc1)*)CCCCCCCCCCCC,150.0
*c1ccc2N(c3c(Sc2c1)cc(cc3)c1sc2c(c1CCCCC)sc(c2)*)CCCCCC,126.0
*c1ccc2N(c3c(Sc2c1)cc(cc3)c1sc2c(c1CCCCC)sc(c2)*)CCCCCCCCCC,131.0
*c1ccc2N(c3c(Sc2c1)cc(cc3)c1sc2c(c1CCCCC)sc(c2)*)CCCCCCCCCCCC,136.0
*c1sc(cc1C(=O)Oc1c2ncccc2ccc1)*,154.0
*c1ccc2N(c3c(Sc2c1)cc(cc3)C=C*)c1ccc(cc1)OCCCCCCCCCCCC,129.0
*c1ccc2N(c3c(Sc2c1)cc(cc3)C=Cc1ccc(cc1)C=C*)c1ccc(cc1)OCCCCCCCCCCCC,167.0
*c1ccc2N(c3c(Sc2c1)cc(cc3)C=Cc1sc(cc1)C=C*)c1ccc(cc1)OCCCCCCCCCCCC,155.0
*c1c2c(c(s1)c1sc(c(c1)CCCCCC)c1cc3n(c4c(c3cc1)ccc(c4)c1sc(cc1CCCCCC)*)CCCCCCCCCCCC)nc(c(n2)CC)CC,89.0
*c1ncc(s1)N*,62.0
*c1ccc2n(c3c(c2c1)cc(cc3)c1sc(cc1)c1c2c(nsn2)c(cc1)c1sc(cc1)*)C(CCCCCCCC)CCCCCCCC,133.57
*c1cc2n(c3c(c2cc1)ccc(c3)c1sc(cc1CCCCCC)c1c2c(nsn2)c(cc1)c1sc(c(c1)CCCCCC)*)C(CCCCCCCC)CCCCCCCC,77.0
*c1ccc2n(c3c(c2c1)cc(cc3)c1sc(cc1CCCCCC)c1c2c(nsn2)c(cc1)c1sc(c(c1)CCCCCC)*)C(CCCCCCCC)CCCCCCCC,81.0
*c1ccc2N(c3c(Sc2c1)cc(cc3)c1ccc2N(c3c(Sc2c1)cc(cc3)C=C*)c1ccc(cc1)OCCCCCCCCCCCC)c1ccc(cc1)OCCCCCCCCCCCC,118.6
*c1ccc2N(c3c(Sc2c1)cc(cc3)c1sc(cc1)c1sc(cc1)c1ccc2N(c3c(Sc2c1)cc(cc3)C=C*)c1ccc(cc1)OCCCCCCCCCCCC)c1ccc(cc1)OCCCCCCCCCCCC,115.8
*c1ccc2N(c3c(Sc2c1)cc(cc3)c1sc(c(c1)CCCCCC)c1sc(cc1CCCCCC)c1ccc2N(c3c(Sc2c1)cc(cc3)C=C*)c1ccc(cc1)OCCCCCCCCCCCC)c1ccc(cc1)OCCCCCCCCCCCC,66.4
*c1sc(cc1CCCCOC(=O)CCC)*,20.0
*OC(=O)CCC(=O)OCCSCC*,-34.0
*c1sc(cc1)C(=O)Oc1ccc(cc1)[Si](c1ccc(cc1)OC(=O)*)(C)C,-68.0
*c1sc(cc1)C(=O)Oc1ccc(cc1)[Si](c1ccc(cc1)OC(=O)*)(CC)C,-51.0
*c1sc(cc1)C(=O)Oc1ccc(cc1)[Si](c1ccc(cc1)OC(=O)*)(CC)CC,-62.0
*c1sc(cc1)C(=O)Oc1ccc(cc1)[Si](c1ccc(cc1)OC(=O)*)(c1ccccc1)C,-71.0
*c1sc(cc1)C(=O)Oc1ccc(cc1)[Si](c1ccc(cc1)OC(=O)*)(c1ccccc1)c1ccccc1,-78.0
*Oc1ccc(cc1)C(c1ccc(cc1)OC(=O)c1ccc(cc1)C(c1ccc(cc1)C(=O)*)(C)C)(C)C,227.5
*Oc1ccc(cc1)C(c1ccc(cc1)OC(=O)c1ccc(cc1)Cc1ccc(cc1)C(=O)*)(C)C,187.5
*Oc1ccc(cc1)OC(=O)c1cc(ccc1)C(=O)*,185.0
*Oc1ccc(cc1)S(=O)(=O)c1ccc(cc1)OC(=O)c1cc(cc(c1)CCCCC)C(=O)*,170.0
*OS(=O)(=O)c1cc(ccc1)C(=O)Oc1ccc(cc1)C(c1ccc(cc1)*)(C)C,133.0
*OC(=O)c1cc(ccc1)C(=O)OCCN(CC*)c1ccccc1,60.0
*Oc1ccc(cc1)C1(CCCCC1)c1ccc(cc1)OC(=O)c1ccc(cc1)C(=O)*,275.0
*Oc1ccc(cc1)C(c1ccc(cc1)OC(=O)CCCCCCCCC(=O)*)(CC)c1ccccc1,88.0
*Oc1ccc(cc1)C(c1ccc(cc1)OC(=O)c1ccc(cc1)C(=O)*)(CC)c1ccccc1,243.0
*Oc1ccc(cc1)C(c1ccc(cc1)OC(=O)c1ccc(cc1)C(=O)*)(c1ccccc1)c1ccccc1,210.0
*Oc1ccc(cc1)C1(c2ccccc2c2ccccc12)c1ccc(cc1)OC(=O)CCC(=O)*,234.0
*Oc1ccc(cc1)C1(c2ccccc2c2ccccc12)c1ccc(cc1)OC(=O)CCCC(=O)*,207.0
*Oc1ccc(cc1)C1(c2ccccc2c2ccccc12)c1ccc(cc1)OC(=O)CCCCC(=O)*,166.0
*Oc1ccc(cc1)C1(c2ccccc2c2ccccc12)c1ccc(cc1)OC(=O)CCCCCCC(=O)*,158.0
*Oc1ccc(cc1)C1(c2ccccc2c2ccccc12)c1ccc(cc1)OC(=O)CCCCCCCC(=O)*,150.0
*Oc1ccc(cc1)C1(c2ccccc2c2ccccc12)c1ccc(cc1)OC(=O)CCCCCCCCCC(=O)*,136.0
*Oc1ccc(cc1)C1(c2ccccc2c2ccccc12)c1ccc(cc1)OC(=O)CCCCCCCCCCC(=O)*,117.0
*Oc1ccc(cc1)C1(c2ccccc2C(=O)c2ccccc12)c1ccc(cc1)OC(=O)c1ccc(cc1)C(=O)*,400.0
*Oc1ccc(cc1)C1(c2ccccc2Cc2ccccc12)c1ccc(cc1)OC(=O)CCCCCCCCC(=O)*,134.0
*Oc1ccc(cc1)C1(c2ccccc2Cc2ccccc12)c1ccc(cc1)OC(=O)c1ccc(cc1)C(=O)*,342.0
*OC(=O)CCCCC(=O)OCC(CC(CC*)(C)C)C,-70.0
*OC(=O)c1ccc(cc1)C(=O)OCC(CC(CC*)(C)C)C,-12.0
*OC(=O)CCCCCCCCC(=O)OC/C=C/C*,-40.0
*OC(=O)CCCCCCCCC(=O)OC/C=C\C*,-41.0
*O[Sn](OC(=O)/C=C/C(=O)*)(CCCC)CCCC,186.0
*Oc1ccc(cc1)C(c1ccc(cc1)OC(=O)c1ccc(cc1)C(=O)*)(CC)CC,165.0
*Oc1ccc(cc1)C(c1ccc(cc1)OC(=O)c1cc(ccc1)C(=O)*)(c1ccccc1)C,202.0
*Oc1ccc(cc1)C(c1ccc(cc1)OC(=O)c1cc(ccc1)C(=O)*)(c1ccccc1)c1ccccc1,229.0
*Oc1ccc(cc1)C(c1ccc(cc1)OC(=O)c1ccc(cc1)C(=O)c1ccc(cc1)C(=O)*)(C)C,194.0
*Oc1ccc(cc1)C(=O)c1ccc(cc1)OC(=O)c1ccc(cc1)C(c1ccc(cc1)C(=O)*)(C)C,126.0
*Oc1ccc(cc1)Cc1ccc(cc1)OC(=O)c1ccc(cc1)C(c1ccc(cc1)C(=O)*)(C)C,135.0
*OC(=O)c1ccc(cc1)C(=O)OCC1CC(CC(C1)C(C)(C)C)C*,118.0
*OC(=O)c1ccc(cc1)C(=O)OCC1CC(CCC1)C*,75.0
*OC(=O)c1ccc(cc1)CC(=O)OCC*,24.0
*Oc1ccc(cc1)C(c1ccc(cc1)OC(=O)c1ccc(cc1)CC(=O)*)(C)C,85.0
*OC(=O)c1ccc(cc1)CC(=O)OCc1ccc(cc1)C*,47.0
*OC(=O)c1ccc(cc1)CC(=O)OCC(C*)(C)C,33.0
*OC(=O)c1c(cccc1)C(=O)OCCCCCCCCCC*,-14.0
*Oc1ccc(cc1)C(c1ccc(cc1)OC(=O)CC(CCC(=O)*)C)(C)C,56.0
*Oc1c(cc(cc1)C(c1cc(c(cc1)OC(=O)CCCCC(=O)*)C)(C)C)C,33.5
*OC(=O)CCCCCCCCC(=O)OCC(C*)(CC)C,-69.0
*OC(CCC(OC(=O)CCCCCCCCC(=O)*)C)C,-66.0
*OC(=O)c1cc(ccc1)C(=O)OCCCCCCCC*,-9.0
*Oc1c(cc(cc1)C1(c2ccccc2c2ccccc12)c1cc(c(cc1)OC(=O)c1cc(ccc1)C(=O)*)C)C,287.0
*Oc1c(cc(cc1C)C1(c2ccccc2c2ccccc12)c1cc(c(c(c1)C)OC(=O)c1cc(ccc1)C(=O)*)C)C,315.0
*OC(=O)/C=C\C(=O)OCCCC*,-19.33
*OC(=O)/C=C/C(=O)OCCCC*,93.0
*Oc1cc2c(C(CC2(c2ccc(cc2)OC(=O)c2cc(ccc2)C(=O)*)C)(C)C)cc1,230.5
*Oc1cc2c(C(CC2(c2ccc(cc2)OC(=O)c2ccc(cc2)C(=O)*)C)(C)C)cc1,252.5
*C1(c2c(C(=O)O1)cccc2)c1ccc(cc1)C(=O)NNC(=O)c1ccc(cc1)C(=O)NNC(=O)c1ccc(cc1)*,237.0
*Oc1c(cc(cc1OC)c1cc(c(c(c1)OC)OC(=O)c1cc(ccc1)C(=O)*)OC)OC,252.0
*Oc1c(cc(cc1OC)c1cc(c(c(c1)OC)OC(=O)CCCCCCCCC(=O)*)OC)OC,94.0
*Oc1ccc(cc1)c1ccc(cc1)OC(=O)c1ccc(cc1)C(=O)*,267.0
*Oc1ccc(cc1)OC(=O)c1c(cc(cc1)C(=O)*)Oc1cc2c(cc1)cccc2,102.0
*Oc1ccc(cc1)OC(=O)c1c(cc(cc1)C(=O)*)Sc1cc2c(cc1)cccc2,148.0
*Oc1ccc(cc1)c1ccc(cc1)OC(=O)c1c(cc(cc1)C(=O)*)Sc1cc2c(cc1)cccc2,141.0
*Oc1ccc(cc1)OC(=O)c1c(cc(cc1)C(=O)*)Sc1ccccc1,181.0
*Oc1ccc(cc1)OC(=O)c1c(cc(cc1)C(=O)*)Sc1ccc(cc1)C,134.0
*Oc1ccc(cc1)OC(=O)c1c(cc(cc1)C(=O)*)Sc1ccc(cc1)Cl,140.0
*OC(CC(=O)*)(C)C(F)(F)F,26.2
*OC(CCOC(=O)C(C(=O)*)CCCCCCOc1ccc(cc1)N=Cc1ccc(cc1)[N+](=O)[O-])C,3.0
*Oc1c(cc(cc1)OC(=O)c1c(cc(cc1)C(=O)*)Sc1ccccc1)C,130.0
*Oc1c(cc(cc1)OC(=O)c1c(cc(cc1)C(=O)*)Sc1ccccc1)c1ccccc1,130.0
*OC(C(=O)OCC(=O)*)C,43.0
*Oc1ccc(cc1)c1ccc(cc1)OC(=O)c1c(cc(cc1)c1ccc(cc1)C(=O)*)c1ccccc1,168.0
*Oc1ccc(cc1)OC(=O)c1c(cc(cc1)c1ccc(cc1)C(=O)*)c1ccccc1,140.0
*Oc1c2c(c(cc1)OC(=O)c1c(cc(cc1)c1ccc(cc1)C(=O)*)c1ccccc1)cccc2,165.0
*Oc1c(cc(cc1)OC(=O)c1c(cc(cc1)c1ccc(cc1)C(=O)*)c1ccccc1)C,133.0
*Oc1c(cc(cc1)OC(=O)c1c(cc(cc1)c1ccc(cc1)C(=O)*)c1ccccc1)c1ccccc1,148.0
*Oc1c(cc(cc1)OC(=O)c1c(cc(cc1)c1ccc(cc1)C(=O)*)c1ccccc1)C(c1ccccc1)(C)C,146.0
*Oc1cc2c(cc1)cc(cc2)OC(=O)c1c(cc(cc1)c1ccc(cc1)C(=O)*)c1ccccc1,125.0
*OC(CC(=O)*)COc1ccccc1,20.0
*OC(CC(=O)*)CCOc1ccccc1,20.0
*Oc1ccc(cc1)C(c1ccc(cc1)OC(=O)c1c(cccc1)c1c(cccc1)C(=O)*)(C)C,154.5
*OC(=O)c1ccc(cc1)C(=O)OCC(C*)(CC)C,60.83
*OC(CC(=O)*)CCCCCCC=C,-50.0
*OC(CC(=O)*)CCc1ccccc1,14.5
*OC(CC(=O)*)CCCCC,-34.5
*Oc1ccc(cc1)C(=O)OCCCCCCCOC(=O)c1ccc(cc1)OC(=O)c1ccc(cc1)C(=O)*,65.0
*Oc1ccc(cc1)OC(=O)c1ccc(cc1)OC(=O)c1ccc(cc1)C(=O)Oc1ccc(cc1)C(=O)*,283.0
*Oc1c(cc(cc1)C(=O)*)CCCCC,50.0
*OC(=O)c1ccc(cc1)c1ccc(cc1)c1ccc(cc1)C(=O)OCC*,180.0
*OC(=O)c1ccc(cc1)c1ccc(cc1)c1ccc(cc1)C(=O)OCCCC*,180.0
*OC(=O)c1ccc(cc1)c1ccc(cc1)c1ccc(cc1)C(=O)OCCCCC*,40.0
*OC(=O)c1ccc(cc1)c1ccc(cc1)c1ccc(cc1)C(=O)OCCCCCC*,60.0
*OC(=O)c1ccc(cc1)c1ccc(cc1)c1ccc(cc1)C(=O)OCCCCCCCCCC*,50.0
*OC(=O)c1ccc(cc1)c1ccc(cc1)c1ccc(cc1)C(=O)OCC(C*)(CC)CC,-20.0
*OC(=O)c1ccc(cc1)c1ccc(cc1)c1ccc(cc1)C(=O)OCC(C*)(C)C,100.0
*OC(=O)c1ccc(cc1)C=Cc1ccc(cc1)C(=O)OCCCCC*,60.0
*OC(=O)c1ccc(cc1)C=Cc1ccc(cc1)C(=O)OCC(C*)(C)C,80.0
*OC(=O)c1c(cccc1)C(=O)OCCCS(=O)(=O)CCCCS(=O)(=O)CCC*,49.0
*OC(=O)c1c(cccc1)C(=O)OCCCS(=O)(=O)CCCS(=O)(=O)CCC*,52.0
*OC(=O)c1cc(ccc1)C(=O)OCCCS(=O)(=O)CCCCS(=O)(=O)CCC*,65.0
*OC(=O)c1cc(ccc1)C(=O)OCCCS(=O)(=O)CCCS(=O)(=O)CCC*,67.0
*OC(=O)c1ccc(cc1)C(=O)OCC#CC#CC*,143.0
*OC(=O)CC(CC*)C,-71.5
*N1CCN(CC1)C(=O)OCCOC(=O)c1ccc(cc1)C(=O)OCCOC(=O)*,53.0
*Oc1ccc(cc1)OC(=O)c1c(cc(cc1)C(=O)*)Oc1ccccc1,105.0
*Oc1ccc(cc1)OC(=O)c1c(cc(cc1)C(=O)*)Oc1ccc(cc1)Cl,107.0
*Oc1ccc(cc1)OC(=O)c1c(cc(cc1)C(=O)*)Oc1ccc(cc1)c1ccccc1,112.5
*Oc1ccc(cc1)OC(=O)c1c(cc(cc1)C(=O)*)Oc1ccc(cc1)Br,112.5
*Oc1ccc(cc1)OC(=O)c1c(cc(cc1)C(=O)*)Oc1ccc(cc1)F,106.0
*Oc1ccc(cc1)OC(=O)c1c(cc(cc1)C(=O)*)Oc1ccc(cc1)C(c1ccccc1)(C)C,93.0
*Oc1ccc(cc1)OC(=O)c1c(cc(cc1)C(=O)*)Oc1ccc(cc1)Oc1ccccc1,83.0
*Oc1ccc(cc1)OC(=O)c1c(cc(cc1)C(=O)*)Oc1ccc(cc1)C1CCCCC1,113.0
*Oc1ccc(cc1)OC(=O)Oc1ccc(cc1)C(=O)*,74.0
*OC1CCC(CC1)OC(=O)C(=O)*,139.6
*Oc1ccc(cc1)c1ccc(cc1)OC(=O)c1c(cc(c(c1)OCCCCCC)C(=O)*)OCCCCCC,113.0
*Oc1ccc(cc1)C(=O)Nc1ccc(cc1)C(c1ccc(cc1)NC(=O)c1ccc(cc1)OC(=O)c1ccc(cc1)C(=O)*)(C(F)(F)F)C(F)(F)F,266.0
*Oc1ccc(cc1)C(=O)Nc1ccc(cc1)C(c1ccc(cc1)NC(=O)c1ccc(cc1)OC(=O)c1cc(ccc1)C(=O)*)(C(F)(F)F)C(F)(F)F,227.0
*Oc1ccc(cc1)C(=O)Nc1c(ccc(c1)C(c1cc(c(cc1)C)NC(=O)c1ccc(cc1)OC(=O)c1ccc(cc1)C(=O)*)(C(F)(F)F)C(F)(F)F)C,213.0
*Oc1ccc(cc1)C(=O)Nc1c(ccc(c1)C(c1cc(c(cc1)C)NC(=O)c1ccc(cc1)OC(=O)c1cc(ccc1)C(=O)*)(C(F)(F)F)C(F)(F)F)C,214.0
*Oc1ccc(cc1)C(c1ccc(cc1)OC(=O)c1cc2c(C(CC2(c2ccc(cc2)C(=O)*)C)(C)C)cc1)(C)C,265.0
*Oc1ccc(cc1)C1(C2C3C(CCC3)C(C1)C2)c1ccc(cc1)OC(=O)c1ccc(cc1)C(=O)*,322.0
*Oc1c(cc(cc1Br)C(c1cc(c(c(c1)Br)OC(=O)c1cc(ccc1)C(=O)*)Br)(C)C)Br,115.0
*C1(c2c(C(=O)O1)cccc2)c1cc(c(c(c1)Br)OC(=O)c1ccc(cc1)C(=O)Oc1c(cc(cc1Br)*)Br)Br,319.0
*OC(=O)CCCCCN(c1ccc(cc1)N=Nc1ccc(cc1)S(=O)(=O)CCCCCC*)C,60.5
*OC(=O)CN(c1ccc(cc1)N=Nc1ccc(cc1)S(=O)(=O)CCC*)CCCC,92.4
*Oc1ccc(cc1)C=C1C(=O)C(=Cc2ccc(cc2)OC(=O)c2ccc(cc2)N=Cc2ccc(cc2)C=Nc2ccc(cc2)C(=O)*)CC1,205.0
*Oc1c(cc(cc1)C=C1C(=O)C(=Cc2cc(c(cc2)OC(=O)c2ccc(cc2)N=Cc2ccc(cc2)C=Nc2ccc(cc2)C(=O)*)OC)CC1)OC,140.0
*Oc1ccc(cc1)C(c1ccc(cc1)OC(=O)c1c(cccc1)c1c(cccc1)C(=O)*)(c1ccccc1)C,172.0
*C1CCN(CC1)C(=C(c1ccc(cc1)C(=O)OCC*)C#N)c1ccc(cc1)OC,171.5
*C1CN(CCC1)C(=C(c1ccc(cc1)C(=O)OC*)C#N)c1ccc(cc1)OC,171.5
*N1CCC(CC1)OC(=O)c1ccc(cc1)C(=C(*)c1ccc(cc1)OC)C#N,183.0
*OC(=O)CC/C=C/CCC(=O)OCCCCCCCCCC*,-15.0
*OC(=O)CC/C=C/CCC(=O)OCCCCCCCCCCCCCCCC*,-18.0
*OC(=O)C/C=C/CC(=O)OCCCCCCCCCCCCCCCC*,-22.0
*OC(=O)CCCCCCCCCCCCC(=O)OCC(C*)CCCCCCOc1ccc(cc1)N=Nc1ccc(cc1)C#N,21.5
*Oc1ccc(cc1)C1(c2cc(ccc2c2ccc(cc12)[N+](=O)[O-])N(C)C)c1ccc(cc1)OC(=O)CCC(=O)*,215.0
*Oc1ccc(cc1)C1(c2cc(ccc2c2ccc(cc12)[N+](=O)[O-])N(C)C)c1ccc(cc1)OC(=O)CCCC(=O)*,181.0
*Oc1ccc(cc1)C1(c2cc(ccc2c2ccc(cc12)[N+](=O)[O-])N(C)C)c1ccc(cc1)OC(=O)CCCCC(=O)*,150.0
*Oc1ccc(cc1)C1(c2cc(ccc2c2ccc(cc12)[N+](=O)[O-])OC)c1ccc(cc1)OC(=O)CCC(=O)*,230.0
*Oc1ccc(cc1)C1(c2cc(ccc2c2ccc(cc12)[N+](=O)[O-])OC)c1ccc(cc1)OC(=O)CCCC(=O)*,197.0
*Oc1c(cc(c(c1)C(c1ccccc1)(C)C)OC(=O)c1cc(ccc1)C(=O)*)C(c1ccccc1)(C)C,180.0
*Oc1c(cc(c(c1)C(c1ccccc1)(C)C)OC(=O)c1ccc(cc1)C(=O)*)C(c1ccccc1)(C)C,170.0
*Oc1cc2c(C(CC32CC(c2ccc(cc32)OC(=O)c2ccc(cc2)C(=O)*)(C)C)(C)C)cc1,290.0
*Oc1cc2c(C(CC32CC(c2ccc(cc32)OC(=O)c2cc(ccc2)C(=O)*)(C)C)(C)C)cc1,245.0
*Oc1c(cc(cc1)C=C1C(=O)C(=Cc2cc(c(cc2)OC(=O)c2cc(ccc2)C(=O)*)OC)CCC1)OC,57.86
*Oc1c(cc(cc1)C=C1C(=O)C(=Cc2cc(c(cc2)OC(=O)CCCCCCCCC(=O)*)OC)CCC1)OC,48.05
*Oc1ccc(cc1)CC(NC(=O)CCc1ccc(cc1)OC(=O)CCCCC(=O)*)C(=O)OCC,58.8
*Oc1ccc(cc1)CC(NC(=O)CCc1ccc(cc1)OC(=O)CCCCC(=O)*)C(=O)OCCCCCC,35.57
*Oc1ccc(cc1)CC(NC(=O)CCc1ccc(cc1)OC(=O)CCCCC(=O)*)C(=O)OCCCCCCCC,26.2
*Oc1ccc(cc1)CC(NC(=O)CCc1ccc(cc1)OC(=O)CCC(=O)*)C(=O)OCCCCCC,51.2
*Oc1ccc(cc1)CC(NC(=O)CCc1ccc(cc1)OC(=O)CCCCCCCCC(=O)*)C(=O)OCCCCCC,19.46
*OC(=O)c1ccc(cc1)N=CNc1ccc(cc1)C(=O)OCCCC*,91.0
*Oc1ccc(cc1)C(c1ccc(cc1)OC(=O)c1ccc(cc1)[Si](c1ccc(cc1)C(=O)*)(C)C)(C)C,180.0
*Oc1ccc(cc1)S(=O)(=O)c1ccc(cc1)OC(=O)c1ccc(cc1)[Si](c1ccc(cc1)C(=O)*)(C)C,235.0
*C1(c2c(C(=O)O1)cccc2)c1ccc(cc1)OC(=O)c1ccc(cc1)[Si](c1ccc(cc1)C(=O)Oc1ccc(cc1)*)(C)C,214.0
*Oc1ccc(cc1)C(c1ccc(cc1)OC(=O)c1ccc(cc1)[Si](c1ccc(cc1)C(=O)*)(c1ccccc1)c1ccccc1)(C)C,295.0
*Oc1ccc(cc1)S(=O)(=O)c1ccc(cc1)OC(=O)c1ccc(cc1)[Si](c1ccc(cc1)C(=O)*)(c1ccccc1)c1ccccc1,250.0
*C1(c2c(C(=O)O1)cccc2)c1ccc(cc1)OC(=O)c1ccc(cc1)[Si](c1ccc(cc1)C(=O)Oc1ccc(cc1)*)(c1ccccc1)c1ccccc1,250.0
*Oc1ccc(cc1)NC(=O)c1ccc(cc1)[Si](c1ccc(cc1)C(=O)*)(C)C,220.0
*Oc1cc(ccc1)NC(=O)c1ccc(cc1)[Si](c1ccc(cc1)C(=O)*)(C)C,220.0
*Oc1ccc(cc1)NC(=O)c1ccc(cc1)[Si](c1ccc(cc1)C(=O)*)(c1ccccc1)c1ccccc1,235.0
*Oc1cc(ccc1)NC(=O)c1ccc(cc1)[Si](c1ccc(cc1)C(=O)*)(c1ccccc1)c1ccccc1,220.0
*Oc1cc(ccc1)OC(=O)c1ccc(cc1)OC(=O)c1cc(ccc1)C(=O)Oc1ccc(cc1)C(=O)*,156.75
*c1ncc(cc1)C(=O)Oc1ccc(cc1)C(=O)Oc1cc(ccc1)OC(=O)c1ccc(cc1)OC(=O)*,110.0
*C1(c2c(C(=O)N1c1ccccc1)cccc2)c1ccc(cc1)OC(=O)c1ccc(cc1)[Si](c1ccc(cc1)C(=O)Oc1ccc(cc1)*)(C)C,255.0
*Oc1c(cc(cc1)OC(=O)c1c(cc(c(c1)OCCCc1ccccc1)C(=O)*)OCCCc1ccccc1)C,91.0
*Oc1ccc(cc1)c1ccc(cc1)OC(=O)c1c(cc(c(c1)OCCCc1ccccc1)C(=O)*)OCCCc1ccccc1,72.0
*Oc1c(cc(cc1)OC(=O)c1c(cc(c(c1)OCCCCCCCCCCCC)C(=O)*)OCCCCCCCCCCCC)C,112.0
*Oc1c(cc(cc1)OC(=O)c1c(cc(c(c1)OCCCCCCCCCCCC)C(=O)*)OCCCCCCCCCCCC)c1ccccc1,96.0
*Oc1ccc(cc1)C(=O)OC(COC(=O)c1ccc(cc1)OC(=O)c1ccc(cc1)C(=O)*)C,87.0
*Oc1c(cc(cc1)c1cc(c(cc1)OC(=O)c1ccc(cc1)C(=O)c1ccc(cc1)C(=O)*)c1ccccc1)c1ccccc1,184.5
*Oc1ccc(cc1)C(c1ccc(cc1)OC(=O)c1ccc(cc1)C(c1ccc(cc1)C(=O)*)(C(F)(F)F)C(F)(F)F)(C)C,124.0
*Oc1ccc(cc1)C(c1ccc(cc1)OC(=O)c1ccc(cc1)C(c1ccc(cc1)C(=O)*)(C(F)(F)F)C(F)(F)F)(C(F)(F)F)C(F)(F)F,135.0
*Oc1ccc(cc1)CC(NC(=O)CCc1ccc(cc1)OC(=O)CCC(=O)*)C(=O)OCC,78.0
*Oc1ccc(cc1)CC(NC(=O)CCc1ccc(cc1)OC(=O)CCC(=O)*)C(=O)OCCCC,67.0
*Oc1ccc(cc1)CC(NC(=O)CCc1ccc(cc1)OC(=O)CCC(=O)*)C(=O)OCCCCCCCC,46.75
*Oc1ccc(cc1)CC(NC(=O)CCc1ccc(cc1)OC(=O)CCCCC(=O)*)C(=O)OCCCC,45.0
*Oc1ccc(cc1)CC(NC(=O)CCc1ccc(cc1)OC(=O)CCCCCCC(=O)*)C(=O)OCC,50.0
*Oc1ccc(cc1)CC(NC(=O)CCc1ccc(cc1)OC(=O)CCCCCCC(=O)*)C(=O)OCCCC,37.0
*Oc1ccc(cc1)CC(NC(=O)CCc1ccc(cc1)OC(=O)CCCCCCC(=O)*)C(=O)OCCCCCC,26.45
*Oc1ccc(cc1)CC(NC(=O)CCc1ccc(cc1)OC(=O)CCCCCCC(=O)*)C(=O)OCCCCCCCC,21.33
*Oc1ccc(cc1)CC(NC(=O)CCc1ccc(cc1)OC(=O)CCCCCCCCC(=O)*)C(=O)OCC,44.0
*Oc1ccc(cc1)CC(NC(=O)CCc1ccc(cc1)OC(=O)CCCCCCCCC(=O)*)C(=O)OCCCC,30.0
*Oc1ccc(cc1)CC(NC(=O)CCc1ccc(cc1)OC(=O)CCCCCCCCC(=O)*)C(=O)OCCCCCCCC,14.25
*c1nc(ccc1)C=Cc1c2c(ccc1OC(=O)c1ccc(cc1)C(=O)Oc1c(c3c(cc1)cccc3)C=C*)cccc2,145.0
*c1nc2c(cc1)cccc2OC(=O)c1ccc(cc1)C(=O)Oc1c(c2c(cc1)cccc2)C=C*,175.0
*c1nc2c(cc1)cccc2OC(=O)c1ccc(cc1)C(=O)Oc1ccc(cc1)C=C*,112.0
*OC(=O)c1ccc(cc1)[Si](c1ccc(cc1)C(=O)OCCN(CC*)c1ccc(cc1)C=Cc1ccc(cc1)[N+](=O)[O-])(C)C,127.0
*Oc1ccc(cc1)CC(NC(=O)CCc1ccc(cc1)OC(=O)CCC(=O)*)C(=O)OC,91.5
*Oc1ccc(cc1)CC(NC(=O)CCc1ccc(cc1)OC(=O)CCC(=O)*)C(=O)OCCCCCCCCCCCC,40.0
*Oc1ccc(cc1)CC(NC(=O)CCc1ccc(cc1)OC(=O)CCCC(=O)*)C(=O)OC,76.0
*Oc1ccc(cc1)CC(NC(=O)CCc1ccc(cc1)OC(=O)CCCC(=O)*)C(=O)OCC,67.67
*Oc1ccc(cc1)CC(NC(=O)CCc1ccc(cc1)OC(=O)CCCC(=O)*)C(=O)OCCCC,53.67
*Oc1ccc(cc1)CC(NC(=O)CCc1ccc(cc1)OC(=O)CCCC(=O)*)C(=O)OCCCCCC,43.0
*Oc1ccc(cc1)CC(NC(=O)CCc1ccc(cc1)OC(=O)CCCC(=O)*)C(=O)OCCCCCCCC,32.5
*Oc1ccc(cc1)CC(NC(=O)CCc1ccc(cc1)OC(=O)CCCC(=O)*)C(=O)OCCCCCCCCCCCC,27.5
*Oc1ccc(cc1)CC(NC(=O)CCc1ccc(cc1)OC(=O)CCCCC(=O)*)C(=O)OC,68.67
*Oc1ccc(cc1)CC(NC(=O)CCc1ccc(cc1)OC(=O)CCCCC(=O)*)C(=O)OCCCCCCCCCCCC,22.0
*Oc1ccc(cc1)CC(NC(=O)CCc1ccc(cc1)OC(=O)CCCCCCC(=O)*)C(=O)OC,55.5
*Oc1ccc(cc1)CC(NC(=O)CCc1ccc(cc1)OC(=O)CCCCCCC(=O)*)C(=O)OCCCCCCCCCCCC,15.0
*Oc1ccc(cc1)CC(NC(=O)CCc1ccc(cc1)OC(=O)CCCCCCCCC(=O)*)C(=O)OC,46.33
*Oc1ccc(cc1)CC(NC(=O)CCc1ccc(cc1)OC(=O)CCCCCCCCC(=O)*)C(=O)OCCCCCCCCCCCC,12.5
*OC(=O)CCCCC(=O)OCCN(CC*)c1ccc(cc1)C=NN(c1ccccc1)c1ccccc1,54.0
*OC(=O)c1ccc(cc1)c1ccc(cc1)C(=O)OCCCCCCCCC*,43.75
*OC(=O)c1ccc(cc1)c1ccc(cc1)C(=O)OCCCCCCCCCCC*,42.5
*OC(=O)c1ccc(cc1)c1ccc(cc1)C(=O)OCCCCCCCCCCCC*,42.75
*OC(=O)c1cc2c(cc1)cc(cc2)C(=O)OCCCCCCC*,44.25
*OC(=O)c1cc2c(cc1)cc(cc2)C(=O)OCCCCCCCC*,53.0
*OC(=O)c1cc2c(cc1)cc(cc2)C(=O)OCCCCCCCCC*,43.5
*OC(=O)c1cc2c(cc1)cc(cc2)C(=O)OCCCCCCCCCCC*,39.0
*OC(=O)c1cc2c(cc1)cc(cc2)C(=O)OCCCCCCCCCCCC*,38.5
*Oc1c(cc(cc1)OC(=O)c1ccc(cc1)C(=O)*)C1CCCCCCC1,213.0
*OC(=O)C(NC(=O)C*)C,54.6
*OC(C(=O)NC(C(=O)*)C)C,57.65
*Oc1cc(c(cc1)c1c(cc(cc1)OC(=O)c1cc(c(cc1)c1c(cc(cc1)C(=O)*)C(F)(F)F)C(F)(F)F)C(=O)OCCCCCCCCCCCOc1ccc(cc1)c1ccc(cc1)C#N)C(=O)OCCCCCCCCCCCOc1ccc(cc1)c1ccc(cc1)C#N,50.0
*Oc1ccc(cc1)C(=O)NNC(=O)c1ccc(cc1)C(=O)NNC(=O)c1ccc(cc1)OC(=O)c1cc(ccc1)C(=O)*,175.0
*Oc1ccc(cc1)C(=O)NNC(=O)c1cc(ccc1)C(=O)NNC(=O)c1ccc(cc1)OC(=O)c1cc(ccc1)C(=O)*,180.0
*Oc1ccc(cc1)C(=O)NNC(=O)c1c(cc(cc1)C(=O)NNC(=O)c1ccc(cc1)OC(=O)c1cc(ccc1)C(=O)*)Oc1ccccc1,160.0
*OC(=O)C1C2C=CC(C1C(=O)OCC*)C2,0.0
*OC(=O)CCCCCCCCC(=O)OCC#CC(=Cc1ccc(cc1)C#Cc1ccc(cc1)C=C(C#Cc1ccccc1)C#Cc1ccccc1)C#CC*,60.0
*OC(=O)CCCCCCCCC(=O)OCC#CC(=Cc1ccc(cc1)C#Cc1ccccc1)C#CC*,60.0
*OC(=O)CCCCCCCCC(=O)OCC#CC(=Cc1ccc(cc1)C#Cc1ccc(cc1)[N+](=O)[O-])C#CC*,60.0
*Oc1ccc(cc1)N=Nc1cc(c(cc1)Cc1c(cc(cc1)N=Nc1ccc(cc1)OC(=O)c1ccc(cc1)C(=O)*)[N+](=O)[O-])[N+](=O)[O-],198.0
*Oc1ccc(cc1)N=Nc1c(cc(c(c1C)[N+](=O)[O-])Cc1c(c(c(c(c1)C)N=Nc1ccc(cc1)OC(=O)c1ccc(cc1)C(=O)*)C)[N+](=O)[O-])C,203.0
*Oc1ccc(cc1)CC(NC(=O)CCc1ccc(cc1)OC(=O)CCC(=O)*)C(=O)OCc1ccccc1,78.0
*Oc1ccc(cc1)CC(NC(=O)CCc1ccc(cc1)OC(=O)CCC(=O)*)C(=O)OCCOCCOCC,34.0
*Oc1ccc(cc1)CC(NC(=O)CCc1ccc(cc1)OC(=O)CCC(=O)*)C(=O)OCC(C)C,75.0
*Oc1ccc(cc1)CC(NC(=O)CCc1ccc(cc1)OC(=O)CCC(=O)*)C(=O)OC(C)C,82.0
*Oc1ccc(cc1)CC(NC(=O)CCc1ccc(cc1)OC(=O)CCC(=O)*)C(=O)OC(CC)C,75.0
*Oc1ccc(cc1)CC(NC(=O)CCc1ccc(cc1)OC(=O)CCCCCCCCC(=O)*)C(=O)OCc1ccccc1,42.0
*Oc1ccc(cc1)CC(NC(=O)CCc1ccc(cc1)OC(=O)CCCCCCCCC(=O)*)C(=O)OCCOCCOCC,2.0
*Oc1ccc(cc1)CC(NC(=O)CCc1ccc(cc1)OC(=O)CCCCCCCCC(=O)*)C(=O)OCC(C)C,33.0
*Oc1ccc(cc1)CC(NC(=O)CCc1ccc(cc1)OC(=O)CCCCCCCCC(=O)*)C(=O)OC(C)C,44.0
*Oc1ccc(cc1)CC(NC(=O)CCc1ccc(cc1)OC(=O)CCCCCCCCC(=O)*)C(=O)OC(CC)C,36.0
*Oc1ccc(cc1)CC(NC(=O)CCc1ccc(cc1)OC(=O)CCCC(=O)*)C(=O)OCc1ccccc1,66.0
*Oc1ccc(cc1)CC(NC(=O)CCc1ccc(cc1)OC(=O)CCCC(=O)*)C(=O)OCCOCCOCC,21.0
*Oc1ccc(cc1)CC(NC(=O)CCc1ccc(cc1)OC(=O)CCCC(=O)*)C(=O)OCC(C)C,62.0
*Oc1ccc(cc1)CC(NC(=O)CCc1ccc(cc1)OC(=O)CCCC(=O)*)C(=O)OC(C)C,68.0
*Oc1ccc(cc1)CC(NC(=O)CCc1ccc(cc1)OC(=O)CCCC(=O)*)C(=O)OC(CC)C,52.0
*Oc1ccc(cc1)CC(NC(=O)CCc1ccc(cc1)OC(=O)CCCCC(=O)*)C(=O)OCc1ccccc1,54.5
*Oc1ccc(cc1)CC(NC(=O)CCc1ccc(cc1)OC(=O)CCCCC(=O)*)C(=O)OCCOCCOCC,15.0
*Oc1ccc(cc1)CC(NC(=O)CCc1ccc(cc1)OC(=O)CCCCC(=O)*)C(=O)OCC(C)C,56.0
*Oc1ccc(cc1)CC(NC(=O)CCc1ccc(cc1)OC(=O)CCCCC(=O)*)C(=O)OC(C)C,56.5
*Oc1ccc(cc1)CC(NC(=O)CCc1ccc(cc1)OC(=O)CCCCC(=O)*)C(=O)OC(CC)C,50.0
*Oc1ccc(cc1)CC(NC(=O)CCc1ccc(cc1)OC(=O)CCCCCCC(=O)*)C(=O)OCc1ccccc1,47.0
*Oc1ccc(cc1)CC(NC(=O)CCc1ccc(cc1)OC(=O)CCCCCCC(=O)*)C(=O)OCCOCCOCC,6.0
*Oc1ccc(cc1)CC(NC(=O)CCc1ccc(cc1)OC(=O)CCCCCCC(=O)*)C(=O)OCC(C)C,42.0
*Oc1ccc(cc1)CC(NC(=O)CCc1ccc(cc1)OC(=O)CCCCCCC(=O)*)C(=O)OC(C)C,46.0
*Oc1ccc(cc1)CC(NC(=O)CCc1ccc(cc1)OC(=O)CCCCCCC(=O)*)C(=O)OC(CC)C,46.0
*Oc1ccc(cc1)CC(NC(=O)Cc1ccc(cc1)OC(=O)CCC(=O)*)C(=O)OCC,75.5
*Oc1ccc(cc1)CC(NC(=O)Cc1ccc(cc1)OC(=O)CCC(=O)*)C(=O)OCCCCCC,59.0
*Oc1ccc(cc1)CC(NC(=O)Cc1ccc(cc1)OC(=O)CCC(=O)*)C(=O)OCCCCCCCC,51.0
*Oc1ccc(cc1)CC(NC(=O)Cc1ccc(cc1)OC(=O)CCCCC(=O)*)C(=O)OCC,63.0
*Oc1ccc(cc1)CC(NC(=O)Cc1ccc(cc1)OC(=O)CCCCC(=O)*)C(=O)OCCCCCC,36.0
*Oc1ccc(cc1)CC(NC(=O)Cc1ccc(cc1)OC(=O)CCCCC(=O)*)C(=O)OCCCCCCCC,28.0
*Oc1ccc(cc1)CC(NC(=O)Cc1ccc(cc1)OC(=O)CC(CCC(=O)*)C)C(=O)OCC,63.0
*Oc1ccc(cc1)CC(NC(=O)Cc1ccc(cc1)OC(=O)CC(CCC(=O)*)C)C(=O)OCCCCCC,38.0
*Oc1ccc(cc1)CC(NC(=O)Cc1ccc(cc1)OC(=O)CC(CCC(=O)*)C)C(=O)OCCCCCCCC,30.0
*Oc1ccc(cc1)CC(NC(=O)Cc1ccc(cc1)OC(=O)CCCCCCC(=O)*)C(=O)OCC,54.0
*Oc1ccc(cc1)CC(NC(=O)Cc1ccc(cc1)OC(=O)CCCCCCC(=O)*)C(=O)OCCCCCC,27.0
*Oc1ccc(cc1)CC(NC(=O)Cc1ccc(cc1)OC(=O)CCCCCCC(=O)*)C(=O)OCCCCCCCC,22.0
*Oc1ccc(cc1)CC(NC(=O)Cc1ccc(cc1)OC(=O)CCCCCCCCC(=O)*)C(=O)OCC,43.0
*Oc1ccc(cc1)CC(NC(=O)Cc1ccc(cc1)OC(=O)CCCCCCCCC(=O)*)C(=O)OCCCCCC,23.0
*Oc1ccc(cc1)CC(NC(=O)Cc1ccc(cc1)OC(=O)CCCCCCCCC(=O)*)C(=O)OCCCCCCCC,16.0
*Oc1ccc(cc1)CC(NC(=O)Cc1ccc(cc1)OC(=O)CCCC(=O)*)C(=O)OCC,65.0
*Oc1ccc(cc1)CC(NC(=O)Cc1ccc(cc1)OC(=O)CCCC(=O)*)C(=O)OCCCCCC,42.0
*Oc1ccc(cc1)CC(NC(=O)Cc1ccc(cc1)OC(=O)CCCC(=O)*)C(=O)OCCCCCCCC,38.0
*Oc1ccc(cc1)CCNC(=O)c1cc(ccc1)C(=O)NCCc1ccc(cc1)OC(=O)c1cc(ccc1)C(=O)*,147.0
*Oc1ccc(cc1)CCNC(=O)c1cc(ccc1)C(=O)*,152.0
*OC(=O)c1ccc(cc1)C(=O)OCCN(CC*)c1ccc(cc1)C=C(C#N)C#N,127.0
*OC(=O)c1c(cc(cc1)C(=O)OCCN(CC*)c1ccc(cc1)c1oc2c(n1)ccc(c2)[N+](=O)[O-])OCCC,119.0
*OC(=O)c1ccc(cc1)C(=O)OCCN(CC*)c1ccc(cc1)c1oc2c(n1)ccc(c2)[N+](=O)[O-],208.0
*OC(=O)c1c(cc(cc1)C(=O)OCCN(CC*)c1ccc(cc1)C=C(C#N)C#N)OCCC,94.0
*OC(C#CC#CC(OC(=O)c1ccc(cc1)C(=O)*)C)C,133.0
*Oc1ccc(cc1)OC(=O)c1c(cc(c(c1)OCCCCOCC1N(CCC1)c1ccc(cc1)[N+](=O)[O-])C(=O)*)OCCCCOCC1N(CCC1)c1ccc(cc1)[N+](=O)[O-],68.0
*Oc1ccc(cc1)OC(=O)c1c(cc(c(c1)OCCCCCOCC1N(CCC1)c1ccc(cc1)[N+](=O)[O-])C(=O)*)OCCCCCOCC1N(CCC1)c1ccc(cc1)[N+](=O)[O-],63.0
*Oc1ccc(cc1)OC(=O)c1c(cc(c(c1)OCCCCCCOCC1N(CCC1)c1ccc(cc1)[N+](=O)[O-])C(=O)*)OCCCCCCOCC1N(CCC1)c1ccc(cc1)[N+](=O)[O-],56.0
*Oc1ccc(cc1)OC(=O)c1c(cc(c(c1)OCCCCCCCOCC1N(CCC1)c1ccc(cc1)[N+](=O)[O-])C(=O)*)OCCCCCCCOCC1N(CCC1)c1ccc(cc1)[N+](=O)[O-],50.0
*Oc1ccc(cc1)OC(=O)c1c(cc(c(c1)OCCCCCCCCOCC1N(CCC1)c1ccc(cc1)[N+](=O)[O-])C(=O)*)OCCCCCCCCOCC1N(CCC1)c1ccc(cc1)[N+](=O)[O-],41.0
*Oc1ccc(cc1)OC(=O)c1c(cc(c(c1)OCCCCCCCCCOCC1N(CCC1)c1ccc(cc1)[N+](=O)[O-])C(=O)*)OCCCCCCCCCOCC1N(CCC1)c1ccc(cc1)[N+](=O)[O-],34.0
*Oc1ccc(cc1)OC(=O)c1c(cc(c(c1)OCCCCCCCCCCOCC1N(CCC1)c1ccc(cc1)[N+](=O)[O-])C(=O)*)OCCCCCCCCCCOCC1N(CCC1)c1ccc(cc1)[N+](=O)[O-],30.0
*OC(COC(=O)/C=C\C(=O)*)C,-14.4
*Oc1c(cc(c(c1)OC(=O)c1ccc(cc1)OC)OC(=O)CCCCCCCCCCCCCCC(=O)*)OC(=O)c1ccc(cc1)OC,33.0
*Oc1c(cc(c(c1)OC(=O)c1ccc(cc1)OCC)OC(=O)CCCCCCCCCCCCCCC(=O)*)OC(=O)c1ccc(cc1)OCC,31.0
*Oc1c(cc(c(c1)OC(=O)c1ccc(cc1)OCCC)OC(=O)CCCCCCCCCCCCCCC(=O)*)OC(=O)c1ccc(cc1)OCCC,18.0
*Oc1c(cc(c(c1)OC(=O)c1ccc(cc1)OCCCC)OC(=O)CCCCCCCC(=O)*)OC(=O)c1ccc(cc1)OCCCC,38.0
*Oc1c(cc(c(c1)OC(=O)c1ccc(cc1)OCCCC)OC(=O)CCCCCC(=O)*)OC(=O)c1ccc(cc1)OCCCC,45.0
*Oc1c(cc(c(c1)OC(=O)c1ccc(cc1)OCCCC)OC(=O)CCCC(=O)*)OC(=O)c1ccc(cc1)OCCCC,59.0
*Oc1c(cc(c(c1)OC(=O)c1ccc(cc1)OC)OC(=O)CCCC(=O)*)OC(=O)c1ccc(cc1)OC,88.0
*Oc1c(cc(c(c1)OC(=O)c1ccc(cc1)OCC)OC(=O)CCCC(=O)*)OC(=O)c1ccc(cc1)OCC,71.0
*Oc1c(cc(c(c1)OC(=O)c1ccc(cc1)OCCC)OC(=O)CCCC(=O)*)OC(=O)c1ccc(cc1)OCCC,72.0
*Oc1c(cc(c(c1)OC(=O)c1ccc(cc1)OCCCCC)OC(=O)CCCC(=O)*)OC(=O)c1ccc(cc1)OCCCCC,44.0
*Oc1c(cc(c(c1)OC(=O)c1ccc(cc1)OCCCCCCCCCCCC)OC(=O)CCCC(=O)*)OC(=O)c1ccc(cc1)OCCCCCCCCCCCC,23.0
*Oc1c(cc(c(c1)OC(=O)c1ccc(cc1)OCC(CC)C)OC(=O)CCCC(=O)*)OC(=O)c1ccc(cc1)OCC(CC)C,60.0
*Oc1c(cc(c(c1)OC(=O)c1ccc(cc1)C)OC(=O)CCCCCCCCCCCCCCC(=O)*)OC(=O)c1ccc(cc1)C,27.0
*Oc1c(cc(c(c1)OC(=O)c1ccc(cc1)OCCCC)OC(=O)C(CCC(=O)*)C)OC(=O)c1ccc(cc1)OCCCC,55.0
*Oc1c(cc(c(c1)OC(=O)c1ccc(cc1)OCCCC)OC(=O)C(CCC(=O)*)(C)C)OC(=O)c1ccc(cc1)OCCCC,61.0
*OC(=O)c1c(ccc(c1)N=Nc1ccc(cc1)OCC)c1c(cc(cc1)N=Nc1ccc(cc1)OCC)C(=O)OCCC*,101.0
*OC(=O)c1c(ccc(c1)N=Nc1ccc(cc1)OCC)c1c(cc(cc1)N=Nc1ccc(cc1)OCC)C(=O)OCCCCCC*,83.0
*Oc1ccc(cc1)OC(=O)c1c(ccc(c1)N=Nc1ccc(cc1)OCC)c1c(cc(cc1)N=Nc1ccc(cc1)OCC)C(=O)*,170.0
*Oc1ccc(cc1)c1ccc(cc1)OC(=O)c1c(ccc(c1)N=Nc1ccc(cc1)OCC)c1c(cc(cc1)N=Nc1ccc(cc1)OCC)C(=O)*,165.0
*OC(=O)C=Cc1ccc(cc1)C=CC(=O)OCCN(CC*)c1ccc(cc1)N=Nc1ccc(cc1)[N+](=O)[O-],120.0
*OC(=O)CCCCC(=O)OCCC(CC*)C,-78.6
*Oc1cc(cc(c1)C(=O)OCCN(c1ccc(cc1)N=Nc1ccc(cc1)[N+](=O)[O-])CC)OC(=O)c1ccc(cc1)C(=O)*,130.0
*OC(=O)c1cc(cc(c1)OCCN(c1ccc(cc1)S(=O)(=O)C(C(C(C(C(C(C(C(F)(F)F)(F)F)(F)F)(F)F)(F)F)(F)F)(F)F)(F)F)C)C(=O)OCCN(CC*)c1ccc(cc1)S(=O)(=O)C(C(C(C(C(C(C(C(F)(F)F)(F)F)(F)F)(F)F)(F)F)(F)F)(F)F)(F)F,83.0
*OC(=O)c1cc(cc(c1)OC1CCN(CC1)c1ccc(cc1)S(=O)(=O)C(C(C(C(C(C(C(C(F)(F)F)(F)F)(F)F)(F)F)(F)F)(F)F)(F)F)(F)F)C(=O)OCCN(CC*)c1ccc(cc1)S(=O)(=O)C(C(C(C(C(C(C(C(F)(F)F)(F)F)(F)F)(F)F)(F)F)(F)F)(F)F)(F)F,99.0
*OC(=O)c1cc(cc(c1)OCCC1CCN(CC1)c1ccc(cc1)S(=O)(=O)C(C(C(C(C(C(C(C(F)(F)F)(F)F)(F)F)(F)F)(F)F)(F)F)(F)F)(F)F)C(=O)OCCN(CC*)c1ccc(cc1)S(=O)(=O)C(C(C(C(C(C(C(C(F)(F)F)(F)F)(F)F)(F)F)(F)F)(F)F)(F)F)(F)F,86.0
*OC(=O)c1cc(cc(c1)OCCN(c1ccc(cc1)S(=O)(=O)CCCCCCCC)C)C(=O)OCCN(CC*)c1ccc(cc1)S(=O)(=O)C(C(C(C(C(C(C(C(F)(F)F)(F)F)(F)F)(F)F)(F)F)(F)F)(F)F)(F)F,80.0
*c1ccc2n(c3c(c2c1)cc(cc3)C=C(C(=O)OCCCCCCCCCCOC(=O)C(=C*)C#N)C#N)CCCCCCCCCCCCCC,35.0
*c1ccc2n(c3c(c2c1)cc(cc3)C=C(C(=O)OCCCCCCOC(=O)C(=C*)C#N)C#N)CCCCCCCCCCCCCC,53.0
*c1ccc2n(c3c(c2c1)cc(cc3)C=C(C(=O)OCCCCCCCCCCOC(=O)C(=C*)C#N)C#N)CCCCCCC,59.0
*c1ccc2n(c3c(c2c1)cc(cc3)C=C(C(=O)OCCCCCCOC(=O)C(=C*)C#N)C#N)CCCCCCC,87.0
*c1ccc2n(c3c(c2c1)cc(cc3)C=C(C(=O)OCCCCCCOC(=O)C(=C*)C#N)C#N)CCCCCCCCCCCn1c2ccccc2c2ccccc12,63.0
*c1ccc2n(c3c(c2c1)cc(cc3)C=C(C(=O)OCCCCCCOC(=O)C(=C*)C#N)C#N)CCCCCCCCCCCOc1ccc(cc1)C=Cc1ccc(cc1)[N+](=O)[O-],87.0
*OC(C(=O)*)CC,15.0
*OC(=O)C(C(=O)OCCC[Sn](CCC*)(C)C)CCCCCCOc1ccc(cc1)c1ccc(cc1)OCc1ccc(cc1)[N+](=O)[O-],40.5
*OC(COC(=O)C1=C(C2C=CC1C2)C(=O)OCC(OC(=O)c1ccc(cc1)C(=O)*)CCl)CCl,72.0
*OC(COC(=O)C1=C(C2C=CC1C2)C(=O)OCC(OC(=O)c1ccc(cc1)C(=O)*)COC(=O)C1=C(C2C=CC1C2)c1ccccc1)COC(=O)C1=C(C2C=CC1C2)c1ccccc1,74.0
*OC1CCC(CC1)OC(=O)c1ccc(cc1)C(=O)*,94.3
*OC(CC(=O)*)CCCCCC,-47.0
*Oc1ccc(cc1)CC(NC(=O)CCc1ccc(cc1)OC(=O)CCC(CC(=O)*)C)C(=O)OCc1ccccc1,55.0
*Oc1ccc(cc1)CC(NC(=O)CCc1ccc(cc1)OC(=O)CCC(CC(=O)*)C)C(=O)OC,53.0
*Oc1ccc(cc1)CC(NC(=O)CCc1ccc(cc1)OC(=O)CC(CCC(=O)*)C)C(=O)OC(CC)C,45.0
*OC(=O)CCCCCCCCCCCCCCCCCCCCCCCCCCCCCCCCCCC(=O)OCCCC*,-55.0
*OC(=O)c1ccc(cc1)C(=O)OCC(C*)C,55.0
*OC(=O)c1ccc(cc1)C(=O)OCCOC(=O)CCC(=O)OCC*,23.0
*OC(=O)c1ccc(cc1)C(=O)OCCOC(=O)CCCCC(=O)OCC*,6.0
*OC(=O)c1ccc(cc1)C(=O)OCCOC(=O)CCCCCCC(=O)OCC*,-1.33
*OC(=O)c1ccc(cc1)C(=O)OCCOC(=O)CCCCCCCCC(=O)OCC*,-6.75
*OC(=O)c1ccc(cc1)C(=O)OCCOC(=O)CCCCCCCCCCC(=O)OCC*,-8.0
*OC(=O)c1ccc(cc1)C(=O)OCCCCOC(=O)CCCCC(=O)OCCCC*,-20.0
*OC(=O)c1cc(ccc1)C(=O)OCCc1ccc(cc1)NC(=O)c1cc(ccc1)C(=O)Nc1ccc(cc1)CC*,142.0
*OC(=O)c1c(cc(cc1)C(=O)OCCN(CC*)c1ccc(cc1)N=Nc1ccc(cc1)c1oc2c(n1)cccc2)OCCC,117.0
*Oc1ccc(cc1)N=Nc1cc(c(cc1)Cc1c(cc(cc1)N=Nc1ccc(cc1)OC(=O)c1ccc(cc1)N=Nc1ccc(cc1)C(=O)*)[N+](=O)[O-])[N+](=O)[O-],160.0
*Oc1ccc(cc1)N=Nc1cc(c(cc1)S(=O)(=O)c1c(cc(cc1)N=Nc1ccc(cc1)OC(=O)c1ccc(cc1)N=Nc1ccc(cc1)C(=O)*)[N+](=O)[O-])[N+](=O)[O-],150.0
*OC(=O)CCC#CC#CCCC(=O)OCCN(CC*)c1ccc(cc1)[N+](=O)[O-],30.0
*OC(=O)CCC#CC#CCCC(=O)OCCN(CC*)c1ccc(cc1)N=Nc1c(cc(cc1C)N=Nc1ccc(cc1)C#N)C,63.0
*O[Ca]OC(=O)c1c(cccc1)C(=O)OCCCCCOC(=O)NCCCCCCNC(=O)OCCCCCOC(=O)c1c(cccc1)C(=O)*,-2.4
*OC(=O)NCCCCCCNC(=O)OCCCCCOC(=O)c1c(cccc1)C(=O)O[Cd]OC(=O)c1c(cccc1)C(=O)OCCCCC*,-6.8
*OC(=O)NCCCCCCNC(=O)OCCCCCOC(=O)c1c(cccc1)C(=O)O[Pb]OC(=O)c1c(cccc1)C(=O)OCCCCC*,-19.2
*O[Zn]OC(=O)c1c(cccc1)C(=O)OCCCCCOC(=O)NCCCCCCNC(=O)OCCCCCOC(=O)c1c(cccc1)C(=O)*,-4.3
*O[Ca]OC(=O)c1c(cccc1)C(=O)OCCCCCOC(=O)Nc1c(ccc(c1)NC(=O)OCCCCCOC(=O)c1c(cccc1)C(=O)*)C,5.1
*OC(=O)Nc1c(ccc(c1)NC(=O)OCCCCCOC(=O)c1c(cccc1)C(=O)O[Cd]OC(=O)c1c(cccc1)C(=O)OCCCCC*)C,2.3
*OC(=O)Nc1c(ccc(c1)NC(=O)OCCCCCOC(=O)c1c(cccc1)C(=O)O[Pb]OC(=O)c1c(cccc1)C(=O)OCCCCC*)C,-11.3
*O[Zn]OC(=O)c1c(cccc1)C(=O)OCCCCCOC(=O)Nc1c(ccc(c1)NC(=O)OCCCCCOC(=O)c1c(cccc1)C(=O)*)C,4.2
*OC(=O)C1=C(CCCC=C1C(=O)OCC*)N1CCCC1,345.0
*Oc1ccc(cc1)OC(=O)c1cc(cc(c1)OCCCCCCCCCCC(C(C(C(C(C(C(C(C(C(F)(F)F)(F)F)(F)F)(F)F)(F)F)(F)F)(F)F)(F)F)(F)F)(F)F)C(=O)*,137.0
*OC(=O)NC1CC(CC(C1)(CNC(=O)OCC*)C)(C)C,84.0
*Oc1c(cc(c(c1)OCCOC)OC(=O)c1c(cc(cc1)C(=O)*)OCCOCC)OCCOC,99.0
*Oc1ccc(cc1)CC(NC(=O)CCc1ccc(cc1)OC(=O)CC(CCC(=O)*)C)C(=O)OCCCC,35.0
*OC(=O)CNC(=O)C*,67.0
*O[Si](CCCC(=O)Oc1ccc(cc1)C=Nc1ccc(cc1)N=Cc1ccc(cc1)OC(=O)CCC[Si](*)(C)C)(C)C,60.0
*O[Si](CCCC(=O)Oc1ccc(cc1)C=Nc1ccc(cc1)Cc1ccc(cc1)N=Cc1ccc(cc1)OC(=O)CCC[Si](*)(C)C)(C)C,68.0
*Oc1c(cc(c(c1)OCCOC)OC(=O)c1c(cc(cc1)C(=O)*)c1ccccc1)OCCOC,92.0
*C1N(CC(C1)OC(=O)*)C(=O)OCc1ccccc1,78.0
*OC(=O)CCCCC(=O)OCC(C*)CCCCCCOc1ccc(cc1)N=Nc1ccc(cc1)OC,22.0
*OC(=O)CCCCC(=O)OCC(C*)CCCCCCOc1ccc(cc1)N=Nc1ccc(cc1)C(F)(F)F,44.0
*OC(=O)CCCCC(=O)OCC(C*)CCCCCCOc1ccc(cc1)N=Nc1ccc(cc1)C,29.0
*OC(=O)CCCCC(=O)OCC(C*)CCCCCCOc1ccc(cc1)N=Nc1ccc(cc1)Cl,9.0
*OC(=O)CCCCC(=O)OCC(C*)CCCCCCOc1ccc(cc1)N=Nc1ccc(cc1)Br,24.0
*OC(=O)c1cc(cc(c1)C(C)(C)C)C(=O)OCC*,94.0
*OC(COC(=O)C12CC3(CC(CC(C1)C3)C2)C(=O)*)COc1ccc(cc1)N=Nc1ccc(cc1)C#N,105.0
*OC(COC(=O)C1CCC(CC1)C(=O)*)COc1ccc(cc1)N=Nc1ccc(cc1)C#N,106.0
*OC(COC(=O)c1c(cccc1)C(=O)*)COc1ccc(cc1)N=Nc1ccc(cc1)C#N,105.0
*OC(COC(=O)c1c(cc(cc1)C)C(=O)*)COc1ccc(cc1)N=Nc1ccc(cc1)C#N,124.0
*c1c(nccc1)C(=O)OC(COC(=O)*)COc1ccc(cc1)N=Nc1ccc(cc1)C#N,130.0
*OC(COC(=O)c1cc(ccc1)C(=O)*)COc1ccc(cc1)N=Nc1ccc(cc1)C#N,119.0
*OC(COC(=O)c1cc(cc(c1)C(C)(C)C)C(=O)*)COc1ccc(cc1)N=Nc1ccc(cc1)C#N,137.0
*OC(COC(=O)c1ccc(cc1)C(=O)*)COc1ccc(cc1)N=Nc1ccc(cc1)C#N,122.0
*OC(COC(=O)c1cc(c(cc1)C(=O)*)OC)COc1ccc(cc1)N=Nc1ccc(cc1)C#N,120.0
*OC(COC(=O)c1c2c(c(cc1)C(=O)*)cccc2)COc1ccc(cc1)N=Nc1ccc(cc1)C#N,117.0
*OC(COC(=O)c1cc2c(cc1)cc(cc2)C(=O)*)COc1ccc(cc1)N=Nc1ccc(cc1)C#N,138.0
*OC(COC(=O)c1c(cccc1)c1c(cccc1)C(=O)*)COc1ccc(cc1)N=Nc1ccc(cc1)C#N,120.0
*OC(COC(=O)c1ccc(cc1)c1ccc(cc1)C(=O)*)COc1ccc(cc1)N=Nc1ccc(cc1)C#N,141.0
*OC(COC(=O)c1cc(ccc1)c1ccc(cc1)C(=O)*)COc1ccc(cc1)N=Nc1ccc(cc1)C#N,135.0
*OC(COC(=O)c1c(c(c(c(c1F)F)c1c(c(c(c(c1F)F)C(=O)*)F)F)F)F)COc1ccc(cc1)N=Nc1ccc(cc1)C#N,112.0
*OC(COC(=O)c1c(c(c(cc1)c1c(cc(c(c1)CCCCCCCC)c1c(c(c(cc1)C(=O)*)F)F)CCCCCCCC)F)F)COc1ccc(cc1)N=Nc1ccc(cc1)C#N,61.0
*OC(=O)CCCC(=O)NCCCCCC*,-18.0
*Oc1ccc(cc1)C1(CCC(CC1)C(C)(C)C)c1ccc(cc1)OC(=O)c1ccc(cc1)C(=O)*,210.0
*OC(=O)CCCCC(=O)OCC(C*)O,-20.0
*Oc1ccc(cc1)c1ccc(cc1)N=Nc1ccc(cc1)C(=O)*,147.0
*OC(=O)C(NC(=O)C=CC(=O)NC(C(=O)OCCCC*)Cc1ccccc1)Cc1ccccc1,103.0
*OC(=O)C(NC(=O)C=CC(=O)NC(C(=O)OCCCCCC*)Cc1ccccc1)Cc1ccccc1,92.0
*OC(=O)C(NC(=O)C=CC(=O)NC(C(=O)OCC=CC*)Cc1ccccc1)Cc1ccccc1,109.0
*OC(=O)C(NC(=O)CCCCC(=O)NC(C(=O)OCC=CC*)Cc1ccccc1)Cc1ccccc1,61.0
*OC(=O)C(NC(=O)CCCCCCCCC(=O)NC(C(=O)OCC=CC*)Cc1ccccc1)Cc1ccccc1,46.0
*OC(=O)c1c(cc(cc1)C(=O)OCCN(CC*)c1ccc(cc1)N=Nc1ccc(cc1)c1nc2c([nH]1)ccc(c2)[N+](=O)[O-])OCCC,152.0
*OC(=O)c1c(cc(cc1)C(=O)OCCN(CC*)c1ccc(cc1)N=Nc1[nH]c(c(n1)C#N)C#N)OCCC,152.0
*OC(=O)c1c(cc(cc1)C(=O)OCCN(CC*)c1ccc(cc1)N=Nc1[nH]c(c(n1)C#N)C#N)OCCCCC,131.0
*Oc1ccc(cc1)C(c1ccc(cc1)OC(=O)c1c(cccc1)c1c(cccc1)C(=O)*)(C(F)(F)F)C(F)(F)F,162.0
*OC(=O)c1ccc(cc1)c1ccc(cc1)C(=O)OCC(C*)(C)C,101.0
*OC(=O)c1ccc(cc1)c1ccc(cc1)C(=O)OCC(C*)(CC)C,99.0
*OC(=O)c1ccc(cc1)c1ccc(cc1)C(=O)OCC(C*)(CCC)C,95.0
*Oc1c(cccc1)C(=O)OC(=O)c1c(cccc1)OC(=O)CCCC(=O)*,50.0
*Oc1c(cccc1)C(=O)OC(=O)c1c(cccc1)OC(=O)CCCCC(=O)*,60.0
*Oc1c(cccc1)C(=O)OC(=O)c1c(cccc1)OC(=O)CCCCCC(=O)*,40.0
*Oc1c(cccc1)C(=O)OC(=O)c1c(cccc1)OC(=O)CCCCCCC(=O)*,28.0
*Oc1c(cccc1)C(=O)OC(=O)c1c(cccc1)OC(=O)CCCCCCCC(=O)*,25.0
*Oc1c(cccc1)C(=O)OC(=O)c1c(cccc1)OC(=O)CCCCCCCCC(=O)*,28.0
*Oc1c(cccc1)C(=O)OC(=O)c1c(cccc1)OC(=O)c1ccc(cc1)C(=O)*,120.0
*Oc1c(cccc1)C(=O)OC(=O)c1c(cccc1)OC(=O)c1cc(ccc1)C(=O)*,105.0
*Oc1c(cccc1)C(=O)OC(=O)c1c(cccc1)OC(=O)C(C(C(=O)*)C)C,45.0
*Oc1c(cccc1)C(=O)OC(=O)c1c(cccc1)OC(=O)C(C(C(=O)*)CC)CC,23.0
*OC(=O)C(C(C(=O)OCCCCCCCCC*)O)O,-11.0
*OC(=O)CCC(=O)OCCCCCCCCC*,31.0
*Oc1c(cc(cc1)OC(=O)c1ccc(cc1)C(=O)*)c1cc(ccc1)C(F)(F)F,158.13
*OC(=O)c1cc(cc(c1)OCc1cc(cc(c1)OCc1ccccc1)OCc1ccccc1)C(=O)OCCN(CC*)c1ccc(cc1)C=Cc1sc(cc1)C=CC1=C(C(=C(C#N)C#N)OC1(c1ccccc1)C(F)(F)F)C#N,130.0
*OC(=O)c1cc(cc(c1)OCc1c(c(c(c(c1F)F)OC)F)F)C(=O)OCCN(CC*)c1ccc(cc1)C=Cc1sc(cc1)C=CC1=C(C(=C(C#N)C#N)OC1(c1ccccc1)C(F)(F)F)C#N,140.0
*OC(=O)CCC(=O)OCC(=O)NCCCCCCNC(=O)C*,30.0
*OC(=O)CCCCC(=O)OCC(=O)NCCCCCCNC(=O)C*,19.0
*OC(=O)CCCCCCC(=O)OCC(=O)NCCCCCCNC(=O)C*,8.0
*OC(=O)CCCCCCCCC(=O)OCC(=O)NCCCCCCNC(=O)C*,2.0
*OC(=O)CCCCCCCCCCC(=O)OCC(=O)NCCCCCCNC(=O)C*,0.9
*OC(=O)C(C(=O)OCCC[Sn](CCC*)(C)C)CCCCCCCCOc1ccc(cc1)c1ccc(cc1)OCc1ccc(cc1)C#N,4.5
*Oc1c(cc(cc1)OC(=O)c1ccc(cc1)C(=O)*)C(F)(F)F,158.13
*OC(=O)CCCCCCC(=O)OCC#CC*,-38.0
*OC(=O)CCCCCCCCCCC(=O)OCC#CC*,-27.0
*Oc1ccc(cc1)C(=Cc1ccc(cc1)c1ccc(cc1)C=C(c1ccc(cc1)OC(=O)c1ccc(cc1)C(=O)*)c1ccccc1)c1ccccc1,236.0
*Oc1ccc(cc1)C(=Cc1ccc(cc1)c1ccc(cc1)C=C(c1ccc(cc1)OC(=O)c1cc(ccc1)C(=O)*)c1ccccc1)c1ccccc1,224.0
*Oc1ccc(cc1)C(=Cc1ccc(cc1)c1ccc(cc1)C=C(c1ccc(cc1)OC(=O)CCCCC(=O)*)c1ccccc1)c1ccccc1,128.0
*Oc1ccc(cc1)C(=Cc1ccc(cc1)c1ccc(cc1)C=C(c1ccc(cc1)OC(=O)CCCCCCCCC(=O)*)c1ccccc1)c1ccccc1,111.0
*OC(=O)c1ccc(cc1)C(=O)OCCN(CC*)c1ccc(cc1)N=Nc1ccc(cc1)c1nc2c(n1CC)cc(cc2)[N+](=O)[O-],149.0
*OC(=O)c1cc(ccc1)C(=O)OCCN(CC*)c1ccc(cc1)N=Nc1ccc(cc1)c1nc2c(n1CC)cc(cc2)[N+](=O)[O-],147.0
*OC(=O)c1c(cc(cc1)C(=O)OCCN(CC*)c1ccc(cc1)N=Nc1ccc(cc1)c1nc2c(n1CC)cc(cc2)[N+](=O)[O-])OC,146.0
*OC(=O)c1c(cc(cc1)C(=O)OCCN(CC*)c1ccc(cc1)N=Nc1ccc(cc1)C=Cc1nc2c(n1CC)cc(cc2)[N+](=O)[O-])OC,173.0
*c1cc2c(cc1OC(=O)COc1ccc3c(c1)oc(=O)cc3)oc(=O)c(c2)C(=O)Nc1ccc(cc1)NC(=O)c1c(=O)oc2c(cc(c(c2)OC(=O)COc2ccc3c(c2)oc(=O)cc3)C*)c1,252.0
*c1cc2c(cc1OC(=O)COc1ccc3c(c1)oc(=O)cc3)oc(=O)c(c2)C(=O)Nc1ccc(cc1)c1ccc(cc1)NC(=O)c1c(=O)oc2c(cc(c(c2)OC(=O)COc2ccc3c(c2)oc(=O)cc3)C*)c1,248.0
*c1cc2c(cc1OC(=O)COc1ccc3c(c1)oc(=O)cc3)oc(=O)c(c2)C(=O)Nc1ccc(cc1)Cc1ccc(cc1)NC(=O)c1c(=O)oc2c(cc(c(c2)OC(=O)COc2ccc3c(c2)oc(=O)cc3)C*)c1,221.0
*c1cc2c(cc1OC(=O)COc1ccc3c(c1)oc(=O)cc3)oc(=O)c(c2)C(=O)Nc1ccc(cc1)S(=O)(=O)c1ccc(cc1)NC(=O)c1c(=O)oc2c(cc(c(c2)OC(=O)COc2ccc3c(c2)oc(=O)cc3)C*)c1,233.0
*c1cc2c(cc1OC(=O)COc1ccc3c(c1)oc(=O)cc3)oc(=O)c(c2)C(=O)Nc1ccc(cc1)C(c1ccc(cc1)NC(=O)c1c(=O)oc2c(cc(c(c2)OC(=O)COc2ccc3c(c2)oc(=O)cc3)C*)c1)(C(F)(F)F)C(F)(F)F,257.0
*c1cc2c(cc1OC(=O)COc1ccc3c(c1)oc(=O)cc3)oc(=O)c(c2)C(=O)Nc1cc(ccc1)NC(=O)c1c(=O)oc2c(cc(c(c2)OC(=O)COc2ccc3c(c2)oc(=O)cc3)C*)c1,240.0
*OC(=O)C=CC(=O)NCCCCCCNC(=O)C=CC(=O)OCC*,89.0
*c1nc2c(nc1c1ccc(cc1)OC(=O)c1cc(ccc1)C(=O)Oc1ccc(cc1)*)cccc2,245.0
*c1nc2c(nc1c1ccc(cc1)OC(=O)c1ccc(cc1)C(=O)Oc1ccc(cc1)*)cccc2,232.0
*c1nc2c(nc1c1cc3c(cc1)cc(cc3)OC(=O)c1cc(ccc1)C(=O)Oc1cc3c(cc1)cc(cc3)*)cccc2,151.0
*c1nc2c(nc1c1cc3c(cc1)cc(cc3)OC(=O)c1ccc(cc1)C(=O)Oc1cc3c(cc1)cc(cc3)*)cccc2,136.0
*Oc1ccc(cc1)C1(CC2C(CC1)CCCC2)c1ccc(cc1)OC(=O)c1ccc(cc1)C(=O)*,275.0
*Oc1ccc(cc1)C1(CC2C(CC1)CCCC2)c1ccc(cc1)OC(=O)c1cc(ccc1)C(=O)*,248.0
*Oc1c(cc(cc1)C1(CC2C(CC1)CCCC2)c1cc(c(cc1)OC(=O)c1ccc(cc1)C(=O)*)C)C,247.0
*Oc1c(cc(cc1)C1(CC2C(CC1)CCCC2)c1cc(c(cc1)OC(=O)c1cc(ccc1)C(=O)*)C)C,207.0
*Oc1c(cc(cc1C)C1(CC2C(CC1)CCCC2)c1cc(c(c(c1)C)OC(=O)c1ccc(cc1)C(=O)*)C)C,287.0
*Oc1c(cc(cc1C)C1(CC2C(CC1)CCCC2)c1cc(c(c(c1)C)OC(=O)c1cc(ccc1)C(=O)*)C)C,261.0
*c1cc2c(cc1)oc(=O)c(c2)C(=O)Nc1ccc(cc1)C(c1ccc(cc1)NC(=O)c1c(=O)oc2c(cc(cc2)C*)c1)(C(F)(F)F)C(F)(F)F,329.0
*Oc1ccc(cc1)C1(c2ccccc2c2ccccc12)c1ccc(cc1)OC(=O)C12CC3(CC(CC(C1)C3)C2)C(=O)*,335.0
*Oc1ccc(cc1)NC(=O)C=CC(=O)NNC(=O)C=CC(=O)Nc1ccc(cc1)OC(=O)C=CC(=O)NNC(=O)C=CC(=O)*,265.0
*Oc1ccc(cc1)NC(=O)C=CC(=O)NNC(=O)C=CC(=O)Nc1ccc(cc1)OC(=O)c1c(cccc1)C(=O)NNC(=O)c1c(cccc1)C(=O)*,240.0
*OC(=CCC)C(C(=O)*)CC,-17.87
*Oc1ccc(cc1)C(c1ccc(cc1)OC(=O)c1cc(cc(c1)NC(=O)c1ccc(cc1)NC(=O)C(N1C(=O)c2c(C1=O)cccc2)C)C(=O)*)(C)C,238.0
*Oc1ccc(cc1)S(=O)(=O)c1ccc(cc1)OC(=O)c1cc(cc(c1)NC(=O)c1ccc(cc1)NC(=O)C(N1C(=O)c2c(C1=O)cccc2)C)C(=O)*,200.0
*OC(C(=O)*)Cc1ccccc1,35.05
*C1OC(=O)C(C1)CCC1C(=O)OC(C1)CCC=CCC*,36.6
*C1OC(=O)C(C1)CCC1C(=O)OC(C1)CCCCC=CCCCC*,24.7
*C1OC(=O)C(C1)CCC1C(=O)OC(C1)CCCCCC*,37.9
*Oc1ccc(cc1)[Si](c1ccc(cc1)OC(=O)c1cc2Cc3c(c2cc1)ccc(c3)C(=O)*)(c1ccccc1)c1ccccc1,72.1
*Nc1c(cc(cc1)c1cc(c(cc1)NC(=O)c1cc(ccc1)C(=O)*)S)S,395.0
*NC(=O)c1ccc(cc1)C(=O)NCC(CC(CC*)CC)C,139.0
*NC(=O)CCCCC(=O)NCCCP(CCC*)CCCCCCCC,12.0
*NC(=O)CCCCCCCCCCCCCC*,-7.0
*NC(=O)CC(CCCCCC(=O)NCc1c(c(c(c(c1C)C)C*)C)C)C,211.0
*NC(=O)CCCC(=O)NCc1c(c(c(c(c1C)C)C*)C)C,192.0
*OC(=O)NNC(=O)CCCCCCCCC(=O)NNC(=O)OCCCCCCCCCC*,34.0
*NC(=O)CCP(=O)(CCC(=O)NCCCCCC*)C,57.5
*NC(=O)CCP(=O)(CCC(=O)NCCCCCCCC*)C,52.0
*NC1CCC(CC1)CC(NC(=O)CCCCC(=O)*)(C)C,80.0
*NC(=O)CC(c1ccc(cc1)CCC(=O)NCCCCCC*)C,77.0
*NC(=O)CCC(c1ccc(cc1)C(CCC(=O)NCCCCCC*)(C)C)(C)C,92.0
*NC(C(=O)*)CCC(=O)OCCCCCCCCCC,-62.0
*Nc1ccc(cc1)C(c1ccc(cc1)NC(=O)c1cc(cc(c1)N1C(=O)C2C(C1=O)C1CCC2C1)C(=O)*)(C)C,311.0
*Nc1ccc(cc1)Cc1ccc(cc1)NC(=O)c1cc(cc(c1)N1C(=O)C2C(C1=O)C1CCC2C1)C(=O)*,293.0
*Nc1ccc(cc1)C(c1ccc(cc1)NC(=O)c1cc(cc(c1)N1C(=O)C2C(C1=O)CC=CC2)C(=O)*)(C)C,308.0
*Nc1ccc(cc1)Cc1ccc(cc1)NC(=O)c1cc(cc(c1)N1C(=O)C2C(C1=O)CC=CC2)C(=O)*,286.0
*Nc1ccc(cc1)C(c1ccc(cc1)NC(=O)c1cc(cc(c1)N1C(=O)C=CC1=O)C(=O)*)(C)C,303.0
*Nc1ccc(cc1)Cc1ccc(cc1)NC(=O)c1cc(cc(c1)N1C(=O)C=CC1=O)C(=O)*,287.0
*N1C(CN(C(C1)C)C(=O)CCCCCCCCC(=O)*)C,-60.5
*N1CC(CCCC1)NC(=O)CCCCCCCCC(=O)*,-46.5
*Nc1c(ccc(c1)NC(=O)C(=O)*)C,-54.65
*NC(C(=O)*)CCC(=O)OCc1ccc(cc1)[N+](=O)[O-],53.15
*Nc1cc(ccc1)NC(=O)c1cc(cc(c1)NC(=O)c1ccccc1)C(=O)*,300.0
*Nc1ccc(cc1)NC(=O)c1cc(cc(c1)NC(=O)c1ccccc1)C(=O)*,321.0
*Nc1ccc(cc1)Cc1ccc(cc1)NC(=O)c1cc(cc(c1)NC(=O)c1ccccc1)C(=O)*,285.0
*Nc1ccc(cc1)C(c1ccc(cc1)NC(=O)c1cc(cc(c1)NC(=O)c1ccccc1)C(=O)*)(C)C,303.5
*Nc1ccc(cc1)Cc1ccc(cc1)NC(=O)c1cc(cc(c1)N1C(=O)C2C(C1=O)C1C=CC2C1)C(=O)*,303.0
*Nc1c(cc(cc1)c1cc(c(cc1)NC(=O)c1cc(ccc1)C(=O)*)O)O,386.0
*NC(=O)C(=O)NCCCC*,120.0
*OC(=O)NNC(=O)CCCCCCCCC(=O)NNC(=O)OCC*,63.0
*OC(=O)NNC(=O)CCCCCCCCC(=O)NNC(=O)OCCC*,22.0
*OC(=O)NNC(=O)CCCCCCCCC(=O)NNC(=O)OCCCC*,56.0
*OC(=O)NNC(=O)CCCCCCCCC(=O)NNC(=O)OCCCCC*,20.0
*OC(=O)NNC(=O)CCCCCCCCC(=O)NNC(=O)OCCCCCC*,45.0
*OC(=O)NNC(=O)CCCCCCCCC(=O)NNC(=O)OCCCCCCCC*,38.0
*Nc1cc(ccc1)CCc1ccc(cc1)NC(=O)c1cc(ccc1)C(=O)*,203.0
*Nc1cc(ccc1)C=Cc1ccc(cc1)NC(=O)c1cc(ccc1)C(=O)*,272.0
*Nc1cc(ccc1)C#Cc1ccc(cc1)NC(=O)c1cc(ccc1)C(=O)*,268.0
*Nc1cc(ccc1)CCc1ccc(cc1)NC(=O)c1ccc(cc1)C(=O)*,203.0
*NC(=O)c1ccc(cc1)C(=O)NCC(CCC*)C,153.5
*Nc1c(cccc1)c1ccc(cc1)NC(=O)c1cc(ccc1)C(=O)*,248.0
*Nc1c(cccc1)c1ccc(cc1)NC(=O)c1ccc(cc1)C(=O)*,263.0
*S(=O)(=O)c1ccc(cc1)C(=O)Nc1c(cccc1)c1ccc(cc1)NC(=O)c1ccc(cc1)*,284.0
*Nc1c(cc(cc1)Br)c1ccc(cc1)NC(=O)c1cc(ccc1)C(=O)*,253.0
*Nc1c(cc(cc1)Br)c1ccc(cc1)NC(=O)c1ccc(cc1)C(=O)*,267.0
*S(=O)(=O)c1ccc(cc1)C(=O)Nc1c(cc(cc1)Br)c1ccc(cc1)NC(=O)c1ccc(cc1)*,288.0
*Nc1cc(cc(c1)C(=O)Oc1ccccc1)NC(=O)c1ccc(cc1)C(=O)*,200.0
*Nc1cc(cc(c1)C(=O)Oc1ccc(cc1)c1ccccc1)NC(=O)c1ccc(cc1)C(=O)*,178.0
*Nc1cc(cc(c1)C(=O)Oc1c2c(ccc1)cccc2)NC(=O)c1ccc(cc1)C(=O)*,192.0
*Nc1cc(cc(c1)C(=O)OC(c1ccccc1)c1ccccc1)NC(=O)c1ccc(cc1)C(=O)*,217.0
*c1ncc(cc1)C(=O)NNC(=O)c1ccc(cc1)[Si](c1ccc(cc1)C(=O)NNC(=O)*)(c1ccccc1)c1ccccc1,256.0
*c1cncc(c1)C(=O)NNC(=O)c1ccc(cc1)[Si](c1ccc(cc1)C(=O)NNC(=O)*)(c1ccccc1)c1ccccc1,234.0
*NNC(=O)c1c2c(c(cc1)C(=O)NNC(=O)c1ccc(cc1)[Si](c1ccc(cc1)C(=O)*)(c1ccccc1)c1ccccc1)cccc2,271.5
*NC(=O)CC(=O)NCCCC*,73.0
*NC(=O)CC(=O)NCCCCCC*,50.0
*NC(=O)CC(=O)NCCCCCCCC*,55.0
*NC(=O)C(C(C(=O)NCCCC*)OC)OC,100.0
*NC(=O)C(C(C(=O)NCCCCCC*)OC)OC,106.0
*NC(=O)C(C(C(=O)NCCCCCCCC*)OC)OC,89.0
*NC(=O)C(C(C(=O)NCCC*)OC)OC,123.0
*NC(=O)C(C(C(=O)NCCCCC*)OC)OC,113.0
*NC(=O)C(C(C(=O)NCCCCCCC*)OC)OC,87.0
*NC(=O)C(C(C(=O)NCCCCCCCCC*)OC)OC,84.0
*NC(=O)C(C(C(=O)NCCCCCCCCCCCC*)OC)OC,84.0
*NC(=O)c1c(cc(cc1)C(=O)NCC*)Sc1ccccc1,172.0
*NC(=O)c1c(cc(cc1)C(=O)NCCCC*)Sc1ccccc1,136.0
*NC(=O)c1c(cc(cc1)C(=O)NCCCCCC*)Sc1ccccc1,121.0
*NC(=O)c1c(cc(cc1)C(=O)NCCCCCCCC*)Sc1ccccc1,110.0
*NC(=O)c1c(cc(cc1)C(=O)NCCCCCCCCCC*)Sc1ccccc1,100.0
*NC(=O)c1c(cc(cc1)C(=O)NCCCCCCCCCCCC*)Sc1ccccc1,92.0
*NC(=O)c1c(cc(cc1)C(=O)NCCCCCC*)Oc1ccc(cc1)F,112.5
*NC(=O)c1c(cc(cc1)C(=O)NCCCCCC*)Oc1ccc(cc1)Cl,112.5
*NC(=O)c1c(cc(cc1)C(=O)NCCCCCC*)Oc1ccc(cc1)Br,116.0
*c1n(cnc1C(=O)NCCCCCCNC(=O)*)C,86.0
*c1n(cnc1C(=O)NCC(CNC(=O)*)(C)C)C,152.0
*c1n(cnc1C(=O)NCCNC(=O)*)C,189.0
*Nc1cc(ccc1)NC(=O)c1cc(cc(c1)NC(=O)c1ccncc1)C(=O)*,321.0
*Nc1ccc(cc1)NC(=O)c1cc(cc(c1)NC(=O)c1ccncc1)C(=O)*,327.0
*Nc1ccc(cc1)c1ccc(cc1)NC(=O)c1cc(cc(c1)NC(=O)c1ccncc1)C(=O)*,339.0
*Nc1ccc(cc1)Cc1ccc(cc1)NC(=O)c1cc(cc(c1)NC(=O)c1ccncc1)C(=O)*,302.0
*Nc1ccc(cc1)NC(=O)Cc1c(cc(c(c1)C)CC(=O)*)C,175.0
*Nc1cc(ccc1)NC(=O)Cc1c(cc(c(c1)C)CC(=O)*)C,249.0
*Nc1ccc(cc1)c1ccc(cc1)NC(=O)Cc1c(cc(c(c1)C)CC(=O)*)C,171.0
*Nc1ccc(cc1)NC(=O)Cc1c(cc(c(c1)CC(=O)*)C)C,208.0
*Nc1cc(ccc1)NC(=O)Cc1c(cc(c(c1)CC(=O)*)C)C,222.0
*Nc1ccc(cc1)c1ccc(cc1)NC(=O)Cc1c(cc(c(c1)CC(=O)*)C)C,230.0
*NC(=C(NC(=O)c1ccc(cc1)C(=O)*)C#N)C#N,232.0
*Nc1c(cc(c(c1)[N+](=O)[O-])NC(=O)CCCCCCCCCCCCC(=O)*)C=Cc1ccc(cc1)N(C)C,125.0
*Nc1c(cc(c(c1)[N+](=O)[O-])NC(=O)CCCCCCCCCCC(=O)*)C=Cc1ccc(cc1)N(C)C,144.0
*Nc1c(cc(c(c1)[N+](=O)[O-])NC(=O)CCCCCCCCC(=O)*)C=Cc1ccc(cc1)N(C)C,159.0
*Nc1c(cc(c(c1)[N+](=O)[O-])NC(=O)CCCCCCC(=O)*)C=Cc1ccc(cc1)N(C)C,177.6
*Nc1c(cc(c(c1)[N+](=O)[O-])NC(=O)CCCCC(=O)*)C=Cc1ccc(cc1)N(C)C,206.0
*NC(C(=O)*)CCC(=O)OCc1ccc(cc1)F,46.9
*NC(C(=O)*)CCC(=O)OCc1ccc(cc1)C(F)(F)F,26.57
*N=Nc1ccc(cc1)C(=O)NCCCCNC(=O)c1ccc(cc1)*,215.0
*N=Nc1ccc(cc1)NC(=O)CCC(=O)Nc1ccc(cc1)*,220.0
*Nc1ccc(cc1)NC(=O)c1c(ccc(c1)C(=O)c1cc(c(cc1)C(=O)O)C(=O)*)C(=O)O,213.2
*Nc1ccc(cc1)NC(=O)c1c(ccc(c1)c1cc(c(cc1)C(=O)O)C(=O)*)C(=O)O,248.4
*Nc1ccc(cc1)NC(=O)c1c(cc(c(c1)C(=O)*)C(=O)O)C(=O)O,283.4
*Nc1cc(cc(c1)C(=O)OC1C(CCC(C1)C)C(C)C)NC(=O)c1cc(cc(c1)OCCN(c1ccc(cc1)[N+](=O)[O-])C)C(=O)*,193.0
*Nc1cc(cc(c1)C(=O)OC)NC(=O)c1cc(cc(c1)OCCN(c1ccc(cc1)[N+](=O)[O-])C)C(=O)*,177.0
*Nc1ccc(cc1)C1(c2ccccc2c2ccccc12)c1ccc(cc1)NC(=O)c1c(cc(cc1)c1cc(c(cc1)C(=O)*)C)C,293.0
*Nc1ccc(cc1)C(c1ccc(cc1)NC(=O)c1c(cc(cc1)c1cc(c(cc1)C(=O)*)C)C)(C(F)(F)F)C(F)(F)F,289.0
*S(=O)(=O)c1cc(ccc1)NC(=O)c1c(cc(cc1)c1cc(c(cc1)C(=O)Nc1cc(ccc1)*)C)C,260.0
*Nc1ccc(cc1)c1c(cc(cc1c1ccccc1)c1ccc(cc1)c1cc(c(c(c1)c1ccccc1)c1ccc(cc1)NC(=O)c1ccc(cc1)C(=O)*)c1ccccc1)c1ccccc1,290.0
*Nc1ccc(cc1)c1c(cc(cc1c1ccc(cc1)c1ccccc1)c1ccc(cc1)c1cc(c(c(c1)c1ccc(cc1)c1ccccc1)c1ccc(cc1)NC(=O)c1ccc(cc1)C(=O)*)c1ccc(cc1)c1ccccc1)c1ccc(cc1)c1ccccc1,305.0
*c1nc2c(nc1c1ccc(cc1)C(=O)NCCCCCCNC(=O)c1ccc(cc1)*)cccc2,201.0
*c1nc2c(nc1c1ccc(cc1)C(=O)NCCCCCCCCNC(=O)c1ccc(cc1)*)cccc2,185.0
*c1nc2c(nc1c1ccc(cc1)C(=O)NCCCCCCCCCCNC(=O)c1ccc(cc1)*)cccc2,166.0
*c1nc2c(nc1c1ccc(cc1)C(=O)NCCCCCCCCCCCCNC(=O)c1ccc(cc1)*)cccc2,154.0
*Nc1c(cc(cc1)NC(=O)c1ccc(cc1)NC(=O)CCCCCCCCC(=O)Nc1ccc(cc1)C(=O)*)C(=O)OCCCCCCCCCCCC,228.5
*Nc1c(cc(cc1)NC(=O)c1ccc(cc1)NC(=O)CCCCCCCCCCC(=O)Nc1ccc(cc1)C(=O)*)C(=O)OCCCCCCCCCCCC,205.5
*Nc1c(cc(cc1)NC(=O)c1ccc(cc1)NC(=O)CCCCCCCCCCCCC(=O)Nc1ccc(cc1)C(=O)*)C(=O)OCCCCCCCCCCCC,199.5
*Nc1c(cc(cc1)NC(=O)c1ccc(cc1)NC(=O)CCCCCCCCC(=O)Nc1ccc(cc1)C(=O)*)C(=O)OCCCCCCCCCCCCCC,225.0
*Nc1c(cc(cc1)NC(=O)c1ccc(cc1)NC(=O)CCCCCCCCCCC(=O)Nc1ccc(cc1)C(=O)*)C(=O)OCCCCCCCCCCCCCC,199.5
*Nc1c(cc(cc1)NC(=O)c1ccc(cc1)NC(=O)CCCCCCCCCCCCC(=O)Nc1ccc(cc1)C(=O)*)C(=O)OCCCCCCCCCCCCCC,204.5
*Nc1c(cc(cc1)NC(=O)c1ccc(cc1)NC(=O)CCCCCCCCC(=O)Nc1ccc(cc1)C(=O)*)C(=O)OCCCCCCCCCCCCCCCC,220.0
*Nc1c(cc(cc1)NC(=O)c1ccc(cc1)NC(=O)CCCCCCCCCCC(=O)Nc1ccc(cc1)C(=O)*)C(=O)OCCCCCCCCCCCCCCCC,199.5
*Nc1c(cc(cc1)NC(=O)c1ccc(cc1)NC(=O)CCCCCCCCCCCCC(=O)Nc1ccc(cc1)C(=O)*)C(=O)OCCCCCCCCCCCCCCCC,250.0
*Nc1c(cc(cc1)NC(=O)c1ccc(cc1)NC(=O)CCCCCCC(=O)Nc1ccc(cc1)C(=O)*)C(=O)OCCCCCCCCCCCCCCCCCC,305.0
*Nc1c(cc(cc1)NC(=O)c1ccc(cc1)NC(=O)CCCCCCCCC(=O)Nc1ccc(cc1)C(=O)*)C(=O)OCCCCCCCCCCCCCCCCCC,280.0
*Nc1c(cc(cc1)NC(=O)c1ccc(cc1)NC(=O)CCCCCCCCCCC(=O)Nc1ccc(cc1)C(=O)*)C(=O)OCCCCCCCCCCCCCCCCCC,196.5
*Nc1c(cc(cc1)NC(=O)c1ccc(cc1)NC(=O)CCCCCCCCCCCCC(=O)Nc1ccc(cc1)C(=O)*)C(=O)OCCCCCCCCCCCCCCCCCC,191.0
*Nc1ccc(cc1)NC(=O)c1c(cc(c(c1)C(=O)*)C(=O)OCC)C(=O)OCC,221.6
*c1c2c(c(=O)n(n1)c1ccc(cc1)S(=O)(=O)c1ccc(cc1)*)cccc2,422.0
*N(C(=O)C(C(C(C(=O)N(CCCCCC*)CC(C(F)(F)F)(F)F)(F)F)(F)F)(F)F)CC(C(F)(F)F)(F)F,119.4
*N(C(=O)C(C(C(C(C(=O)N(CCCCCC*)CC(C(F)(F)F)(F)F)(F)F)(F)F)(F)F)(F)F)CC(C(F)(F)F)(F)F,174.0
*N(C(=O)C(C(C(C(=O)N(CCCCCC*)CC(C(C(C(C(C(C(F)(F)F)(F)F)(F)F)(F)F)(F)F)(F)F)(F)F)(F)F)(F)F)(F)F)CC(C(C(C(C(C(C(F)(F)F)(F)F)(F)F)(F)F)(F)F)(F)F)(F)F,187.5
*S(=O)(=O)c1ccc(cc1)NC(=O)c1cc(ccc1)C(=O)Nc1ccc(cc1)*,78.0
*Nc1ccc(cc1)NC(=O)c1c(ccc(c1)c1cc(c(cc1)C(=O)OCC)C(=O)*)C(=O)OCC,231.7
*Nc1ccc(cc1)NC(=O)c1c(ccc(c1)c1cc(c(cc1)C(=O)OC)C(=O)*)C(=O)OC,234.2
*NC(C(=O)*)CCC(=O)Nc1ccc(cc1)N(c1ccccc1)c1ccccc1,132.0
*Nc1cc(cc(c1)C(=O)OCCCN(c1ccc(cc1)N=Nc1ccc(cc1)S(=O)(=O)C)C)NC(=O)c1cc(cc(c1)OCCCS(=O)(=O)c1ccc(cc1)N=Nc1ccc(cc1)N(C)C)C(=O)*,166.0
*Nc1cc(cc(c1)C(=O)OCCCN(c1ccc(cc1)N=Nc1ccc(cc1)S(=O)(=O)C)C)NC(=O)c1cc(cc(c1)OCCCN(c1ccc(cc1)N=Nc1ccc(cc1)S(=O)(=O)C)C)C(=O)*,168.0
*Nc1ccc(cc1)NC(=O)c1ccc(cc1)NC(=O)c1ccc(cc1)[Si](c1ccc(cc1)C(=O)Nc1ccc(cc1)C(=O)*)(C)C,338.0
*Nc1cc(ccc1)NC(=O)c1ccc(cc1)NC(=O)c1ccc(cc1)[Si](c1ccc(cc1)C(=O)Nc1ccc(cc1)C(=O)*)(C)C,303.0
*Nc1ccc(cc1)c1ccc(cc1)NC(=O)c1ccc(cc1)NC(=O)c1ccc(cc1)[Si](c1ccc(cc1)C(=O)Nc1ccc(cc1)C(=O)*)(C)C,320.0
*Nc1ccc(cc1)C(=O)Nc1ccc(cc1)Cc1ccc(cc1)NC(=O)c1ccc(cc1)NC(=O)c1ccc(cc1)[Si](c1ccc(cc1)C(=O)*)(C)C,300.0
*S(=O)(=O)c1ccc(cc1)NC(=O)c1ccc(cc1)NC(=O)c1ccc(cc1)[Si](c1ccc(cc1)C(=O)Nc1ccc(cc1)C(=O)Nc1ccc(cc1)*)(C)C,315.0
*Nc1c2c(ccc1)c(ccc2)NC(=O)c1ccc(cc1)NC(=O)c1ccc(cc1)[Si](c1ccc(cc1)C(=O)Nc1ccc(cc1)C(=O)*)(C)C,378.0
*N(c1ccc(cc1)/C=C/c1ccc(cc1)/C=C(/C(=O)NC1C(CCCC1)NC(=O)/C(=C/c1ccc(cc1)/C=C/c1ccc(cc1)N(Cc1c(cccc1)C*)CC)/C#N)\C#N)CC,201.0
*N(c1ccc(cc1)N(c1ccc(cc1)/C=C(/C(=O)NC1C(CCCC1)NC(=O)/C(=C/c1ccc(cc1)*)/C#N)\C#N)c1ccccc1)c1ccccc1,239.0
*N(c1ccc(cc1)/C=C(/C(=O)Nc1cc(ccc1)NC(=O)/C(=C/c1ccc(cc1)N(Cc1c(cccc1)C*)CC)/C#N)\C#N)CC,188.0
*NNC(=O)c1c(cc(cc1)C(=O)*)OCC,240.0
*NNC(=O)c1c(cc(cc1)C(=O)*)OCCCCC,234.0
*NNC(=O)c1c(cc(cc1)C(=O)*)OCCCCCCCC,203.5
*NNC(=O)c1c(cc(cc1)C(=O)*)OCCCCCCCCCC,193.0
*Nc1ccc(cc1)NC(=O)c1c(cc(cc1)C(c1cc(c(cc1)C(=O)*)C(=O)OCC)(C(F)(F)F)C(F)(F)F)C(=O)OCC,270.0
*Nc1ccc(cc1)NC(=O)c1c(cc(cc1)C(=O)c1cc(c(cc1)C(=O)*)C(=O)OCC)C(=O)OCC,275.0
*N(CCNC(=O)c1ccc(cc1)[Si](c1ccc(cc1)C(=O)NCC*)(C)C)c1ccc(cc1)/C=C/c1ccc(cc1)[N+](=O)[O-],157.5
*N(CCNC(=O)c1ccc(cc1)[Si](c1ccc(cc1)C(=O)NCC*)(CCCC)CCCC)c1ccc(cc1)/C=C/c1ccc(cc1)[N+](=O)[O-],115.0
*N(CCNC(=O)c1ccc(cc1)[Si](c1ccc(cc1)C(=O)NCC*)(c1ccccc1)c1ccccc1)c1ccc(cc1)/C=C/c1ccc(cc1)[N+](=O)[O-],157.5
*NC(=O)CCCCCCCCCCCCCCC(=O)NCCCCCC*,40.0
*NC(=O)CCCCCCCCCCCCCCC(=O)NCCCCCCCC*,52.0
*NC(=O)CCCCCCCCCCCCCCC(=O)NCCCCCCCCCC*,45.0
*NC(=O)CCCCCCCCCCCCCCC(=O)NCCCCCCCCCCCC*,46.0
*NC(=O)CCCCCCCCCCCCC(=O)NCCCCCCCCCCCC*,49.0
*Nc1ccc(cc1)C1(c2ccccc2c2ccccc12)c1ccc(cc1)NC(=O)c1ccc(cc1)C(=O)*,319.0
*Nc1ccc(cc1)C1(c2ccccc2c2ccccc12)c1ccc(cc1)NC(=O)c1cc(ccc1)C(=O)*,277.0
*Nc1ccc(cc1)C1(c2ccccc2c2ccccc12)c1ccc(cc1)NC(=O)c1cc(cc(c1)C(C)(C)C)C(=O)*,284.0
*Oc1ccc(cc1)CC(NC(=O)CCc1ccc(cc1)OC(=O)*)C(=O)OCCCCCC,51.5
*Oc1ccc(cc1)CC(NC(=O)CCc1ccc(cc1)OC(=O)*)C(=O)OCCCC,67.0
*Oc1ccc(cc1)CC(NC(=O)CCc1ccc(cc1)OC(=O)*)C(=O)OCC,83.67
*Nc1ccc(cc1)Cc1ccc(cc1)NC(=O)c1cc(cc(c1)NC(=O)CCN1C(=O)c2c(C1=O)cccc2)C(=O)*,235.0
*Nc1ccc(cc1)Cc1ccc(cc1)NC(=O)c1cc(cc(c1)NC(=O)CCCN1C(=O)c2c(C1=O)cccc2)C(=O)*,220.0
*Nc1ccc(cc1)C(c1ccc(cc1)NC(=O)c1cc(cc(c1)NC(=O)CCCN1C(=O)c2c(C1=O)cccc2)C(=O)*)(C(F)(F)F)C(F)(F)F,240.0
*Nc1ccc(cc1)Cc1ccc(cc1)NC(=O)c1cc(cc(c1)NC(=O)CCCCCN1C(=O)c2c(C1=O)cccc2)C(=O)*,195.0
*Nc1ccc(cc1)C(c1ccc(cc1)NC(=O)c1cc(cc(c1)NC(=O)CCCCCN1C(=O)c2c(C1=O)cccc2)C(=O)*)(C(F)(F)F)C(F)(F)F,225.0
*Nc1ccc(cc1)Cc1ccc(cc1)NC(=O)c1cc(cc(c1)NC(=O)CCCCCCCCCCN1C(=O)c2c(C1=O)cccc2)C(=O)*,150.0
*Nc1ccc(cc1)C(c1ccc(cc1)NC(=O)c1ccc(cc1)C(=O)*)(C(F)(F)F)C(F)(F)F,290.0
*Nc1ccc(cc1)C(c1ccc(cc1)NC(=O)c1cc(ccc1)C(=O)*)(C(F)(F)F)C(F)(F)F,272.0
*Nc1ccc(cc1)C(c1ccc(cc1)NC(=O)c1cc(cc(c1)C(C)(C)C)C(=O)*)(C(F)(F)F)C(F)(F)F,284.1
*Nc1ccc(cc1)C(=O)c1ccc(cc1)NC(=O)c1ccc(cc1)C(=O)*,300.0
*Nc1ccc(cc1)C(=O)c1ccc(cc1)NC(=O)c1cc(ccc1)C(=O)*,253.2
*Nc1ccc(cc1)C(=O)c1ccc(cc1)NC(=O)c1cc(cc(c1)C(C)(C)C)C(=O)*,271.0
*Nc1ccc(cc1)C(c1ccc(cc1)NC(=O)c1cc(ccc1)C(=O)*)(P1(=O)c2ccccc2c2ccccc2O1)P1(=O)c2ccccc2c2ccccc2O1,230.0
*Nc1ccc(cc1)C(c1ccc(cc1)NC(=O)c1ccc(cc1)C(=O)*)(P1(=O)c2ccccc2c2ccccc2O1)P1(=O)c2ccccc2c2ccccc2O1,245.0
*Nc1ccc(cc1)C(c1ccc(cc1)NC(=O)c1ccc(cc1)C(c1ccc(cc1)C(=O)*)(C(F)(F)F)C(F)(F)F)(P1(=O)c2ccccc2c2ccccc2O1)P1(=O)c2ccccc2c2ccccc2O1,235.0
*Nc1ccc(cc1)C(c1ccc(cc1)NC(=O)c1cc(cc(c1)C(C)(C)C)C(=O)*)(P1(=O)c2ccccc2c2ccccc2O1)P1(=O)c2ccccc2c2ccccc2O1,235.0
*Nc1ccc(cc1)C(c1ccc(cc1)NC(=O)c1ccc(cc1)c1ccc(cc1)C(=O)*)(P1(=O)c2ccccc2c2ccccc2O1)P1(=O)c2ccccc2c2ccccc2O1,251.0
*Nc1ccc(cc1)C(c1ccc(cc1)NC(=O)c1cc2c(cc1)cc(cc2)C(=O)*)(P1(=O)c2ccccc2c2ccccc2O1)P1(=O)c2ccccc2c2ccccc2O1,241.0
*NC(=O)CCCCCCCCCCCCCCCCCCC(=O)NCCCCCCCCCCC*,29.0
*NC(=O)CCCCCCCCCCCCCCCCCCC(=O)NCCCCCCCCC*,42.0
*NC(=O)CCCCCCCCCCCCCCCCCCC(=O)NCCCCCCC*,46.0
*NC(=O)CCCCCCCCCCCCCCCCCCC(=O)NCCCCC*,52.0
*Nc1c(cc(cc1)c1cc(c(cc1)NC(=O)c1cc(ccc1)C(=O)*)OC)OC,218.2
*Nc1ccc(cc1)NC(=O)c1c(cc(cc1)C(=O)c1cc(c(cc1)C(=O)*)C(=O)O)C(=O)O,317.0
*NC(=O)c1c(cc(cc1)C(=O)NCC*)Oc1ccccc1,164.0
*NC(=O)c1c(cc(cc1)C(=O)NCCCC*)Oc1ccccc1,125.0
*NC(=O)c1c(cc(cc1)C(=O)NCCCCCC*)Oc1ccccc1,108.0
*NC(=O)c1c(cc(cc1)C(=O)NCCCCCCCC*)Oc1ccccc1,96.0
*NC(=O)c1c(cc(cc1)C(=O)NCCCCCCCCCC*)Oc1ccccc1,94.0
*NC(=O)c1c(cc(cc1)C(=O)NCCCCCCCCCCCC*)Oc1ccccc1,75.0
*NC(=O)c1c(cc(cc1)C(=O)NCCCCCC*)Oc1ccc(cc1)c1ccccc1,112.0
*Nc1cc(cc(c1)C(=O)OCCOc1ccc(cc1)C=CC(=O)c1ccccc1)NC(=O)c1cc(ccc1)C(=O)*,216.0
*Nc1cc(cc(c1)C(=O)OCCOc1ccc(cc1)C=CC(=O)c1ccccc1)NC(=O)c1ccc(cc1)C(=O)*,233.0
*Nc1cc(cc(c1)C(=O)OCCOc1ccc(cc1)C=CC(=O)c1ccccc1)NC(=O)c1ccc(cc1)c1ccc(cc1)C(=O)*,254.0
*Nc1cc(cc(c1)C(=O)OCCOc1ccc(cc1)C=CC(=O)c1ccccc1)NC(=O)c1cc2c(cc1)cc(cc2)C(=O)*,247.0
*Nc1cc(cc(c1)C(=O)OCCOC(=O)C=Cc1ccc(cc1)N(C)C)NC(=O)c1cc(ccc1)C(=O)*,186.0
*Nc1cc(cc(c1)C(=O)OCCOC(=O)C=Cc1ccc(cc1)N(C)C)NC(=O)c1ccc(cc1)C(=O)*,198.0
*NC(=O)CCCCCCCCCCC(=O)NCCCCCCCCCCC*,39.0
*N(C(=O)CCC(=O)N(CCCCCC*)C)C,7.5
*N(C(=O)CCCC(=O)N(CCCCCC*)C)C,3.0
*C1(CCN(CC1)C(=O)CCC(=O)N1CCC(CC1)(CCC*)C)C,99.0
*C1(CCN(CC1)C(=O)C(CC(=O)N1CCC(CC1)(CCC*)C)C)C,72.0
*C1(CCN(CC1)C(=O)CCCC(=O)N1CCC(CC1)(CCC*)C)C,58.0
*NC(=O)C(CC(C(=O)NCCCCCC*)CC)CC,94.0
*Nc1ccc(cc1)c1ccc(cc1)NC(=O)c1cc(cc(c1)NC(=O)c1ccc(cc1)NC(=O)C(N1C(=O)c2c(C1=O)cccc2)C)C(=O)*,202.0
*S(=O)(=O)c1ccc(cc1)NC(=O)c1cc(cc(c1)NC(=O)c1ccc(cc1)NC(=O)C(N1C(=O)c2c(C1=O)cccc2)C)C(=O)Nc1ccc(cc1)*,208.0
*Nc1ccc(cc1)Cc1ccc(cc1)NC(=O)c1cc(cc(c1)NC(=O)C(C(CC)C)N1C(=O)c2c(C1=O)cccc2)C(=O)*,195.0
*Nc1c(ccc(c1)NC(=O)c1cc(cc(c1)NC(=O)C(C(CC)C)N1C(=O)c2c(C1=O)cccc2)C(=O)*)C,166.0
*NC1CC(CC(C1)(CNC(=O)c1cc(cc(c1)NC(=O)C(C(CC)C)N1C(=O)c2c(C1=O)cccc2)C(=O)*)C)(C)C,128.0
*NC(=O)c1cc(cc(c1)NC(=O)C(C(CC)C)N1C(=O)c2c(C1=O)cccc2)C(=O)NCCCCCC*,135.0
*S(=O)(=O)NCCCCCCNC(=O)C(*)(F)F,51.0
*O[Si](CCCNC(=O)C(=O)NCCC[Si](*)(C)C)(C)C,-46.48
*c1ccc2c(nc([nH]2)c2ccc(cc2)C(=O)Nc2cc(ccc2)NC(=O)*)c1,325.0
*c1ccc2c(nc([nH]2)c2ccc(cc2)C(=O)Nc2ccc(cc2)C(=O)Nc2ccc(cc2)NC(=O)*)c1,295.0
*c1ccc2c(nc([nH]2)c2ccc(cc2)C(=O)Nc2cc(ccc2)C(=O)Nc2cc(ccc2)NC(=O)*)c1,292.0
*c1ccc2c(nc([nH]2)c2ccc(cc2)c2nc3c([nH]2)ccc(c3)C(=O)Nc2cc(ccc2)NC(=O)*)c1,294.0
*c1ccc2c(nc([nH]2)c2ccc(cc2)c2nc3c([nH]2)ccc(c3)C(=O)Nc2ccc(cc2)NC(=O)c2ccc(cc2)NC(=O)*)c1,300.0
*c1ccc2c(nc([nH]2)c2ccc(cc2)c2nc3c([nH]2)ccc(c3)C(=O)Nc2cc(ccc2)NC(=O)c2cc(ccc2)NC(=O)*)c1,312.0
*c1ccc2c(nc([nH]2)c2cc(ccc2)c2nc3c([nH]2)ccc(c3)C(=O)Nc2cc(ccc2)NC(=O)*)c1,297.5
*c1ccc2c(nc([nH]2)c2cc(ccc2)c2nc3c([nH]2)ccc(c3)C(=O)Nc2ccc(cc2)NC(=O)c2ccc(cc2)NC(=O)*)c1,322.0
*c1ccc2c(nc([nH]2)c2cc(ccc2)c2nc3c([nH]2)ccc(c3)C(=O)Nc2cc(ccc2)NC(=O)c2cc(ccc2)NC(=O)*)c1,331.0
*Nc1c2c(ccc1)c(ccc2)NC(=O)c1cc(cc(c1)NC(=O)C(CCSC)N1C(=O)c2c(C1=O)cccc2)C(=O)*,198.0
*Nc1cc(ccc1)NC(=O)c1cc(cc(c1)NC(=O)C(CCSC)N1C(=O)c2c(C1=O)cccc2)C(=O)*,196.0
*Nc1ccc(cc1)Cc1ccc(cc1)NC(=O)c1ccc(cc1)P(=O)(c1ccc(cc1)C(=O)*)c1ccccc1,307.0
*Nc1ccc(cc1)Cc1ccc(cc1)NC(=O)c1cc(cc(c1)NC(=O)c1ccc(cc1)NC(=O)C(CC(C)C)N1C(=O)c2c(C1=O)cccc2)C(=O)*,238.0
*NC(=O)c1cc(cc(c1)NC(=O)c1ccc(cc1)NC(=O)C(CC(C)C)N1C(=O)c2c(C1=O)cccc2)C(=O)NCCCCCC*,200.0
*c1ccc2c(nc([nH]2)c2cc(cc(c2)N2C(=O)c3c(C2=O)cccc3)c2nc3c([nH]2)ccc(c3)C(=O)Nc2cc(ccc2)NC(=O)*)c1,304.0
*c1ccc2c(nc([nH]2)c2cc(cc(c2)N2C(=O)c3c(C2=O)cccc3)c2nc3c([nH]2)ccc(c3)C(=O)Nc2nc(ccc2)NC(=O)*)c1,312.0
*c1ccc2c(nc([nH]2)c2cc(cc(c2)N2C(=O)c3c(C2=O)cccc3)c2nc3c([nH]2)ccc(c3)C(=O)Nc2ccc(cc2)NC(=O)*)c1,295.0
*c1ccc2c(nc([nH]2)c2cc(cc(c2)N2C(=O)c3c(C2=O)cccc3)c2nc3c([nH]2)ccc(c3)C(=O)Nc2ccc(cc2)S(=O)(=O)c2ccc(cc2)NC(=O)*)c1,325.0
*c1ccc2c(nc([nH]2)c2cc(cc(c2)N2C(=O)c3c(C2=O)cccc3)c2nc3c([nH]2)ccc(c3)C(=O)Nc2cc(cc(c2)c2nc3c([nH]2)cccc3)NC(=O)*)c1,334.0
*c1ccc2c(nc([nH]2)c2cc(ccc2)c2nc3c([nH]2)ccc(c3)C(=O)Nc2nc(ccc2)NC(=O)*)c1,302.0
*c1ccc2c(nc([nH]2)c2cc(ccc2)c2nc3c([nH]2)ccc(c3)C(=O)Nc2ccc(cc2)S(=O)(=O)c2ccc(cc2)NC(=O)*)c1,312.0
*c1ccc2c(nc([nH]2)c2cc(ccc2)c2nc3c([nH]2)ccc(c3)C(=O)Nc2cc(cc(c2)c2nc3c([nH]2)cccc3)NC(=O)*)c1,315.0
*Nc1cc(ccc1)NC(=O)c1cc(cc(c1)NC(=O)C12CC3CC(CC(C1)C3)C2)C(=O)*,365.0
*Nc1ccc(cc1)C(c1ccc(cc1)NC(=O)c1cc(cc(c1)NC(=O)C12CC3CC(CC(C1)C3)C2)C(=O)*)(C(F)(F)F)C(F)(F)F,365.0
*Nc1ccc(cc1)NC(=O)c1ccc(cc1)NC(=O)c1cc(cc(c1)NC(=O)C12CC3CC(CC(C1)C3)C2)C(=O)*,365.0
*Nc1ccc(cc1)C1(c2ccccc2c2ccccc12)c1ccc(cc1)NC(=O)c1cc(cc(c1)NC(=O)C12CC3CC(CC(C1)C3)C2)C(=O)*,370.0
*N(c1ccc(cc1)C(=O)*)C,197.0
*N(c1ccc(cc1)C(=O)*)CCC,136.0
*N(c1ccc(cc1)C(=O)*)CCCC,124.0
*N(c1ccc(cc1)C(=O)*)CCCCC,83.5
*N(c1ccc(cc1)C(=O)*)CCCCCCC,45.9
*N(c1ccc(cc1)C(=O)*)CCCCCCCC,30.0
*Nc1cc(cc(c1)C(=O)Oc1ccc(cc1)Oc1cc(c(cc1)C#N)C#N)NC(=O)c1cc(ccc1)C(=O)*,305.0
*Nc1cc(cc(c1)c1oc(nn1)c1ncccc1)NC(=O)c1c(cccc1)C(=O)*,90.0
*Nc1cc(cc(c1)c1oc(nn1)c1ncccc1)NC(=O)c1cc(ccc1)C(=O)*,155.0
*Nc1cc(cc(c1)c1oc(nn1)c1ncccc1)NC(=O)c1ccc(cc1)C(=O)*,230.0
*c1nc(ccc1)C(=O)Nc1cc(cc(c1)c1oc(nn1)c1ncccc1)NC(=O)*,255.0
*Nc1cc(cc(c1)c1oc(nn1)c1ncccc1)NC(=O)CCCCC(=O)*,159.0
*Nc1cc(cc(c1)c1oc(nn1)c1ncccc1)NC(=O)CCCCCCCCC(=O)*,85.0
*c1cncc(c1)C(=O)Nc1cc(cc(c1)c1oc(nn1)c1ncccc1)NC(=O)*,185.0
*Nc1cc(cc(c1)c1oc(nn1)c1ncccc1)NC(=O)c1ccc(cc1)c1ccc(cc1)C(=O)*,120.0
*NNC(=O)C=CC(=O)NCCCCCCNC(=O)C=CC(=O)*,102.4
*NNC(=O)C=CC(=O)Nc1cc(ccc1)C=C1C(=O)C(=Cc2cc(ccc2)NC(=O)C=CC(=O)*)CC1,104.6
*NNC(=O)C=CC(=O)Nc1cc(ccc1)C=C1C(=O)C(=Cc2cc(ccc2)NC(=O)C=CC(=O)*)CCC1,238.4
*NNC(=O)c1c(cccc1)C(=O)NCCCCCCNC(=O)c1c(cccc1)C(=O)*,224.5
*NNC(=O)c1c(cccc1)C(=O)Nc1cc(ccc1)C=C1C(=O)C(=Cc2cc(ccc2)NC(=O)c2c(cccc2)C(=O)*)CC1,202.1
*NNC(=O)c1c(cccc1)C(=O)Nc1cc(ccc1)C=C1C(=O)C(=Cc2cc(ccc2)NC(=O)c2c(cccc2)C(=O)*)CCC1,195.0
*NC(=O)CCCCCCCC1C=CC(C(C1CCCCCCCC(=O)NCCCCCC*)CCCCCCCC)CCCCCC,-10.0
*NNC(=O)c1cc(cc(c1)NC(=O)c1cc2c(C(=O)N(C2=O)c2ncc(cc2)C)cc1)C(=O)NNC(=O)c1ccc(cc1)C(=O)*,145.6
*NNC(=O)c1cc(cc(c1)NC(=O)c1cc2c(C(=O)N(C2=O)c2ncc(cc2)C)cc1)C(=O)NNC(=O)CCCC(=O)*,131.5
*NNC(=O)c1cc(cc(c1)NC(=O)c1cc2c(C(=O)N(C2=O)c2ncc(cc2)C)cc1)C(=O)NNC(=O)CC(=O)*,140.3
*NNC(=O)c1cc(cc(c1)NC(=O)c1cc2c(C(=O)N(C2=O)c2ncc(cc2)C)cc1)C(=O)NNC(=O)C(=O)*,146.4
*NNC(=O)c1cc(cc(c1)NC(=O)c1cc2c(C(=O)N(C2=O)c2ncccc2C)cc1)C(=O)NNC(=O)c1ccc(cc1)C(=O)*,130.3
*NNC(=O)c1cc(cc(c1)NC(=O)c1cc2c(C(=O)N(C2=O)c2ncccc2C)cc1)C(=O)NNC(=O)CCCC(=O)*,131.7
*NNC(=O)c1cc(cc(c1)NC(=O)c1cc2c(C(=O)N(C2=O)c2ncccc2C)cc1)C(=O)NNC(=O)CC(=O)*,156.3
*NNC(=O)c1cc(cc(c1)NC(=O)c1cc2c(C(=O)N(C2=O)c2ncccc2C)cc1)C(=O)NNC(=O)C(=O)*,134.1
*Nc1ccc(cc1)[Si](c1ccc(cc1)NC(=O)c1cc2Cc3c(c2cc1)ccc(c3)C(=O)*)(c1ccccc1)c1ccccc1,54.45
*OC(=O)Nc1c(ccc(c1)NC(=O)OCCN(CC*)c1c(cc(cc1)[N+](=O)[O-])C)C,98.0
*OC(=O)Nc1c(ccc(c1)NC(=O)OCCN(CC*)c1ccc(cc1)N=Nc1ccc(cc1)[N+](=O)[O-])C,144.0
*OC(=O)Nc1c(ccc(c1)NC(=O)OCCN(CC*)c1ccc(cc1)N=Nc1c(cc(cc1)[N+](=O)[O-])C)C,137.0
*OC(=O)Nc1c(ccc(c1)NC(=O)OCCN(CC*)c1ccc(cc1)C=Cc1ccc(cc1)[N+](=O)[O-])C,121.0
*OC(=O)Nc1c(ccc(c1)NC(=O)OCCN(CC*)c1ccc(cc1)C(=C(C#N)C#N)C#N)C,125.0
*OC(=O)Nc1c(ccc(c1)NC(=O)OCCN(CC*)c1ccc(cc1)C=C1NC(=O)NC1=O)C,178.0
*OC(=O)NCCC*,22.0
*OC(=O)NCCCCCCNC(=O)OCCN(CC*)c1cc(c(cc1)N=Nc1ccc(cc1)[N+](=O)[O-])C,75.0
*OC(=O)Nc1ccc(cc1)Cc1ccc(cc1)NC(=O)OCCN(CC*)c1cc(c(cc1)N=Nc1ccc(cc1)[N+](=O)[O-])C,115.0
*Oc1ccc(cc1)c1ccc(cc1)OC(=O)Nc1cc(ccc1)P(=O)(c1cc(ccc1)NC(=O)*)c1ccccc1,72.0
*OC(=O)Nc1cc(ccc1)P(=O)(c1cc(ccc1)NC(=O)OCCCCCC*)c1ccccc1,30.0
*Oc1ccc(cc1)C(c1ccc(cc1)OC(=O)Nc1cc(ccc1)P(=O)(c1cc(ccc1)NC(=O)*)c1ccccc1)(C)C,62.0
*OC(=O)NC1CC(CC(C1)(CNC(=O)OCCN(CC*)c1ccc(cc1)N=Nc1ccc(cc1)P(=O)(c1ccccc1)c1ccccc1)C)(C)C,163.0
*OC(=O)NCCCCCCNC(=O)OCCN(CC*)c1ccc(cc1)N=Nc1ccc(cc1)P(=O)(c1ccccc1)c1ccccc1,120.0
*OC(=O)NCCCCCCNC(=O)OCCN(CC*)CCCCCCOc1ccc(cc1)C=Cc1ccc(cc1)[N+](=O)[O-],29.05
*OC(=O)Nc1c(ccc(c1)NC(=O)OCCN(CC*)CCCCCCOc1ccc(cc1)C=Cc1ccc(cc1)[N+](=O)[O-])C,58.5
*OC(=O)NC1CC(CC(C1)(CNC(=O)OCCN(CC*)c1ccc(cc1)N=Nc1ccc(cc1)B(c1c(cc(cc1C)C)C)c1c(cc(cc1C)C)C)C)(C)C,146.0
*OC(=O)Nc1c(ccc(c1)NC(=O)OCCN(CC*)c1ccc(cc1)N=Nc1ccc(cc1)B(c1c(cc(cc1C)C)C)c1c(cc(cc1C)C)C)C,159.0
*OC(=O)Nc1c(c(ccc1)NC(=O)OCCN(CC*)c1ccc(cc1)N=Nc1ccc(cc1)[N+](=O)[O-])C,147.0
*OC(=O)NC1CC(CC(C1)(CNC(=O)OCCN(CC*)c1ccc(cc1)N=Nc1ccc(cc1)[N+](=O)[O-])C)(C)C,141.0
*OC(=O)NC1CC(CC(C1)(CNC(=O)OCCN(CC*)c1ccc(cc1)C=C(C#N)C#N)C)(C)C,141.0
*OC(=O)Nc1c(ccc(c1)NC(=O)OCCN(CC*)c1cc(c(cc1)N=Nc1c(cc(cc1)[N+](=O)[O-])C)C)C,135.0
*OC(=O)Nc1ccc(cc1)Cc1ccc(cc1)NC(=O)OCCN(CC*)c1cc(c(cc1)N=Nc1c(cc(cc1)[N+](=O)[O-])C)C,130.0
*OC(=O)Nc1c(c(ccc1)NC(=O)OCCN(CC*)c1ccc(cc1)C=Cc1ccc(cc1)[N+](=O)[O-])C,123.0
*OC(=O)Nc1c(cc(cc1)c1cc(c(cc1)NC(=O)OCCN(CC*)c1ccc(cc1)N=Nc1ccc(cc1)[N+](=O)[O-])OC)OC,140.0
*OC(=O)Nc1c(ccc(c1)NC(=O)OCCN(CC*)c1ccc(cc1)c1oc2c(n1)ccc(c2)[N+](=O)[O-])C,156.0
*OC(=O)Nc1c(ccc(c1)NC(=O)OCCN(CC*)c1ccc(cc1)N=Nc1ccc(cc1)c1oc2c(n1)cccc2)C,152.0
*OC(=O)NC(c1cc(ccc1)C(NC(=O)OCCN(CC*)c1ccc(cc1)N=Nc1ccc(cc1)[N+](=O)[O-])(C)C)(C)C,103.0
*OC(=O)NCC(C*)C,40.0
*OC(=O)Nc1ccc(cc1)Cc1ccc(cc1)NC(=O)OCCN(CC*)c1ccc(cc1)N=Nc1ccc(cc1)[N+](=O)[O-],136.4
*OC(=O)Nc1c(cc(cc1)c1cc(c(cc1)NC(=O)OCCN(CC*)c1ccc(cc1)N=Nc1ccc(cc1)[N+](=O)[O-])C)C,119.5
*OC(=O)NC1CC(CC(C1)(CNC(=O)OCCN(CC*)c1ccc(cc1)N=Nc1ccc(cc1)C#N)C)(C)C,136.0
*OC(=O)Nc1c(ccc(c1)NC(=O)OCCN(CC*)c1ccc(cc1)C=Cc1cc[n+](cc1)CCCC)C,121.0
*c1[nH]c(nc1c1ccc(cc1)OC(=O)Nc1cc(c(cc1)c1c(cc(cc1)NC(=O)Oc1ccc(cc1)*)OC)OC)c1ccc(cc1)c1[nH]c(c(n1)c1ccc(cc1)[N+](=O)[O-])c1ccc(cc1)[N+](=O)[O-],223.0
*c1[nH]c(nc1c1ccc(cc1)OC(=O)Nc1cc(c(cc1)c1c(cc(cc1)NC(=O)Oc1ccc(cc1)*)OC)OC)c1ccc(cc1)[N+](=O)[O-],202.0
*OC(=O)Nc1ccc(cc1)Cc1ccc(cc1)NC(=O)OCCN(CC*)c1ccccc1,31.9
*OC(=O)NCCCCCCNC(=O)OCCN(CC*)c1ccccc1,31.9
*OC(=O)Nc1c(ccc(c1)NC(=O)OCCN(CC*)c1ccccc1)C,31.9
*SC(=O)N(CC*)Cc1ccccc1,32.0
*SC(=O)N(CCC*)Cc1ccccc1,27.0
*OC(=O)Nc1c(ccc(c1)NC(=O)OCCN(CC*)c1ccc(cc1)N=Nc1ccc(cc1)c1nc2c([nH]1)ccc(c2)[N+](=O)[O-])C,188.0
*OC(=O)Nc1c(ccc(c1)NC(=O)OCCN(CC*)c1ccc(cc1)N=Nc1c(cc(c(c1)OC)N=Nc1ccc(cc1)[N+](=O)[O-])OC)C,150.0
*OC(=O)Nc1c(ccc(c1)NC(=O)OCCN(CC*)c1ccc(cc1)N=Nc1cc(c(cc1)N=Nc1c(cc(c(c1)OC)N=Nc1ccc(cc1)[N+](=O)[O-])OC)C)C,148.0
*OC(=O)Nc1ccc(cc1)Cc1ccc(cc1)NC(=O)OCCN(CC*)CCCCCOc1ccc(cc1)N=Nc1ccccc1,59.6
*OC(=O)Nc1ccc(cc1)Cc1ccc(cc1)NC(=O)OCCN(CC*)CCCCCCOc1ccc(cc1)N=Nc1ccccc1,44.0
*OC(=O)NCCCCNC(=O)OCCCC*,7.0
*OC(=O)Nc1c(ccc(c1)NC(=O)OCCN(CC*)c1ccc(cc1)N=Nc1ccc(cc1)c1nc2c(n1CC)cc(cc2)[N+](=O)[O-])C,158.0
*OC(=O)Nc1c(ccc(c1)NC(=O)OCCN(CC*)c1ccc(cc1)N=Nc1ccc(cc1)C=Cc1nc2c(n1CC)cc(cc2)[N+](=O)[O-])C,171.0
*Oc1ccc(cc1)N=CC=Nc1ccc(cc1)OC(=O)Nc1ccc(cc1)Cc1ccc(cc1)NC(=O)*,133.0
*Oc1ccc(cc1)N=CC=Nc1ccc(cc1)OC(=O)Nc1c(ccc(c1)NC(=O)*)C,76.0
*Oc1ccc(cc1)N=CC=Nc1ccc(cc1)OC(=O)NC1CC(CC(C1)(CNC(=O)*)C)(C)C,62.0
*Oc1ccc(cc1)N=CC=Nc1ccc(cc1)OC(=O)NCCCCCCNC(=O)*,80.0
*Oc1ccc(cc1)N=CCCCC=Nc1ccc(cc1)OC(=O)Nc1ccc(cc1)Cc1ccc(cc1)NC(=O)*,76.0
*Oc1ccc(cc1)N=CCCCC=Nc1ccc(cc1)OC(=O)Nc1c(ccc(c1)NC(=O)*)C,69.0
*Oc1ccc(cc1)N=CCCCC=Nc1ccc(cc1)OC(=O)NC1CC(CC(C1)(CNC(=O)*)C)(C)C,66.0
*Oc1ccc(cc1)N=CCCCC=Nc1ccc(cc1)OC(=O)NCCCCCCNC(=O)*,72.0
*OC(=O)NCCCCCCNC(=O)OCC(C*)(C(=O)O)C,-26.0
*N1C(CN(C(C1)C)C(=O)Nc1ccc(cc1)c1ccc(cc1)NC(=O)*)C,250.0
*NC(=S)NCCCCC*,55.0
*NC(=S)NCCCCCCC*,52.0
*NC(=S)NCCCCCCCCC*,48.0
*Nc1ccc(cc1)Cc1ccc(cc1)NC(=O)NCCCCCCCCCNC(=O)*,-50.0
*Nc1c(cccc1)CCc1ccc(cc1)NC(=O)Nc1ccc(cc1)CCc1ccc(cc1)NC(=O)*,217.0
*Nc1c(cccc1)CCc1c(cccc1)NC(=O)Nc1ccc(cc1)CCc1ccc(cc1)NC(=O)*,235.0
*Nc1ccc(cc1)Cc1ccc(cc1)NC(=O)Nc1c(cccc1)CCc1ccc(cc1)NC(=O)*,217.0
*Nc1c(cccc1)CCc1ccc(cc1)NC(=O)NCCCCCCNC(=O)*,150.0
*Nc1c(cccc1)CCc1ccc(cc1)NC(=O)*,197.0
*Nc1c(ccc(c1)NC(=O)Nc1ccc(cc1)CCc1c(cccc1)NC(=O)*)C,227.0
*c1nc(c(nc1c1ccc(cc1)NC(=O)Nc1ccc(cc1)NC(=O)Nc1ccc(cc1)*)C#N)C#N,248.7
*c1nc(ccc1)NC(=O)NCCCCCCNC(=O)N*,169.67
*c1nc(ccc1)NC(=O)Nc1ccc(cc1)Cc1ccc(cc1)NC(=O)N*,216.67
*c1[nH]c(nc1c1ccc(cc1)NC(=O)Nc1ccc(cc1)NC(=O)Nc1ccc(cc1)*)c1ccc(cc1)c1[nH]c(c(n1)c1ccc(cc1)[N+](=O)[O-])c1ccc(cc1)[N+](=O)[O-],272.0
*Nc1c2c(ccc1)c(ccc2)NC(=O)Nc1cc(cc(c1)C(=O)Nc1ccc2C(=O)c3c(C(=O)c2c1)cccc3)NC(=O)*,178.0
*Nc1cc(cc(c1)C(=O)Nc1ccc2C(=O)c3c(C(=O)c2c1)cccc3)NC(=O)Nc1ccc(cc1)Cc1ccc(cc1)NC(=O)*,168.0
*Nc1cc(cc(c1)C(=O)Nc1ccc2C(=O)c3c(C(=O)c2c1)cccc3)NC(=O)NC1CCC(CC1)CC1CCC(CC1)NC(=O)*,148.0
*Nc1cc(cc(c1)C(=O)Nc1ccc2C(=O)c3c(C(=O)c2c1)cccc3)NC(=O)Nc1ccc(cc1)NC(=O)*,184.0
*Nc1cc(cc(c1)C(=O)Nc1c2C(=O)c3c(C(=O)c2ccc1)cccc3)NC(=O)Nc1ccc(cc1)NC(=O)*,190.0
*Nc1c2c(ccc1)c(ccc2)NC(=O)Nc1cc(cc(c1)C(=O)Nc1c2C(=O)c3c(C(=O)c2ccc1)cccc3)NC(=O)*,185.0
*Nc1cc(cc(c1)C(=O)Nc1c2C(=O)c3c(C(=O)c2ccc1)cccc3)NC(=O)Nc1ccc(cc1)Cc1ccc(cc1)NC(=O)*,178.0
*Nc1cc(cc(c1)C(=O)Nc1c2C(=O)c3c(C(=O)c2ccc1)cccc3)NC(=O)NC1CCC(CC1)CC1CCC(CC1)NC(=O)*,156.0
*Nc1cc(ccc1)NC(=O)Nc1ccc(cc1)Cc1ccc(cc1)NC(=O)*,132.0
*c1cc2c(C(=O)N(C2=O)c2ccc(cc2)Oc2ccc(cc2)N2C(=O)c3c(C2=O)cc(cc3)C(=O)Nc2ccc(cc2)c2ccc(cc2)NC(=O)*)cc1,315.0
*c1cc2c(C(=O)N(C2=O)c2ccc(cc2)Oc2ccc(cc2)N2C(=O)c3c(C2=O)cc(cc3)C(=O)Nc2ccc(cc2)Oc2ccc(cc2)NC(=O)*)cc1,282.0
*c1cc2c(C(=O)N(C2=O)c2ccc(cc2)Oc2ccc(cc2)N2C(=O)c3c(C2=O)cc(cc3)C(=O)Nc2ccc(cc2)S(=O)(=O)c2ccc(cc2)NC(=O)*)cc1,275.0
*c1cc2c(C(=O)N(C2=O)c2cc(ccc2)Nc2nc(nc(n2)Nc2cc(ccc2)N2C(=O)c3c(C2=O)cc(cc3)C(=O)*)N(c2ccccc2)c2ccccc2)cc1,290.0
*c1cc2c(C(=O)N(C2=O)c2cc(ccc2)Nc2nc(nc(n2)Nc2cc(ccc2)N2C(=O)c3c(C2=O)cc(cc3)C(=O)*)c2ccccc2)cc1,292.0
*c1cc2c(C(=O)N(C2=O)c2cc(ccc2)Nc2nc(nc(n2)Nc2cc(ccc2)N2C(=O)c3c(C2=O)cc(cc3)C(=O)*)N(C)C)cc1,294.0
*c1cc2c(C(=O)N(C2=O)c2cc(ccc2)Nc2ncnc(n2)Nc2cc(ccc2)N2C(=O)c3c(C2=O)cc(cc3)C(=O)*)cc1,290.0
*c1cc2c(C(=O)N(C2=O)c2ccc(cc2)c2nc(nc(n2)c2ccc(cc2)N2C(=O)c3c(C2=O)cc(cc3)C(=O)*)c2ccccc2)cc1,355.0
*N1C(=O)c2c(C1=O)cc(cc2)Oc1cc2c(C(=O)N(C2=O)CCCCCCCCC*)cc1,89.0
*N1C(=O)c2c(C1=O)cc(cc2)Oc1cc2c(C(=O)N(C2=O)CCCCCCCCCC*)cc1,91.5
*N1C(=O)c2c(C1=O)cc(cc2)Oc1cc2c(C(=O)N(C2=O)CCCCCCCCCCCC*)cc1,70.0
*N1C(=O)c2c(C1=O)cc(cc2)c1cc2c(C(=O)N(C2=O)c2ccc(cc2)Oc2cc(ccc2)Oc2ccc(cc2)*)cc1,220.0
*c1cc2c(C(=O)N(C2=O)c2cc(cc(c2)C(=O)O)N2C(=O)c3c(C2=O)cc(cc3)C(*)(C(F)(F)F)C(F)(F)F)cc1,361.5
*c1cc2c(C(=O)N(C2=O)c2c3c(ccc2)c(ccc3)N2C(=O)c3c(C2=O)cc(cc3)C(*)(C(F)(F)F)C(F)(F)F)cc1,390.0
*c1cc2c(C(=O)N(C2=O)c2cc(ccc2)N2C(=O)c3c(C2=O)cc(cc3)C(*)(C(F)(F)F)C(F)(F)F)cc1,298.6
*c1cc2c(C(=O)N(C2=O)c2cc(ccc2)S(=O)(=O)c2cc(ccc2)N2C(=O)c3c(C2=O)cc(cc3)C(*)(C(F)(F)F)C(F)(F)F)cc1,262.38
*c1cc2c(C(=O)N(C2=O)c2ccc(cc2)Oc2ccc(cc2)NC(=O)*)cc1,290.17
*C1C(=O)N(C(=O)C1*)C(C)(C)C,195.0
*N1C(=O)c2c(C1=O)cc(cc2)C(=O)Oc1ccc(cc1)c1ccc(cc1)OC(=O)c1cc2c(C(=O)N(C2=O)CCCC*)cc1,126.0
*N1C(=O)c2c(C1=O)cc(cc2)C(=O)Oc1ccc(cc1)c1ccc(cc1)OC(=O)c1cc2c(C(=O)N(C2=O)CCCCC*)cc1,147.0
*N1C(=O)c2c(C1=O)cc(cc2)C(=O)Oc1ccc(cc1)c1ccc(cc1)OC(=O)c1cc2c(C(=O)N(C2=O)CCCCCC*)cc1,133.0
*N1C(=O)c2c(C1=O)cc(cc2)C(=O)Oc1ccc(cc1)c1ccc(cc1)OC(=O)c1cc2c(C(=O)N(C2=O)CCCCCCC*)cc1,117.0
*N1C(=O)c2c(C1=O)cc(cc2)C(=O)Oc1ccc(cc1)c1ccc(cc1)OC(=O)c1cc2c(C(=O)N(C2=O)CCCCCCCCCCC*)cc1,97.0
*N1C(=O)c2c(C1=O)cc(cc2)C(=O)Oc1ccc(cc1)c1ccc(cc1)OC(=O)CCC*,132.0
*N1C(=O)c2c(C1=O)cc(cc2)C(=O)Oc1ccc(cc1)c1ccc(cc1)OC(=O)CCCC*,123.0
*N1C(=O)c2c(C1=O)cc(cc2)C(=O)Oc1ccc(cc1)c1ccc(cc1)OC(=O)CCCCC*,118.0
*N1C(=O)c2c(C1=O)cc(cc2)C(=O)Oc1ccc(cc1)c1ccc(cc1)OC(=O)CCCCCC*,107.0
*N1C(=O)c2c(C1=O)cc(cc2)C(=O)Oc1ccc(cc1)c1ccc(cc1)OC(=O)CCCCCCCCCC*,61.0
*N1C(=O)c2c(C1=O)cc(cc2)C(=O)Oc1ccc(cc1)c1ccc(cc1)OC(=O)CCCCCCCCCCC*,60.0
*N1C(=O)c2c(C1=O)cc(cc2)C(=O)Oc1ccc(cc1)OC(=O)CCC*,132.0
*N1C(=O)c2c(C1=O)cc(cc2)C(=O)Oc1ccc(cc1)OC(=O)CCCC*,89.32
*N1C(=O)c2c(C1=O)cc(cc2)C(=O)Oc1ccc(cc1)OC(=O)CCCCC*,89.0
*N1C(=O)c2c(C1=O)cc(cc2)C(=O)Oc1ccc(cc1)OC(=O)CCCCCC*,74.32
*N1C(=O)c2c(C1=O)cc(cc2)C(=O)Oc1ccc(cc1)OC(=O)CCCCCCCCCCC*,58.0
*N1C(=O)c2c(C1=O)cc(cc2)Oc1cc2c(C(=O)N(C2=O)c2c(cc(c(c2)*)O)O)cc1,263.0
*c1cc2c(C(=O)N(C2=O)c2c(cc(c(c2)N2C(=O)c3c(C2=O)cc(cc3)C(=O)*)O)O)cc1,324.0
*c1cc2c(C(=O)N(C2=O)c2c(cc(c(c2)N2C(=O)c3c(C2=O)cc(cc3)C(*)(C(F)(F)F)C(F)(F)F)O)O)cc1,324.0
*N1C(=O)c2c(C1=O)cc(cc2)c1cc2c(C(=O)N(C2=O)c2c(cc(c(c2)*)O)O)cc1,343.0
*N1C(=O)c2c(C1=O)cc(cc2)c1cc2c(C(=O)N(C2=O)c2ccc(cc2)Oc2c(cc(c(c2)C(C)(C)C)Oc2ccc(cc2)*)C(C)(C)C)cc1,293.0
*N1C(=O)c2c(C1=O)cc(cc2)Oc1cc2c(C(=O)N(C2=O)c2ccc(cc2)Oc2c(cc(c(c2)C(C)(C)C)Oc2ccc(cc2)*)C(C)(C)C)cc1,242.0
*c1cc2c(C(=O)N(C2=O)c2ccc(cc2)Oc2c(cc(c(c2)C(C)(C)C)Oc2ccc(cc2)N2C(=O)c3c(C2=O)cc(cc3)C(=O)*)C(C)(C)C)cc1,288.0
*N1C(=O)c2c(C1=O)cc(cc2)S(=O)(=O)c1cc2c(C(=O)N(C2=O)c2ccc(cc2)Oc2c(cc(c(c2)C(C)(C)C)Oc2ccc(cc2)*)C(C)(C)C)cc1,263.0
*c1cc2c(C(=O)N(C2=O)c2ccc(cc2)Oc2c(cc(c(c2)C(C)(C)C)Oc2ccc(cc2)N2C(=O)c3c(C2=O)cc(cc3)C(*)(C(F)(F)F)C(F)(F)F)C(C)(C)C)cc1,277.0
*c1c(nc2c(n1)cc(cc2)Oc1ccc(cc1)NC(=O)c1cc2c(C(=O)N(C2=O)c2ccc(cc2)C(c2ccc(cc2)N2C(=O)c3c(C2=O)cc(cc3)C(=O)Nc2ccc(cc2)Oc2cc3c(nc(c(n3)c3ccc(cc3)*)c3ccccc3)cc2)(C(F)(F)F)C(F)(F)F)cc1)c1ccccc1,293.0
*c1c(nc2c(n1)cc(cc2)Oc1ccc(cc1)NC(=O)c1cc2c(C(=O)N(C2=O)c2ccc(cc2)C(c2ccc(cc2)N2C(=O)c3c(C2=O)cc(cc3)C(=O)Nc2ccc(cc2)Oc2cc3c(nc(c(n3)c3ccc(cc3)Oc3ccc(cc3)*)c3ccccc3)cc2)(C(F)(F)F)C(F)(F)F)cc1)c1ccccc1,289.0
*c1c(nc2c(n1)cc(cc2)Oc1ccc(cc1)NC(=O)c1cc2c(C(=O)N(C2=O)c2ccc(cc2)C(c2ccc(cc2)N2C(=O)c3c(C2=O)cc(cc3)C(=O)Nc2ccc(cc2)Oc2cc3c(nc(c(n3)c3ccc(cc3)Oc3ccc(cc3)*)c3ccc(cc3)[N+](=O)[O-])cc2)(C(F)(F)F)C(F)(F)F)cc1)c1ccc(cc1)[N+](=O)[O-],303.0
*c1c(nc2c(n1)cc(cc2)Oc1ccc(cc1)NC(=O)c1cc2c(C(=O)N(C2=O)c2ccc(cc2)C(c2ccc(cc2)N2C(=O)c3c(C2=O)cc(cc3)C(=O)Nc2ccc(cc2)Oc2cc3c(nc(c(n3)c3ccc(cc3)c3ccc(cc3)*)c3ccccc3)cc2)(C(F)(F)F)C(F)(F)F)cc1)c1ccccc1,290.0
*N1C(=O)c2c(C1=O)cc(cc2)c1cc2c(C(=O)N(C2=O)c2ccc(cc2)c2ccc(cc2)NC(=O)c2cc(ccc2)C(=O)Nc2ccc(cc2)c2ccc(cc2)*)cc1,230.0
*N1C(=O)c2c(C1=O)cc(cc2)Oc1cc2c(C(=O)N(C2=O)c2ccc(cc2)c2ccc(cc2)NC(=O)c2cc(ccc2)C(=O)Nc2ccc(cc2)c2ccc(cc2)*)cc1,233.0
*c1cc2c(C(=O)N(C2=O)c2ccc(cc2)c2ccc(cc2)NC(=O)c2cc(ccc2)C(=O)Nc2ccc(cc2)c2ccc(cc2)N2C(=O)c3c(C2=O)cc(cc3)C(=O)*)cc1,238.0
*N1C(=O)c2c(C1=O)cc(cc2)c1cc2c(C(=O)N(C2=O)c2ccc(cc2)C(=O)Nc2ccc(cc2)Oc2ccc(cc2)S(=O)(=O)c2ccc(cc2)Oc2ccc(cc2)NC(=O)c2ccc(cc2)*)cc1,258.0
*N1C(=O)c2c(C1=O)cc(cc2)c1cc2c(C(=O)N(C2=O)c2ccc(cc2)C(=O)Nc2cc(ccc2)Oc2ccc(cc2)S(=O)(=O)c2ccc(cc2)Oc2cc(ccc2)NC(=O)c2ccc(cc2)*)cc1,262.0
*N1C(=O)c2c(C1=O)cc(cc2)c1cc2c(C(=O)N(C2=O)c2ccc(cc2)C(=O)Nc2cc(ccc2)S(=O)(=O)c2cc(ccc2)NC(=O)c2ccc(cc2)*)cc1,256.0
*N1C(=O)c2c(C1=O)cc(cc2)c1cc2c(C(=O)N(C2=O)c2cc(ccc2)C(=O)Nc2ccc(cc2)Oc2ccc(cc2)S(=O)(=O)c2ccc(cc2)Oc2ccc(cc2)NC(=O)c2cc(ccc2)*)cc1,258.0
*N1C(=O)c2c(C1=O)cc(cc2)c1cc2c(C(=O)N(C2=O)c2cc(ccc2)C(=O)Nc2ccc(cc2)Oc2ccc(cc2)c2ccc(cc2)Oc2ccc(cc2)NC(=O)c2cc(ccc2)*)cc1,270.0
*N1C(=O)c2c(C1=O)cc(cc2)c1cc2c(C(=O)N(C2=O)c2cc(ccc2)C(=O)Nc2ccc(cc2)Oc2ccc(cc2)Oc2ccc(cc2)Oc2ccc(cc2)NC(=O)c2cc(ccc2)*)cc1,244.0
*N1C(=O)c2c(C1=O)cc(cc2)c1cc2c(C(=O)N(C2=O)c2cc(ccc2)C(=O)Nc2ccc(cc2)Oc2ccc(cc2)C(c2ccc(cc2)Oc2ccc(cc2)NC(=O)c2cc(ccc2)*)(C)C)cc1,257.0
*N1C(=O)c2c(C1=O)cc(cc2)c1cc2c(C(=O)N(C2=O)c2cc(ccc2)C(=O)Nc2ccc(cc2)Oc2ccc(cc2)Oc2ccc(cc2)NC(=O)c2cc(ccc2)*)cc1,244.0
*N1C(=O)c2c(C1=O)cc(cc2)c1cc2c(C(=O)N(C2=O)c2cc(ccc2)C(=O)Nc2ccc(cc2)Oc2cc(ccc2)Oc2ccc(cc2)NC(=O)c2cc(ccc2)*)cc1,253.0
*N1C(=O)c2c(C1=O)cc(cc2)c1cc2c(C(=O)N(C2=O)c2cc(ccc2)C(=O)Nc2ccc(cc2)Oc2ccc(cc2)NC(=O)c2cc(ccc2)*)cc1,253.0
*N1C(=O)c2c(C1=O)cc(cc2)c1cc2c(C(=O)N(C2=O)c2cc(ccc2)C(=O)Nc2cc(ccc2)S(=O)(=O)c2cc(ccc2)NC(=O)c2cc(ccc2)*)cc1,247.0
*N1C(=O)c2c(C1=O)c(ccc2)c1cc2c(C(=O)N(C2=O)c2ccc(cc2)C(=O)Nc2ccc(cc2)Oc2ccc(cc2)S(=O)(=O)c2ccc(cc2)Oc2ccc(cc2)NC(=O)c2ccc(cc2)*)cc1,287.0
*N1C(=O)c2c(C1=O)c(ccc2)c1cc2c(C(=O)N(C2=O)c2ccc(cc2)C(=O)Nc2cc(ccc2)Oc2ccc(cc2)S(=O)(=O)c2ccc(cc2)Oc2cc(ccc2)NC(=O)c2ccc(cc2)*)cc1,241.0
*N1C(=O)c2c(C1=O)c(ccc2)c1cc2c(C(=O)N(C2=O)c2cc(ccc2)C(=O)Nc2ccc(cc2)Oc2ccc(cc2)S(=O)(=O)c2ccc(cc2)Oc2ccc(cc2)NC(=O)c2cc(ccc2)*)cc1,263.0
*N1C(=O)c2c(C1=O)c(ccc2)c1cc2c(C(=O)N(C2=O)c2cc(ccc2)C(=O)Nc2ccc(cc2)Oc2ccc(cc2)c2ccc(cc2)Oc2ccc(cc2)NC(=O)c2cc(ccc2)*)cc1,275.0
*N1C(=O)c2c(C1=O)c(ccc2)c1cc2c(C(=O)N(C2=O)c2cc(ccc2)C(=O)Nc2ccc(cc2)Oc2ccc(cc2)Oc2ccc(cc2)Oc2ccc(cc2)NC(=O)c2cc(ccc2)*)cc1,260.0
*N1C(=O)c2c(C1=O)c(ccc2)c1cc2c(C(=O)N(C2=O)c2cc(ccc2)C(=O)Nc2ccc(cc2)Oc2ccc(cc2)C(c2ccc(cc2)Oc2ccc(cc2)NC(=O)c2cc(ccc2)*)(C)C)cc1,261.0
*N1C(=O)c2c(C1=O)c(ccc2)c1cc2c(C(=O)N(C2=O)c2cc(ccc2)C(=O)Nc2ccc(cc2)Oc2ccc(cc2)Oc2ccc(cc2)NC(=O)c2cc(ccc2)*)cc1,268.0
*N1C(=O)c2c(C1=O)c(ccc2)c1cc2c(C(=O)N(C2=O)c2cc(ccc2)C(=O)Nc2ccc(cc2)Oc2cc(ccc2)Oc2ccc(cc2)NC(=O)c2cc(ccc2)*)cc1,253.0
*N1C(=O)c2c(C1=O)c(ccc2)c1cc2c(C(=O)N(C2=O)c2cc(ccc2)C(=O)Nc2ccc(cc2)Oc2ccc(cc2)NC(=O)c2cc(ccc2)*)cc1,291.0
*N1C(=O)c2c(C1=O)c(ccc2)c1cc2c(C(=O)N(C2=O)c2cc(ccc2)C(=O)Nc2cc(ccc2)S(=O)(=O)c2cc(ccc2)NC(=O)c2cc(ccc2)*)cc1,261.0
*N1C(=O)c2c(C1=O)c(ccc2)c1cc2c(C(=O)N(C2=O)c2cc(ccc2)C(=O)Nc2ccc(cc2)NC(=O)c2cc(ccc2)*)cc1,328.0
*N1C(=O)c2c(C1=O)cc(cc2)Oc1cc2c(C(=O)N(C2=O)c2cc(c(cc2)c2c(cc(cc2)*)C)C)cc1,309.67
*C1C(=O)N(C(=O)C1C(C*)(C)C)C,156.5
*C1C(=O)N(C(=O)C1C(C*)(C)C)C(C)C,145.0
*C1C(=O)N(C(=O)C1C(C*)(C)C)CCCC,80.0
*C1C(=O)N(C(=O)C1C(C*)(C)C)C1CCCCC1,192.0
*C1C(=O)N(C(=O)C1C(C*)(C)C)c1ccccc1,188.0
*C1C(=O)N(C(=O)C1C(C*)c1ccccc1)CCCN(c1cc(c(cc1)N=Nc1ccc(cc1)[N+](=O)[O-])C)CC,137.0
*C1C(=O)N(C(=O)C1C(C*)c1ccccc1)CCCN(c1cc(c(cc1)N=Nc1c(cc(cc1)[N+](=O)[O-])Cl)C)CC,149.0
*C1C(=O)N(C(=O)C1C(C*)c1ccccc1)CCN(c1ccc(cc1)N=Nc1ccc(cc1)[N+](=O)[O-])CC,171.67
*N1C(=O)c2c(C1=O)cc(cc2)c1cc2c(C(=O)N(C2=O)c2ccc(cc2)C(c2ccc(cc2)*)c2ccccc2)cc1,315.0
*c1cc2c(C(=O)N(C2=O)c2ccc(cc2)C(c2ccc(cc2)N2C(=O)c3c(C2=O)cc(cc3)C(=O)*)c2ccccc2)cc1,282.0
*N1C(=O)c2c(C1=O)cc(cc2)Oc1cc2c(C(=O)N(C2=O)c2ccc(cc2)C(c2ccc(cc2)*)c2ccccc2)cc1,269.0
*N1C(=O)c2c(C1=O)cc(cc2)S(=O)(=O)c1cc2c(C(=O)N(C2=O)c2ccc(cc2)C(c2ccc(cc2)*)c2ccccc2)cc1,305.0
*c1cc2c(C(=O)N(C2=O)c2ccc(cc2)N2C(=O)c3c(C2=O)cc(cc3)C(=O)Nc2ccc(cc2)Oc2ccc(cc2)C2(c3c(C(=O)N2)cccc3)c2ccc(cc2)Oc2ccc(cc2)NC(=O)*)cc1,322.0
*c1cc2c(C(=O)N(C2=O)c2cc(ccc2)N2C(=O)c3c(C2=O)cc(cc3)C(=O)Nc2ccc(cc2)Oc2ccc(cc2)C2(c3c(C(=O)N2)cccc3)c2ccc(cc2)Oc2ccc(cc2)NC(=O)*)cc1,320.0
*c1cc2c(C(=O)N(C2=O)c2ccc(cc2)Oc2ccc(cc2)C2(c3c(C(=O)N2)cccc3)c2ccc(cc2)Oc2ccc(cc2)N2C(=O)c3c(C2=O)cc(cc3)C(=O)Nc2cc(ccc2)NC(=O)*)cc1,328.0
*c1cc2c(C(=O)N(C2=O)c2c(ccc(c2)N2C(=O)c3c(C2=O)cc(cc3)C(=O)Nc2ccc(cc2)Oc2ccc(cc2)C2(c3c(C(=O)N2)cccc3)c2ccc(cc2)Oc2ccc(cc2)NC(=O)*)C)cc1,315.0
*C1(c2c(C(=O)N1)cccc2)c1ccc(cc1)Oc1ccc(cc1)NC(=O)c1cc2c(C(=O)N(C2=O)c2ccc(cc2)Cc2ccc(cc2)N2C(=O)c3c(C2=O)cc(cc3)C(=O)Nc2ccc(cc2)Oc2ccc(cc2)*)cc1,302.0
*c1cc2c(C(=O)N(C2=O)c2ccc(cc2)Oc2ccc(cc2)N2C(=O)c3c(C2=O)cc(cc3)C(=O)Nc2ccc(cc2)Oc2ccc(cc2)C2(c3c(C(=O)N2)cccc3)c2ccc(cc2)Oc2ccc(cc2)NC(=O)*)cc1,320.0
*c1cc2c(C(=O)N(C2=O)c2cc(ccc2)Oc2ccc(cc2)N2C(=O)c3c(C2=O)cc(cc3)C(=O)Nc2ccc(cc2)Oc2ccc(cc2)C2(c3c(C(=O)N2)cccc3)c2ccc(cc2)Oc2ccc(cc2)NC(=O)*)cc1,272.0
*C1(c2c(C(=O)N1)cccc2)c1ccc(cc1)Oc1ccc(cc1)NC(=O)c1cc2c(C(=O)N(C2=O)c2ccc(cc2)Sc2ccc(cc2)N2C(=O)c3c(C2=O)cc(cc3)C(=O)Nc2ccc(cc2)Oc2ccc(cc2)*)cc1,298.0
*c1cc2c(C(=O)N(C2=O)c2ccc(cc2)Oc2ccc(cc2)Oc2ccc(cc2)N2C(=O)c3c(C2=O)cc(cc3)C(=O)Nc2ccc(cc2)Oc2ccc(cc2)C2(c3c(C(=O)N2)cccc3)c2ccc(cc2)Oc2ccc(cc2)NC(=O)*)cc1,284.0
*c1cc2c(C(=O)N(C2=O)c2ccc(cc2)Oc2cc(ccc2)Oc2ccc(cc2)N2C(=O)c3c(C2=O)cc(cc3)C(=O)Nc2ccc(cc2)Oc2ccc(cc2)C2(c3c(C(=O)N2)cccc3)c2ccc(cc2)Oc2ccc(cc2)NC(=O)*)cc1,267.0
*c1cc2c(C(=O)N(C2=O)c2ccc(cc2)Oc2c(cc(cc2)Oc2ccc(cc2)N2C(=O)c3c(C2=O)cc(cc3)C(=O)Nc2ccc(cc2)Oc2ccc(cc2)C2(c3c(C(=O)N2)cccc3)c2ccc(cc2)Oc2ccc(cc2)NC(=O)*)C)cc1,293.0
*c1cc2c(C(=O)N(C2=O)c2ccc(cc2)Oc2ccc(cc2)S(=O)(=O)c2ccc(cc2)Oc2ccc(cc2)N2C(=O)c3c(C2=O)cc(cc3)C(=O)Nc2ccc(cc2)Oc2ccc(cc2)C2(c3c(C(=O)N2)cccc3)c2ccc(cc2)Oc2ccc(cc2)NC(=O)*)cc1,283.0
*c1cc2c(C(=O)N(C2=O)c2ccc(cc2)Oc2ccc(cc2)C2(c3c(C(=O)N2)cccc3)c2ccc(cc2)Oc2ccc(cc2)N2C(=O)c3c(C2=O)cc(cc3)C(=O)Nc2ccc(cc2)Oc2ccc(cc2)C2(c3c(C(=O)N2)cccc3)c2ccc(cc2)Oc2ccc(cc2)NC(=O)*)cc1,330.0
*c1cc2c(C(=O)N(C2=O)c2ccc(cc2)Oc2ccc(cc2)C2(c3c(C(=O)N2)cccc3)c2ccc(cc2)Oc2ccc(cc2)N2C(=O)c3c(C2=O)cc(cc3)C(=O)Nc2ccc(cc2)Oc2ccc(cc2)NC(=O)*)cc1,325.0
*c1cc2c(C(=O)N(C2=O)c2ccc(cc2)Oc2ccc(cc2)C2(c3c(C(=O)N2)cccc3)c2ccc(cc2)Oc2ccc(cc2)N2C(=O)c3c(C2=O)cc(cc3)C(=O)Nc2cc(ccc2)Oc2ccc(cc2)NC(=O)*)cc1,302.0
*c1cc2c(C(=O)N(C2=O)c2ccc(cc2)Oc2ccc(cc2)C2(c3c(C(=O)N2)cccc3)c2ccc(cc2)Oc2ccc(cc2)N2C(=O)c3c(C2=O)cc(cc3)C(=O)Nc2ccc(cc2)Sc2ccc(cc2)NC(=O)*)cc1,312.0
*c1cc2c(C(=O)N(C2=O)c2ccc(cc2)Oc2ccc(cc2)C2(c3c(C(=O)N2)cccc3)c2ccc(cc2)Oc2ccc(cc2)N2C(=O)c3c(C2=O)cc(cc3)C(=O)Nc2ccc(cc2)Oc2ccc(cc2)Oc2ccc(cc2)NC(=O)*)cc1,300.0
*c1cc2c(C(=O)N(C2=O)c2ccc(cc2)Oc2ccc(cc2)C2(c3c(C(=O)N2)cccc3)c2ccc(cc2)Oc2ccc(cc2)N2C(=O)c3c(C2=O)cc(cc3)C(=O)Nc2ccc(cc2)Oc2cc(ccc2)Oc2ccc(cc2)NC(=O)*)cc1,288.0
*c1cc2c(C(=O)N(C2=O)c2ccc(cc2)Oc2ccc(cc2)C2(c3c(C(=O)N2)cccc3)c2ccc(cc2)Oc2ccc(cc2)N2C(=O)c3c(C2=O)cc(cc3)C(=O)Nc2ccc(cc2)Oc2ccc(cc2)S(=O)(=O)c2ccc(cc2)Oc2ccc(cc2)NC(=O)*)cc1,302.0
*c1cc2c(C(=O)N(C2=O)c2ccc(cc2)C(=O)OCCCCOC(=O)*)cc1,100.5
*c1cc2c(C(=O)N(C2=O)c2ccc(cc2)C(=O)OCCCCCOC(=O)*)cc1,90.0
*c1cc2c(C(=O)N(C2=O)c2ccc(cc2)C(=O)OCCCCCCOC(=O)*)cc1,80.5
*c1cc2c(C(=O)N(C2=O)c2ccc(cc2)C(=O)OCCCCCCCOC(=O)*)cc1,77.0
*c1cc2c(C(=O)N(C2=O)c2ccc(cc2)C(=O)OCCCCCCCCOC(=O)*)cc1,65.0
*c1cc2c(C(=O)N(C2=O)c2ccc(cc2)C(=O)OCCCCCCCCCOC(=O)*)cc1,62.0
*c1cc2c(C(=O)N(C2=O)c2ccc(cc2)C(=O)OCCCCCCCCCCOC(=O)*)cc1,58.0
*c1cc2c(C(=O)N(C2=O)c2ccc(cc2)C(=O)OCCCCCCCCCCCOC(=O)*)cc1,49.0
*c1cc2c(C(=O)N(C2=O)c2ccc(cc2)C(=O)OCCCCCCCCCCCCOC(=O)*)cc1,46.8
*c1cc2c(C(=O)N(C2=O)c2ccc(cc2)N2C(=O)c3c(C2=O)cc(cc3)C(=O)c2ccc(cc2)Oc2ccc(cc2)Oc2ccc(cc2)C(=O)*)cc1,236.0
*c1cc2c(C(=O)N(C2=O)c2ccc(cc2)N2C(=O)c3c(C2=O)cc(cc3)C(=O)c2ccc(cc2)Oc2ccc(cc2)c2ccc(cc2)Oc2ccc(cc2)C(=O)*)cc1,229.0
*c1cc2c(C(=O)N(C2=O)c2ccc(cc2)Cc2ccc(cc2)N2C(=O)c3c(C2=O)cc(cc3)C(=O)c2ccc(cc2)Oc2ccc(cc2)c2ccc(cc2)Oc2ccc(cc2)C(=O)*)cc1,241.0
*c1cc2c(C(=O)N(C2=O)c2ccc(cc2)Cc2ccc(cc2)N2C(=O)c3c(C2=O)cc(cc3)C(=O)c2ccc(cc2)Oc2ccc(cc2)Oc2ccc(cc2)C(=O)*)cc1,225.0
*c1cc2c(C(=O)N(C2=O)c2ccc(cc2)Cc2ccc(cc2)N2C(=O)c3c(C2=O)cc(cc3)C(=O)c2ccc(cc2)c2ccc(cc2)C(c2ccc(cc2)c2ccc(cc2)C(=O)*)(C)C)cc1,216.0
*c1cc2c(C(=O)N(C2=O)c2ccc(cc2)Cc2ccc(cc2)N2C(=O)c3c(C2=O)cc(cc3)C(=O)c2ccc(cc2)Oc2ccc(cc2)C2(c3c(C(=O)O2)cccc3)c2ccc(cc2)Oc2ccc(cc2)C(=O)*)cc1,268.0
*c1cc2c(C(=O)N(C2=O)c2ccc(cc2)Cc2ccc(cc2)N2C(=O)c3c(C2=O)cc(cc3)C(=O)c2ccc(cc2)Oc2ccc(cc2)S(=O)(=O)c2ccc(cc2)Oc2ccc(cc2)C(=O)*)cc1,245.0
*c1cc2c(C(=O)N(C2=O)c2ccc(cc2)Oc2ccc(cc2)N2C(=O)c3c(C2=O)cc(cc3)C(=O)c2ccc(cc2)Oc2ccc(cc2)Oc2ccc(cc2)C(=O)*)cc1,220.0
*c1cc2c(C(=O)N(C2=O)c2ccc(cc2)Oc2ccc(cc2)N2C(=O)c3c(C2=O)cc(cc3)C(=O)c2ccc(cc2)Oc2ccc(cc2)c2ccc(cc2)Oc2ccc(cc2)C(=O)*)cc1,233.0
*c1cc2c(C(=O)N(C2=O)c2ccc(cc2)Oc2ccc(cc2)N2C(=O)c3c(C2=O)cc(cc3)C(=O)c2ccc(cc2)Oc2ccc(cc2)C(c2ccc(cc2)Oc2ccc(cc2)C(=O)*)(C)C)cc1,229.0
*c1cc2c(C(=O)N(C2=O)c2ccc(cc2)Oc2ccc(cc2)N2C(=O)c3c(C2=O)cc(cc3)C(=O)c2ccc(cc2)Oc2ccc(cc2)C2(c3c(C(=O)O2)cccc3)c2ccc(cc2)Oc2ccc(cc2)C(=O)*)cc1,260.0
*c1cc2c(C(=O)N(C2=O)c2ccc(cc2)Oc2ccc(cc2)N2C(=O)c3c(C2=O)cc(cc3)C(=O)c2ccc(cc2)Oc2ccc(cc2)S(=O)(=O)c2ccc(cc2)Oc2ccc(cc2)C(=O)*)cc1,229.0
*c1cc2c(C(=O)N(C2=O)c2ccc(cc2)Oc2ccc(cc2)C(=O)*)cc1,297.0
*N1C(=O)c2c(C1=O)cc(cc2)C(=O)c1cc2c(C(=O)N(C2=O)CCC[Si](O[Si](CCC*)(C)C)(C)C)cc1,68.0
*N1C(=O)c2c(C1=O)cc(cc2)c1cc2c(C(=O)N(C2=O)CCC[Si](O[Si](CCC*)(C)C)(C)C)cc1,75.0
*N1C(=O)c2c(C1=O)cc(cc2)Oc1cc2c(C(=O)N(C2=O)c2cc(ccc2)OCCOc2ccc(cc2)*)cc1,178.5
*N1C(=O)c2c(C1=O)cc(cc2)Oc1cc2c(C(=O)N(C2=O)c2cc(ccc2)OCCOCCOc2ccc(cc2)*)cc1,146.5
*N1C(=O)c2c(C1=O)cc(cc2)Oc1cc2c(C(=O)N(C2=O)c2cc(ccc2)OCCOCCOCCOc2ccc(cc2)*)cc1,107.0
*N1C(=O)c2c(C1=O)cc(cc2)c1cc2c(C(=O)N(C2=O)c2cc(c(cc2)c2c(cc(cc2)*)C(F)(F)F)C(F)(F)F)cc1,289.25
*c1cc2c(C(=O)N(C2=O)c2ccc(cc2)OCC(COc2ccc(cc2)N2C(=O)c3c(C2=O)cc(cc3)C(=O)*)(C)C)cc1,233.7
*c1cc2c(C(=O)N(C2=O)c2ccc(cc2)Oc2ccc(cc2)N2C(=O)c3c(C2=O)cc(cc3)C(=O)Oc2ccc(cc2)C(c2ccc(cc2)OC(=O)*)(C)C)cc1,200.0
*c1cc2c(C(=O)N(C2=O)c2ccc(cc2)C=Cc2ccc(cc2)N2C(=O)c3c(C2=O)cc(cc3)C(=O)*)cc1,303.0
*c1cc2c(C(=O)N(C2=O)c2ccc(nc2)Sc2ncc(cc2)N2C(=O)c3c(C2=O)cc(cc3)C(=O)*)cc1,246.0
*c1cc2c(C(=O)N(C2=O)c2cc(ccc2)C(=O)c2ccc(cc2)N2C(=O)c3c(C2=O)cc(cc3)C(=O)*)cc1,271.5
*c1cc2c(C(=O)N(C2=O)c2cc(ccc2)Cc2ccc(cc2)N2C(=O)c3c(C2=O)cc(cc3)C(=O)*)cc1,265.6
*c1cc2c(C(=O)N(C2=O)c2cc(ccc2)C(c2cc(ccc2)N2C(=O)c3c(C2=O)cc(cc3)C(=O)*)O)cc1,273.0
*C1C(=O)NC(=O)C1C(C*)c1ccccc1,257.67
*c1cc2c(C(=O)N(C2=O)c2cc3C(=O)c4c(c3cc2)ccc(c4)N2C(=O)c3c(C2=O)cc(cc3)C(=O)*)cc1,331.0
*C1C(=O)N(C(=O)C1C(C*)(C)C)c1c(cccc1C)C,237.0
*C1C(=O)N(C(=O)C1C(C*)(C)C)c1c(cccc1)C,207.0
*N1C(=O)c2c(C1=O)cc(cc2)C(=O)c1cc2c(C(=O)N(C2=O)CC(=O)Nc2ccc(cc2)Oc2ccc(cc2)NC(=O)C*)cc1,235.0
*N1C(=O)c2c(C1=O)cc(cc2)C(=O)c1cc2c(C(=O)N(C2=O)CCC(=O)Nc2ccc(cc2)Oc2ccc(cc2)NC(=O)CC*)cc1,232.0
*N1C(=O)c2c(C1=O)cc(cc2)C(=O)c1cc2c(C(=O)N(C2=O)CCCC(=O)Nc2ccc(cc2)Oc2ccc(cc2)NC(=O)CCC*)cc1,198.0
*N1C(=O)c2c(C1=O)cc(cc2)C(=O)c1cc2c(C(=O)N(C2=O)CCCCCC(=O)Nc2ccc(cc2)Oc2ccc(cc2)NC(=O)CCCCC*)cc1,195.0
*N1C(=O)c2c(C1=O)cc(cc2)C(=O)c1cc2c(C(=O)N(C2=O)CCCCCCCCCCC(=O)Nc2ccc(cc2)Oc2ccc(cc2)NC(=O)CCCCCCCCCC*)cc1,132.0
*N1C(=O)c2c(C1=O)cc(cc2)C(=O)c1cc2c(C(=O)N(C2=O)CC(=O)Nc2cc(ccc2)Oc2ccc(cc2)NC(=O)C*)cc1,226.0
*N1C(=O)c2c(C1=O)cc(cc2)C(=O)c1cc2c(C(=O)N(C2=O)CCC(=O)Nc2cc(ccc2)Oc2ccc(cc2)NC(=O)CC*)cc1,224.0
*N1C(=O)c2c(C1=O)cc(cc2)C(=O)c1cc2c(C(=O)N(C2=O)CCCC(=O)Nc2cc(ccc2)Oc2ccc(cc2)NC(=O)CCC*)cc1,188.0
*N1C(=O)c2c(C1=O)cc(cc2)C(=O)c1cc2c(C(=O)N(C2=O)CCCCCC(=O)Nc2cc(ccc2)Oc2ccc(cc2)NC(=O)CCCCC*)cc1,170.0
*N1C(=O)c2c(C1=O)cc(cc2)C(=O)c1cc2c(C(=O)N(C2=O)CCCCCCCCCCC(=O)Nc2cc(ccc2)Oc2ccc(cc2)NC(=O)CCCCCCCCCC*)cc1,126.0
*N1C(=O)c2c(C1=O)cc(cc2)C(=O)c1cc2c(C(=O)N(C2=O)CC(=O)Nc2ccc(cc2)Oc2ccc(cc2)Oc2ccc(cc2)NC(=O)C*)cc1,230.0
*N1C(=O)c2c(C1=O)cc(cc2)C(=O)c1cc2c(C(=O)N(C2=O)CCC(=O)Nc2ccc(cc2)Oc2ccc(cc2)Oc2ccc(cc2)NC(=O)CC*)cc1,221.0
*N1C(=O)c2c(C1=O)cc(cc2)C(=O)c1cc2c(C(=O)N(C2=O)CCCC(=O)Nc2ccc(cc2)Oc2ccc(cc2)Oc2ccc(cc2)NC(=O)CCC*)cc1,178.0
*N1C(=O)c2c(C1=O)cc(cc2)C(=O)c1cc2c(C(=O)N(C2=O)CCCCCC(=O)Nc2ccc(cc2)Oc2ccc(cc2)Oc2ccc(cc2)NC(=O)CCCCC*)cc1,158.0
*N1C(=O)c2c(C1=O)cc(cc2)C(=O)c1cc2c(C(=O)N(C2=O)CCCCCCCCCCC(=O)Nc2ccc(cc2)Oc2ccc(cc2)Oc2ccc(cc2)NC(=O)CCCCCCCCCC*)cc1,122.0
*N1C(=O)c2c(C1=O)cc(cc2)C(=O)c1cc2c(C(=O)N(C2=O)CC(=O)Nc2ccc(cc2)Cc2ccc(cc2)NC(=O)C*)cc1,233.0
*N1C(=O)c2c(C1=O)cc(cc2)C(=O)c1cc2c(C(=O)N(C2=O)CCC(=O)Nc2ccc(cc2)Cc2ccc(cc2)NC(=O)CC*)cc1,221.0
*N1C(=O)c2c(C1=O)cc(cc2)C(=O)c1cc2c(C(=O)N(C2=O)CCCC(=O)Nc2ccc(cc2)Cc2ccc(cc2)NC(=O)CCC*)cc1,195.0
*N1C(=O)c2c(C1=O)cc(cc2)C(=O)c1cc2c(C(=O)N(C2=O)CCCCCC(=O)Nc2ccc(cc2)Cc2ccc(cc2)NC(=O)CCCCC*)cc1,187.0
*N1C(=O)c2c(C1=O)cc(cc2)C(=O)c1cc2c(C(=O)N(C2=O)CCCCCCCCCCC(=O)Nc2ccc(cc2)Cc2ccc(cc2)NC(=O)CCCCCCCCCC*)cc1,136.0
*N1C(=O)c2c(C1=O)cc(cc2)C(=O)c1cc2c(C(=O)N(C2=O)CC(=O)Nc2ccc(cc2)NC(=O)C*)cc1,250.0
*N1C(=O)c2c(C1=O)cc(cc2)C(=O)c1cc2c(C(=O)N(C2=O)CCC(=O)Nc2ccc(cc2)NC(=O)CC*)cc1,237.0
*N1C(=O)c2c(C1=O)cc(cc2)C(=O)c1cc2c(C(=O)N(C2=O)CCCC(=O)Nc2ccc(cc2)NC(=O)CCC*)cc1,209.0
*N1C(=O)c2c(C1=O)cc(cc2)C(=O)c1cc2c(C(=O)N(C2=O)CCCCCC(=O)Nc2ccc(cc2)NC(=O)CCCCC*)cc1,200.0
*N1C(=O)c2c(C1=O)cc(cc2)C(=O)c1cc2c(C(=O)N(C2=O)CCCCCCCCCCC(=O)Nc2ccc(cc2)NC(=O)CCCCCCCCCC*)cc1,125.0
*c1cc2c(C(=O)N(C2=O)c2ccc3Cc4c(c3c2)cc(cc4)N2C(=O)c3c(C2=O)cc(cc3)C(*)(C(F)(F)F)C(F)(F)F)cc1,394.0
*N1C(=O)c2c(C1=O)cc(cc2)C(=O)Nc1ccc(cc1)NC(=O)C*,292.0
*N1C(=O)c2c(C1=O)cc(cc2)C(=O)Nc1ccc(cc1)Cc1ccc(cc1)NC(=O)C*,266.0
*N1C(=O)c2c(C1=O)cc(cc2)C(=O)Nc1ccc(cc1)S(=O)(=O)c1ccc(cc1)NC(=O)C*,232.0
*N1C(=O)c2c(C1=O)cc(cc2)C(=O)Nc1ccc(cc1)Oc1ccc(cc1)NC(=O)C*,262.0
*N1C(=O)c2c(C1=O)cc(cc2)C(=O)Nc1ccc(cc1)Oc1ccc(cc1)Oc1ccc(cc1)NC(=O)C*,242.0
*N1C(=O)c2c(C1=O)cc(cc2)C(=O)Nc1ccc(cc1)Oc1cc(ccc1)Oc1ccc(cc1)NC(=O)C*,220.0
*c1cc2c(C(=O)N(C2=O)c2ccc(cc2)C(=O)Nc2ccc(cc2)NC(=O)*)cc1,297.5
*c1cc2c(C(=O)N(C2=O)c2ccc(cc2)C(=O)Nc2ccc(cc2)Oc2ccc(cc2)NC(=O)*)cc1,252.67
*c1cc2c(C(=O)N(C2=O)c2cc(ccc2)C#Cc2cc(ccc2)N2C(=O)c3c(C2=O)cc(cc3)C(=O)*)cc1,295.8
*c1cc2c(C(=O)N(C2=O)c2ccc(cc2)C(=O)c2ccc(cc2)C(=O)c2ccc(cc2)N2C(=O)c3c(C2=O)cc(cc3)C(=O)c2ccc(cc2)C(=O)*)cc1,260.0
*N1C(=O)c2c(C1=O)cc(cc2)Oc1cc2c(C(=O)N(C2=O)c2ccc(cc2)Oc2ccc(cc2)C(c2ccc(cc2)Oc2ccc(cc2)*)(C(F)(F)F)C(F)(F)F)cc1,246.0
*N1C(=O)c2c(C1=O)cc(cc2)Oc1ccc(cc1)Sc1ccc(cc1)Oc1cc2c(C(=O)N(C2=O)c2cc(ccc2)Oc2cc(ccc2)Oc2cc(ccc2)*)cc1,190.5
*N1C(=O)c2c(C1=O)cc(cc2)Oc1ccc(cc1)Sc1ccc(cc1)Oc1cc2c(C(=O)N(C2=O)c2ccc(cc2)Oc2ccc(cc2)C(c2ccc(cc2)Oc2ccc(cc2)*)(C(F)(F)F)C(F)(F)F)cc1,217.5
*N1C(=O)c2c(C1=O)cc(cc2)Oc1cc2c(C(=O)N(C2=O)c2cc(ccc2)S(=O)(=O)c2cc(ccc2)*)cc1,249.92
*c1cc2c(C(=O)N(C2=O)c2cc(ccc2)S(=O)(=O)c2cc(ccc2)N2C(=O)c3c(C2=O)cc(cc3)C(=O)*)cc1,263.33
*N1C(=O)c2c(C1=O)cc(cc2)Oc1ccc(cc1)Oc1cc2c(C(=O)N(C2=O)c2ccc(cc2)Oc2ccc(cc2)c2ccc(cc2)Oc2ccc(cc2)*)cc1,230.0
*N1C(=O)c2c(C1=O)cc(cc2)Oc1ccc(cc1)Oc1cc2c(C(=O)N(C2=O)c2ccc(cc2)Oc2ccc(cc2)Oc2ccc(cc2)Oc2ccc(cc2)*)cc1,210.0
*N1C(=O)c2c(C1=O)cc(cc2)Oc1ccc(cc1)Oc1cc2c(C(=O)N(C2=O)c2ccc(cc2)Oc2ccc(cc2)Sc2ccc(cc2)Oc2ccc(cc2)*)cc1,201.0
*N1C(=O)c2c(C1=O)cc(cc2)Oc1ccc(cc1)c1ccc(cc1)Oc1cc2c(C(=O)N(C2=O)c2ccc(cc2)Oc2ccc(cc2)Oc2ccc(cc2)*)cc1,212.0
*N1C(=O)c2c(C1=O)cc(cc2)Oc1ccc(cc1)c1ccc(cc1)Oc1cc2c(C(=O)N(C2=O)c2ccc(cc2)Oc2ccc(cc2)c2ccc(cc2)Oc2ccc(cc2)*)cc1,220.0
*N1C(=O)c2c(C1=O)cc(cc2)Oc1ccc(cc1)c1ccc(cc1)Oc1cc2c(C(=O)N(C2=O)c2ccc(cc2)Oc2ccc(cc2)Oc2ccc(cc2)Oc2ccc(cc2)*)cc1,212.0
*N1C(=O)c2c(C1=O)cc(cc2)Oc1ccc(cc1)c1ccc(cc1)Oc1cc2c(C(=O)N(C2=O)c2ccc(cc2)Oc2ccc(cc2)Sc2ccc(cc2)Oc2ccc(cc2)*)cc1,212.0
*N1C(=O)c2c(C1=O)cc(cc2)Oc1ccc(cc1)Oc1ccc(cc1)Oc1cc2c(C(=O)N(C2=O)c2ccc(cc2)Oc2ccc(cc2)Oc2ccc(cc2)*)cc1,198.5
*N1C(=O)c2c(C1=O)cc(cc2)Oc1ccc(cc1)Oc1ccc(cc1)Oc1cc2c(C(=O)N(C2=O)c2ccc(cc2)Oc2ccc(cc2)c2ccc(cc2)Oc2ccc(cc2)*)cc1,211.0
*N1C(=O)c2c(C1=O)cc(cc2)Oc1ccc(cc1)Oc1ccc(cc1)Oc1cc2c(C(=O)N(C2=O)c2ccc(cc2)Oc2ccc(cc2)Sc2ccc(cc2)Oc2ccc(cc2)*)cc1,198.5
*N1C(=O)c2c(C1=O)cc(cc2)Oc1ccc(cc1)Sc1ccc(cc1)Oc1cc2c(C(=O)N(C2=O)c2ccc(cc2)Oc2ccc(cc2)Oc2ccc(cc2)*)cc1,201.0
*N1C(=O)c2c(C1=O)cc(cc2)Oc1ccc(cc1)Sc1ccc(cc1)Oc1cc2c(C(=O)N(C2=O)c2ccc(cc2)Oc2ccc(cc2)c2ccc(cc2)Oc2ccc(cc2)*)cc1,195.5
*N1C(=O)c2c(C1=O)cc(cc2)Oc1ccc(cc1)Sc1ccc(cc1)Oc1cc2c(C(=O)N(C2=O)c2ccc(cc2)Oc2ccc(cc2)Sc2ccc(cc2)Oc2ccc(cc2)*)cc1,195.5
*N1C(=O)c2c(C1=O)cc(cc2)[Si](c1cc2c(C(=O)N(C2=O)c2ccc(cc2)Cc2ccc(cc2)*)cc1)(C)C,280.0
*N1C(=O)c2c(C1=O)cc(cc2)[Si](c1ccc(cc1)[Si](c1cc2c(C(=O)N(C2=O)c2ccc(cc2)Cc2ccc(cc2)*)cc1)(C)C)(C)C,295.0
*N1C(=O)c2c(C1=O)cc(cc2)[Si](O[Si](c1cc2c(C(=O)N(C2=O)c2ccc(cc2)Cc2ccc(cc2)*)cc1)(C)C)(C)C,232.0
*N1C(=O)c2c(C1=O)cc(cc2)[Si](O[Si](O[Si](c1cc2c(C(=O)N(C2=O)c2ccc(cc2)Cc2ccc(cc2)*)cc1)(C)C)(C)C)(C)C,220.0
*N1C(=O)c2c(C1=O)cc(cc2)[Si](c1ccc(cc1)[Si](c1cc2c(C(=O)N(C2=O)c2cc(ccc2)Cc2cc(ccc2)*)cc1)(C)C)(C)C,246.0
*N1C(=O)c2c(C1=O)cc(cc2)[Si](c1cc2c(C(=O)N(C2=O)c2cc(ccc2)Cc2cc(ccc2)*)cc1)(C)C,238.0
*N1C(=O)c2c(C1=O)cc(cc2)[Si](c1ccc(cc1)c1ccc(cc1)[Si](c1cc2c(C(=O)N(C2=O)c2cc(ccc2)Cc2cc(ccc2)*)cc1)(C)C)(C)C,285.0
*N1C(=O)c2c(C1=O)cc(cc2)[Si](O[Si](c1cc2c(C(=O)N(C2=O)c2cc(ccc2)Cc2cc(ccc2)*)cc1)(C)C)(C)C,217.0
*N1C(=O)c2c(C1=O)cc(cc2)[Si](O[Si](O[Si](c1cc2c(C(=O)N(C2=O)c2cc(ccc2)Cc2cc(ccc2)*)cc1)(C)C)(C)C)(C)C,208.0
*N1C(=O)c2c(C1=O)c(c(c(c2c1ccccc1)c1ccccc1)c1ccc(cc1)c1c(c2c(C(=O)N(C2=O)c2ccc(cc2)*)c(c1c1ccccc1)c1ccccc1)c1ccccc1)c1ccccc1,418.5
*N1C(=O)c2c(C1=O)c(c(c(c2c1ccccc1)c1ccccc1)c1ccc(cc1)c1c(c2c(C(=O)N(C2=O)c2cc(ccc2)*)c(c1c1ccccc1)c1ccccc1)c1ccccc1)c1ccccc1,416.0
*N1C(=O)c2c(C1=O)c(c(c(c2c1ccccc1)c1ccccc1)c1ccc(cc1)c1c(c2c(C(=O)N(C2=O)c2ccc(cc2)Oc2ccc(cc2)*)c(c1c1ccccc1)c1ccccc1)c1ccccc1)c1ccccc1,413.0
*N1C(=O)c2c(C1=O)c(c(c(c2c1ccccc1)c1ccccc1)c1ccc(cc1)c1c(c2c(C(=O)N(C2=O)c2cc(ccc2)Oc2cc(ccc2)Oc2cc(ccc2)*)c(c1c1ccccc1)c1ccccc1)c1ccccc1)c1ccccc1,280.0
*N1C(=O)c2c(C1=O)c(c(c(c2c1ccccc1)c1ccccc1)c1ccc(cc1)Oc1ccc(cc1)c1c(c2c(C(=O)N(C2=O)c2ccc(cc2)c2ccc(cc2)*)c(c1c1ccccc1)c1ccccc1)c1ccccc1)c1ccccc1,399.0
*c1c(c2c(C(=O)N(C2=O)c2ccc(cc2)N2C(=O)c3c(C2=O)c(c(c(c3c2ccccc2)c2ccccc2)c2ccc(cc2)Oc2ccc(cc2)*)c2ccccc2)c(c1c1ccccc1)c1ccccc1)c1ccccc1,418.5
*N1C(=O)c2c(C1=O)c(c(c(c2c1ccccc1)c1ccccc1)c1ccc(cc1)Oc1ccc(cc1)c1c(c2c(C(=O)N(C2=O)c2ccc(cc2)Oc2ccc(cc2)*)c(c1c1ccccc1)c1ccccc1)c1ccccc1)c1ccccc1,360.0
*N1C(=O)c2c(C1=O)c(c(c(c2c1ccccc1)c1ccccc1)c1ccc(cc1)Oc1ccc(cc1)c1c(c2c(C(=O)N(C2=O)c2ccc(cc2)Cc2ccc(cc2)*)c(c1c1ccccc1)c1ccccc1)c1ccccc1)c1ccccc1,356.0
*c1c(c2c(C(=O)N(C2=O)c2cc(ccc2)N2C(=O)c3c(C2=O)c(c(c(c3c2ccccc2)c2ccccc2)c2ccc(cc2)Oc2ccc(cc2)*)c2ccccc2)c(c1c1ccccc1)c1ccccc1)c1ccccc1,357.0
*N1C(=O)c2c(C1=O)c(c(c(c2c1ccccc1)c1ccccc1)c1ccc(cc1)Oc1ccc(cc1)c1c(c2c(C(=O)N(C2=O)c2cc(ccc2)Oc2cc(ccc2)Oc2cc(ccc2)*)c(c1c1ccccc1)c1ccccc1)c1ccccc1)c1ccccc1,261.0
*N1C(=O)c2c(C1=O)c(c(c(c2c1ccccc1)c1ccccc1)c1ccc(cc1)Oc1ccc(cc1)Oc1ccc(cc1)c1c(c2c(C(=O)N(C2=O)c2cc(ccc2)Oc2cc(ccc2)Oc2cc(ccc2)*)c(c1c1ccccc1)c1ccccc1)c1ccccc1)c1ccccc1,238.0
*c1cc2c(C(=O)N(C2=O)c2c(ccc(c2)N2C(=O)c3c(C2=O)cc(cc3)C(=O)*)CP(=O)(OCC)OCC)cc1,218.0
*c1cc2c(C(=O)N(C2=O)c2c(ccc(c2)N2C(=O)c3c(C2=O)cc(cc3)C(=O)*)CP(=O)(OCCCl)OCCCl)cc1,261.0
*c1cc2c(C(=O)N(C2=O)c2cc3Cc4c(c3cc2)ccc(c4)N2C(=O)c3c(C2=O)cc(cc3)C(*)(C(F)(F)F)C(F)(F)F)cc1,394.0
*c1cc2c(C(=O)N(C2=O)c2cc(ccc2)C(c2cc(ccc2)N2C(=O)c3c(C2=O)cc(cc3)C(*)(C(F)(F)F)C(F)(F)F)(C(F)(F)F)C(F)(F)F)cc1,266.5
*N1C(=O)c2c(C1=O)cc(cc2)Oc1cc(ccc1)Oc1cc2c(C(=O)N(C2=O)c2ccc(cc2)Oc2ccc(cc2)S(=O)(=O)c2ccc(cc2)Oc2ccc(cc2)*)cc1,201.0
*N1C(=O)c2c(C1=O)cc(cc2)Oc1ccc(cc1)Oc1ccc(cc1)Oc1cc2c(C(=O)N(C2=O)c2ccc(cc2)Oc2ccc(cc2)C(=O)c2cc(ccc2)C(=O)c2ccc(cc2)Oc2ccc(cc2)*)cc1,192.0
*N1C(=O)c2c(C1=O)cc(cc2)Oc1ccc(cc1)Sc1ccc(cc1)Oc1cc2c(C(=O)N(C2=O)c2ccc(cc2)Oc2ccc(cc2)C(=O)c2cc(ccc2)C(=O)c2ccc(cc2)Oc2ccc(cc2)*)cc1,192.0
*N1C(=O)c2c(C1=O)cc(cc2)[Si](c1cc2c(C(=O)N(C2=O)c2ccc(cc2)Oc2ccc(cc2)C(=O)c2cc(ccc2)C(=O)c2ccc(cc2)Oc2ccc(cc2)*)cc1)(C)C,208.0
*c1cc2c(C(=O)N(C2=O)c2ccc(cc2)Oc2ccc(cc2)C(=O)c2cc3c(cc2)cc(cc3)C(=O)c2ccc(cc2)Oc2ccc(cc2)N2C(=O)c3c(C2=O)cc(cc3)C(=O)*)cc1,246.0
*c1cc2c(C(=O)N(C2=O)c2cc(cc(c2)C(=O)c2ccccc2)N2C(=O)c3c(C2=O)cc(cc3)C(=O)*)cc1,282.0
*c1cc2c(C(=O)N(C2=O)c2c(cccc2)C(=O)c2ccc(cc2)N2C(=O)c3c(C2=O)cc(cc3)C(=O)*)cc1,286.0
*c1cc2c(C(=O)N(C2=O)c2c(cccc2)C(=O)c2cc(ccc2)N2C(=O)c3c(C2=O)cc(cc3)C(=O)*)cc1,258.33
*c1cc2c(C(=O)N(C2=O)c2c(cccc2)C(=O)c2c(cccc2)N2C(=O)c3c(C2=O)cc(cc3)C(=O)*)cc1,289.0
*c1cc2c(C(=O)N(C2=O)c2c(cccc2)Cc2ccc(cc2)N2C(=O)c3c(C2=O)cc(cc3)C(=O)*)cc1,286.0
*c1cc2c(C(=O)N(C2=O)c2c(cccc2)Cc2cc(ccc2)N2C(=O)c3c(C2=O)cc(cc3)C(=O)*)cc1,258.33
*c1cc2c(C(=O)N(C2=O)c2c(cccc2)Cc2c(cccc2)N2C(=O)c3c(C2=O)cc(cc3)C(=O)*)cc1,285.0
*c1cc2c(C(=O)N(C2=O)c2c(cccc2)Oc2ccc(cc2)N2C(=O)c3c(C2=O)cc(cc3)C(=O)*)cc1,286.0
*c1cc2c(C(=O)N(C2=O)c2c(cccc2)c2ccc(cc2)N2C(=O)c3c(C2=O)cc(cc3)C(=O)*)cc1,305.0
*c1cc2c(C(=O)N(C2=O)N2C(=O)c3c(C2=O)cc(cc3)Oc2ccc(cc2)C(c2ccc(cc2)O*)(C)C)cc1,216.7
*OC(=O)NC(=O)c1cc(ccc1)C(=O)NC(=O)OCC(C*)(C)C,66.0
*OC(=O)NC(=O)c1ccc(cc1)C(=O)NC(=O)OCC(C*)(C)C,102.0
*OC(=O)NC(=O)c1cc(ccc1)C(=O)NC(=O)OCC(C*)CCCC,64.0
*OC(=O)NC(=O)c1cc(ccc1)C(=O)NC(=O)OCC(C*)CCCCCCCC,65.0
*OC(=O)NC(=O)c1cc(ccc1)C(=O)NC(=O)OCC(C*)CCCCCCCCCCCC,112.0
*OC(=O)NC(=O)c1ccc(cc1)C(=O)NC(=O)OCC(C*)CCCCCCCCCCCC,75.0
*OC(=O)NC(=O)c1cc(cc(c1)C(C)(C)C)C(=O)NC(=O)OCC(C*)(C)C,144.0
*Oc1ccc(cc1)C(c1ccc(cc1)OC(=O)NC(=O)c1cc(cc(c1)C(C)(C)C)C(=O)NC(=O)*)(C)C,123.5
*Oc1ccc(cc1)Oc1ccc(cc1)OC(=O)NC(=O)c1cc(cc(c1)C(C)(C)C)C(=O)NC(=O)*,114.5
*c1cc2c(C(=O)N(C2=O)c2ccc(cc2)C(=O)OCCCSCCCCSCCCOC(=O)*)cc1,39.0
*c1cc2c(C(=O)N(C2=O)c2ccc(cc2)C(=O)OCCCSCCCCCCSCCCOC(=O)*)cc1,31.0
*c1cc2c(C(=O)N(C2=O)c2ccc(cc2)C(=O)OCCOCCOC(=O)*)cc1,101.0
*c1cc2c(C(=O)N(C2=O)c2ccc(cc2)C(=O)OCCOCCOCCOC(=O)*)cc1,63.0
*c1cc2c(C(=O)N(C2=O)c2cc(ccc2)Oc2ccc(cc2)P(=O)(c2ccc(cc2)Oc2cc(ccc2)N2C(=O)c3c(C2=O)cc(cc3)C(*)(C(F)(F)F)C(F)(F)F)c2ccccc2)cc1,243.0
*c1cc2c(C(=O)N(C2=O)c2ccc(cc2)C(=O)OCCOCCOCCOCCOC(=O)*)cc1,52.0
*c1cc2c(C(=O)N(C2=O)c2ccc(cc2)Cc2ccc(cc2)NC(=O)*)cc1,279.5
*c1cc2c(C(=O)N(C2=O)c2ccc(cc2)C(=O)Nc2ccc(cc2)Oc2ccc(cc2)C(c2ccc(cc2)Oc2ccc(cc2)NC(=O)*)(C)C)cc1,216.0
*c1cc2c(C(=O)N(C2=O)c2ccc(cc2)C(=O)Nc2cc(ccc2)Oc2ccc(cc2)S(=O)(=O)c2ccc(cc2)Oc2cc(ccc2)NC(=O)*)cc1,235.0
*c1cc2c(C(=O)N(C2=O)c2cc(ccc2)Oc2ccc(cc2)N2C(=O)c3c(C2=O)cc(cc3)C(=O)Nc2cc(ccc2)Oc2ccc(cc2)NC(=O)*)cc1,211.0
*c1cc2c(C(=O)N(C2=O)c2cc(ccc2)Oc2ccc(cc2)N2C(=O)c3c(C2=O)cc(cc3)C(=O)Nc2ccc(cc2)Oc2ccc(cc2)C(c2ccc(cc2)Oc2ccc(cc2)NC(=O)*)(C)C)cc1,207.0
*c1cc2c(C(=O)N(C2=O)c2ccc(cc2)C(=O)Nc2ccc(cc2)Oc2ccc(cc2)NC(=O)c2ccc(cc2)N2C(=O)c3c(C2=O)cc(cc3)C(*)(C(F)(F)F)C(F)(F)F)cc1,322.0
*c1cc2c(C(=O)N(C2=O)c2ccc(cc2)C(=O)Nc2ccc(cc2)Oc2ccc(cc2)C(c2ccc(cc2)Oc2ccc(cc2)NC(=O)c2ccc(cc2)N2C(=O)c3c(C2=O)cc(cc3)C(*)(C(F)(F)F)C(F)(F)F)(C)C)cc1,266.0
*c1cc2c(C(=O)N(C2=O)c2cc(ccc2)C(=O)Nc2ccc(cc2)Oc2ccc(cc2)NC(=O)c2cc(ccc2)N2C(=O)c3c(C2=O)cc(cc3)C(*)(C(F)(F)F)C(F)(F)F)cc1,298.0
*c1cc2c(C(=O)N(C2=O)c2cc(ccc2)C(=O)Nc2ccc(cc2)NC(=O)c2cc(ccc2)N2C(=O)c3c(C2=O)cc(cc3)C(*)(C(F)(F)F)C(F)(F)F)cc1,311.0
*N1C(=O)c2c(C1=O)cc(cc2)Oc1c(cccc1)Oc1cc2c(C(=O)N(C2=O)c2cc(ccc2)*)cc1,224.0
*N1C(=O)c2c(C1=O)cc(cc2)Oc1c(cccc1)Oc1cc2c(C(=O)N(C2=O)c2ccc(cc2)Oc2ccc(cc2)*)cc1,212.0
*N1C(=O)c2c(C1=O)cc(cc2)Oc1c(cccc1)Oc1cc2c(C(=O)N(C2=O)c2ccc(cc2)Oc2ccc(cc2)Oc2ccc(cc2)*)cc1,202.0
*N1C(=O)c2c(C1=O)cc(cc2)Oc1c(cccc1)Oc1cc2c(C(=O)N(C2=O)c2ccc(cc2)Oc2c(cccc2)Oc2ccc(cc2)*)cc1,193.0
*N1C(=O)c2c(C1=O)cc(cc2)Oc1c(cccc1)Oc1cc2c(C(=O)N(C2=O)c2ccc(cc2)Oc2cc3c(cc2Oc2ccc(cc2)*)cccc3)cc1,216.0
*N1C(=O)c2c(C1=O)cc(cc2)Oc1c(cccc1)Oc1cc2c(C(=O)N(C2=O)c2ccc(cc2)Oc2ccc(cc2)c2ccc(cc2)Oc2ccc(cc2)*)cc1,204.0
*N1C(=O)c2c(C1=O)cc(cc2)Oc1cc2c(cc1Oc1cc3c(C(=O)N(C3=O)c3ccc(cc3)Oc3c(cccc3)Oc3ccc(cc3)*)cc1)cccc2,204.0
*N1C(=O)c2c(C1=O)cc(cc2)Oc1cc2c(cc1Oc1cc3c(C(=O)N(C3=O)c3ccc(cc3)Oc3cc4c(cc3Oc3ccc(cc3)*)cccc4)cc1)cccc2,222.0
*N1C(=O)c2c(C1=O)cc(cc2)Oc1cc2c(C(=O)N(C2=O)CCCCCCC*)cc1,110.0
*N1C(=O)c2c(C1=O)cc(cc2)Oc1cc2c(C(=O)N(C2=O)CCCCCCCCCCC*)cc1,74.0
*c1cc2c(C(=O)N(C2=O)c2cc(c(cc2)c2c(cc(cc2)N2C(=O)c3c(C2=O)cc(cc3)C(*)(C(F)(F)F)C(F)(F)F)C(F)(F)F)C(F)(F)F)cc1,321.5
*c1cc2c(C(=O)N(C2=O)c2cc(c(cc2)c2c(cc(cc2)N2C(=O)c3c(C2=O)cc(cc3)C(*)(c2ccccc2)C(F)(F)F)C(F)(F)F)C(F)(F)F)cc1,280.0
*N1C(=O)c2c(C1=O)cc(cc2)P(=O)(c1cc2c(C(=O)N(C2=O)c2ccc(cc2)*)cc1)c1ccccc1,366.0
*N1C(=O)c2c(C1=O)cc(cc2)P(=O)(c1cc2c(C(=O)N(C2=O)c2ccc(cc2)Oc2ccc(cc2)*)cc1)c1ccccc1,318.0
*N1C(=O)c2c(C1=O)cc(cc2)P(=O)(c1cc2c(C(=O)N(C2=O)c2cc(cc(c2)C(F)(F)F)*)cc1)c1ccccc1,317.0
*N1C(=O)c2c(C1=O)cc(cc2)P(=O)(c1cc2c(C(=O)N(C2=O)c2cc(ccc2)*)cc1)c1ccccc1,323.0
*N1C(=O)c2c(C1=O)cc(cc2)c1cc2c(C(=O)N(C2=O)c2ccc(cc2)N2C(=O)c3c(C2=O)cc(cc3)C(c2cc3c(C(=O)N(C3=O)c3ccc(cc3)*)cc2)(C(F)(F)F)C(F)(F)F)cc1,342.0
*N1C(=O)c2c(C1=O)cc(cc2)c1cc2c(C(=O)N(C2=O)c2cc(ccc2)N2C(=O)c3c(C2=O)cc(cc3)C(c2cc3c(C(=O)N(C3=O)c3cc(ccc3)*)cc2)(C(F)(F)F)C(F)(F)F)cc1,308.0
*c1cc2c(C(=O)N(C2=O)c2cc(ccc2)NC(=O)c2cc(ccc2)C(=O)Nc2cc(ccc2)N2C(=O)c3c(C2=O)cc(cc3)C(=O)*)cc1,204.0
*c1cc2c(C(=O)N(C2=O)c2ccc(cc2)OCCOc2ccc(cc2)N2C(=O)c3c(C2=O)cc(cc3)C(*)(C(F)(F)F)C(F)(F)F)cc1,254.0
*c1cc2c(C(=O)N(C2=O)c2ccc(cc2)OCCOCCOc2ccc(cc2)N2C(=O)c3c(C2=O)cc(cc3)C(*)(C(F)(F)F)C(F)(F)F)cc1,187.5
*c1cc2c(C(=O)N(C2=O)c2ccc(cc2)OCCOCCOCCOc2ccc(cc2)N2C(=O)c3c(C2=O)cc(cc3)C(*)(C(F)(F)F)C(F)(F)F)cc1,166.0
*c1cc2c(C(=O)N(C2=O)c2ccc(cc2)Oc2ccc(cc2)N2C(=O)c3c(C2=O)cc(cc3)C(=O)Nc2cc(ccc2)Oc2ccc(cc2)NC(=O)*)cc1,236.0
*c1cc2c(C(=O)N(C2=O)c2ccc(cc2)Oc2ccc(cc2)N2C(=O)c3c(C2=O)cc(cc3)C(=O)Nc2ccc(cc2)Cc2ccc(cc2)NC(=O)*)cc1,270.0
*c1cc2c(C(=O)N(C2=O)c2ccc(cc2)Oc2ccc(cc2)N2C(=O)c3c(C2=O)cc(cc3)C(=O)Nc2ccc(cc2)Sc2ccc(cc2)NC(=O)*)cc1,284.0
*c1cc2c(C(=O)N(C2=O)c2ccc(cc2)Oc2ccc(cc2)N2C(=O)c3c(C2=O)cc(cc3)C(=O)Nc2ccc(cc2)Oc2ccc(cc2)Oc2ccc(cc2)NC(=O)*)cc1,260.0
*c1cc2c(C(=O)N(C2=O)c2ccc(cc2)Cc2ccc(cc2)N2C(=O)c3c(C2=O)cc(cc3)C(=O)Nc2ccc(cc2)Oc2ccc(cc2)NC(=O)*)cc1,251.0
*c1cc2c(C(=O)N(C2=O)c2ccc(cc2)S(=O)(=O)c2ccc(cc2)N2C(=O)c3c(C2=O)cc(cc3)C(=O)Nc2ccc(cc2)Oc2ccc(cc2)Oc2ccc(cc2)NC(=O)*)cc1,243.0
*c1cc2c(C(=O)N(C2=O)C2CCC(CC2)CC2CCC(CC2)N2C(=O)c3c(C2=O)cc(cc3)C(=O)Nc2ccc(cc2)Oc2ccc(cc2)NC(=O)*)cc1,250.0
*c1cc2c(C(=O)N(C2=O)c2c(c(ccc2)N2C(=O)c3c(C2=O)cc(cc3)C(*)(C(F)(F)F)C(F)(F)F)C)cc1,353.5
*N1C(=O)c2c(C1=O)cc(cc2)c1cc2c(C(=O)N(C2=O)c2c(cc(c(c2C)*)C)C)cc1,385.0
*c1cc2c(C(=O)N(C2=O)c2c(cc(c(c2C)N2C(=O)c3c(C2=O)cc(c(c3)Cl)C(=O)*)C)C)cc1Cl,371.0
*c1cc2c(C(=O)N(C2=O)c2cc(ccc2)N2C(=O)c3c(C2=O)cc(c(c3)Cl)C(=O)*)cc1Cl,313.0
*c1cc2c(C(=O)N(C2=O)c2cc(cc(c2)C(C)(C)C)N2C(=O)c3c(C2=O)cc(c(c3)Cl)C(=O)*)cc1Cl,290.0
*c1cc2c(C(=O)N(C2=O)c2cc(cc(c2)C(=O)O)N2C(=O)c3c(C2=O)cc(c(c3)Cl)C(=O)*)cc1Cl,368.0
*c1cc2c(C(=O)N(C2=O)c2cc(cc(c2)C(=O)OC)N2C(=O)c3c(C2=O)cc(c(c3)Cl)C(=O)*)cc1Cl,321.0
*c1cc2c(C(=O)N(C2=O)c2cc(cc(c2)C(F)(F)F)N2C(=O)c3c(C2=O)cc(c(c3)Cl)C(=O)*)cc1Cl,305.0
*c1cc2c(C(=O)N(C2=O)c2cc(cc(c2)Cl)N2C(=O)c3c(C2=O)cc(c(c3)Cl)C(=O)*)cc1Cl,311.0
*c1cc2c(C(=O)N(C2=O)c2c(cc(c(c2)Cl)N2C(=O)c3c(C2=O)cc(c(c3)Cl)C(=O)*)Cl)cc1Cl,367.0
*c1cc2c(C(=O)N(C2=O)c2cc(cc(c2)C(=O)O)N2C(=O)c3c(C2=O)cc(cc3)C(=O)*)cc1,294.0
*c1cc2c(C(=O)N(C2=O)c2cc(cc(c2)C(F)(F)F)N2C(=O)c3c(C2=O)cc(cc3)C(=O)*)cc1,276.75
*c1cc2c(C(=O)N(C2=O)c2ccc(cc2)Oc2cc3c(cc2)ccc(c3)Oc2ccc(cc2)N2C(=O)c3c(C2=O)cc(cc3)C(=O)Nc2cc(ccc2)NC(=O)*)cc1,286.0
*c1cc2c(C(=O)N(C2=O)c2ccc(cc2)Oc2cc3c(cc2)ccc(c3)Oc2ccc(cc2)N2C(=O)c3c(C2=O)cc(cc3)C(=O)Nc2cc(ccc2)Oc2ccc(cc2)NC(=O)*)cc1,263.0
*c1cc2c(C(=O)N(C2=O)c2ccc(cc2)Oc2cc3c(cc2)ccc(c3)Oc2ccc(cc2)N2C(=O)c3c(C2=O)cc(cc3)C(=O)Nc2ccc(cc2)Cc2ccc(cc2)NC(=O)*)cc1,273.0
*c1cc2c(C(=O)N(C2=O)c2ccc(cc2)Oc2cc3c(cc2)ccc(c3)Oc2ccc(cc2)N2C(=O)c3c(C2=O)cc(cc3)C(=O)Nc2ccc(cc2)C(c2ccc(cc2)NC(=O)*)(C(F)(F)F)C(F)(F)F)cc1,292.0
*c1cc2c(C(=O)N(C2=O)c2ccc(cc2)Oc2cc3c(cc2)ccc(c3)Oc2ccc(cc2)N2C(=O)c3c(C2=O)cc(cc3)C(=O)Nc2ccc(cc2)Oc2ccc(cc2)C(c2ccc(cc2)Oc2ccc(cc2)NC(=O)*)(C(F)(F)F)C(F)(F)F)cc1,250.0
*c1cc2c(C(=O)N(C2=O)c2ccc(cc2)Oc2cc3c(cc2)ccc(c3)Oc2ccc(cc2)N2C(=O)c3c(C2=O)cc(cc3)C(=O)Nc2ccc(cc2)Oc2ccc(cc2)C(c2ccc(cc2)Oc2ccc(cc2)NC(=O)*)(C)C)cc1,250.0
*c1cc2c(C(=O)N(C2=O)c2ccc(cc2)Oc2cc3c(cc2)ccc(c3)Oc2ccc(cc2)N2C(=O)c3c(C2=O)cc(cc3)C(=O)Nc2ccc(cc2)Oc2ccc(cc2)S(=O)(=O)c2ccc(cc2)Oc2ccc(cc2)NC(=O)*)cc1,274.0
*N1C(=O)c2c(C1=O)cc(cc2)c1cc2c(C(=O)N(C2=O)c2ccc(cc2)S(=O)(=O)c2ccc(cc2)*)cc1,350.0
*c1cc2c(C(=O)N(C2=O)c2ccc(cc2)C2(c3ccccc3c3ccccc23)c2ccc(cc2)N2C(=O)c3c(C2=O)cc(cc3)C(=O)*)cc1,368.2
*N1C(=O)c2c(C1=O)cc(cc2)C(c1cc2c(C(=O)N(C2=O)CCCCCC*)cc1)(C(F)(F)F)C(F)(F)F,143.67
*c1cc2c(C(=O)N(C2=O)c2c(cc(cc2)Cc2cc(c(cc2)N2C(=O)c3c(C2=O)cc(cc3)C(*)(C(F)(F)F)C(F)(F)F)C(C)(C)C)C(C)(C)C)cc1,274.0
*c1cc2c(C(=O)N(C2=O)c2c(cc(cc2C)Cc2cc(c(c(c2)C)N2C(=O)c3c(C2=O)cc(cc3)C(*)(C(F)(F)F)C(F)(F)F)C)C)cc1,307.5
*c1cc2c(C(=O)N(C2=O)c2c(cc(cc2CC)Cc2cc(c(c(c2)CC)N2C(=O)c3c(C2=O)cc(cc3)C(*)(C(F)(F)F)C(F)(F)F)CC)CC)cc1,266.0
*c1cc2c(C(=O)N(C2=O)c2c(cc(cc2C)Cc2cc(c(c(c2)C(C)C)N2C(=O)c3c(C2=O)cc(cc3)C(*)(C(F)(F)F)C(F)(F)F)C)C(C)C)cc1,276.0
*c1cc2c(C(=O)N(C2=O)c2ccc(cc2)C(c2ccc(cc2)N2C(=O)c3c(C2=O)cc(cc3)C(*)(C(F)(F)F)C(F)(F)F)(c2ccccc2)C(F)(F)F)cc1,305.0
*c1cc2c(C(=O)N(C2=O)c2c(cc(cc2C)C(c2cc(c(c(c2)C(C)C)N2C(=O)c3c(C2=O)cc(cc3)C(*)(C(F)(F)F)C(F)(F)F)C)(c2ccccc2)C(F)(F)F)C(C)C)cc1,289.0
*c1cc2c(C(=O)N(C2=O)c2c(cc(cc2C(C)C)C(c2cc(c(c(c2)C(C)C)N2C(=O)c3c(C2=O)cc(cc3)C(*)(C(F)(F)F)C(F)(F)F)C(C)C)(c2ccccc2)C(F)(F)F)C(C)C)cc1,274.0
*c1cc2c(C(=O)N(C2=O)c2ccc(cc2)C2(c3ccccc3c3ccccc23)c2ccc(cc2)N2C(=O)c3c(C2=O)cc(cc3)C(*)(C(F)(F)F)C(F)(F)F)cc1,364.6
*c1cc2c(C(=O)N(C2=O)c2c(cc(cc2)C2(c3ccccc3c3ccccc23)c2cc(c(cc2)N2C(=O)c3c(C2=O)cc(cc3)C(*)(C(F)(F)F)C(F)(F)F)F)F)cc1,352.0
*c1cc2c(C(=O)N(C2=O)c2c(cc(cc2)C2(c3ccccc3c3ccccc23)c2cc(c(cc2)N2C(=O)c3c(C2=O)cc(cc3)C(*)(C(F)(F)F)C(F)(F)F)C(C)C)C(C)C)cc1,299.0
*c1cc2c(C(=O)N(C2=O)c2c(cc(cc2C)C2(c3ccccc3c3ccccc23)c2cc(c(c(c2)C)N2C(=O)c3c(C2=O)cc(cc3)C(*)(C(F)(F)F)C(F)(F)F)C)C)cc1,361.0
*c1cc2c(C(=O)N(C2=O)c2c(cc(cc2C)C2(c3ccccc3c3ccccc23)c2cc(c(c(c2)C(C)C)N2C(=O)c3c(C2=O)cc(cc3)C(*)(C(F)(F)F)C(F)(F)F)C)C(C)C)cc1,335.0
*c1cc2c(C(=O)N(C2=O)c2c(cc(cc2)c2cc(c(cc2)N2C(=O)c3c(C2=O)cc(cc3)C(*)(C(F)(F)F)C(F)(F)F)C)C)cc1,352.0
*c1cc2c(C(=O)N(C2=O)c2c(cc(cc2C)c2cc(c(c(c2)C)N2C(=O)c3c(C2=O)cc(cc3)C(*)(C(F)(F)F)C(F)(F)F)C)C)cc1,357.0
*c1cc2c(C(=O)N(C2=O)c2c(cc(cc2C(C)C)Cc2cc(c(c(c2)C(C)C)N2C(=O)c3c(C2=O)cc(cc3)C(*)(C(F)(F)F)C(F)(F)F)C(C)C)C(C)C)cc1,278.5
*N1C(=O)c2c(C1=O)cc(cc2)C(=O)Nc1ccc(cc1)S(=O)(=O)c1ccc(cc1)NC(=O)c1cc2c(C(=O)N(C2=O)CCCCCC*)cc1,198.0
*N1C(=O)c2c(C1=O)cc(cc2)C(=O)Nc1cc(ccc1)S(=O)(=O)c1ccc(cc1)NC(=O)c1cc2c(C(=O)N(C2=O)CCCCCC*)cc1,190.0
*c1cc2c(C(=O)N(C2=O)c2ccc(cc2)OCCOCCOCCOCCOc2ccc(cc2)N2C(=O)c3c(C2=O)cc(cc3)C(*)(C(F)(F)F)C(F)(F)F)cc1,140.0
*c1cc2c(C(=O)N(C2=O)c2ccc(cc2)Oc2cc3c(cc2)ccc(c3)Oc2ccc(cc2)N2C(=O)c3c(C2=O)cc(cc3)C(=O)Nc2ccc(cc2)c2sc(c(c2c2ccccc2)c2ccccc2)c2ccc(cc2)NC(=O)*)cc1,311.0
*c1cc2c(C(=O)N(C2=O)c2c(ccc(c2)N2C(=O)c3c(C2=O)cc(cc3)C(*)(C(F)(F)F)C(F)(F)F)C)cc1,307.0
*c1cc2c(C(=O)N(C2=O)c2cc(cc(c2)C(F)(F)F)N2C(=O)c3c(C2=O)cc(cc3)C(*)(C(F)(F)F)C(F)(F)F)cc1,284.0
*c1cc2c(C(=O)N(C2=O)c2ccc(cc2)S(=O)(=O)c2ccc(cc2)N2C(=O)c3c(C2=O)cc(cc3)C(*)(C(F)(F)F)C(F)(F)F)cc1,330.67
*c1c2C(=O)N(C(=O)c2c(c2ccccc12)c1ccc(cc1)Oc1ccc(cc1)C(=O)c1ccc(cc1)Oc1ccc(cc1)*)C,283.0
*c1c2C(=O)N(C(=O)c2c(c2ccccc12)c1ccc(cc1)Oc1ccc(cc1)C(=O)c1ccc(cc1)Oc1ccc(cc1)*)CCCCCCCCCCCC,147.0
*c1c2C(=O)N(C(=O)c2c(c2ccccc12)c1ccc(cc1)Oc1ccc(cc1)C(=O)c1ccc(cc1)Oc1ccc(cc1)*)c1ccccc1,273.5
*c1c2C(=O)N(C(=O)c2c(c2ccccc12)c1ccc(cc1)Oc1ccc(cc1)C(=O)c1ccc(cc1)Oc1ccc(cc1)*)c1ccc(cc1)Cl,272.0
*c1c2C(=O)N(C(=O)c2c(c2ccccc12)c1ccc(cc1)Oc1ccc(cc1)C(=O)c1ccc(cc1)Oc1ccc(cc1)*)c1ccc(cc1)F,290.0
*c1c2C(=O)N(C(=O)c2c(c2ccccc12)c1ccc(cc1)Oc1ccc(cc1)C(=O)c1ccc(cc1)Oc1ccc(cc1)*)c1cc(ccc1)C(F)(F)F,252.0
*c1c2C(=O)N(C(=O)c2c(c2ccccc12)c1ccc(cc1)Oc1ccc(cc1)C(=O)c1ccc(cc1)Oc1ccc(cc1)*)c1ccc(cc1)C(F)(F)F,260.0
*c1c2C(=O)N(C(=O)c2c(c2ccccc12)c1ccc(cc1)Oc1ccc(cc1)C(=O)c1ccc(cc1)Oc1ccc(cc1)*)c1c(cccc1)F,282.0
*c1c2C(=O)N(C(=O)c2c(c2ccccc12)c1ccc(cc1)Oc1ccc(cc1)C(=O)c1ccc(cc1)Oc1ccc(cc1)*)c1c(cccc1)C(F)(F)F,260.0
*c1c2C(=O)N(C(=O)c2c(c2ccccc12)c1ccc(cc1)Oc1ccc(cc1)C(=O)c1ccc(cc1)Oc1ccc(cc1)*)c1c(cccc1)c1ccccc1,245.0
*c1c2C(=O)N(C(=O)c2c(c2ccccc12)c1ccc(cc1)Oc1ccc(cc1)S(=O)(=O)c1ccc(cc1)Oc1ccc(cc1)*)C,314.0
*c1c2C(=O)N(C(=O)c2c(c2ccccc12)c1ccc(cc1)Oc1ccc(cc1)S(=O)(=O)c1ccc(cc1)Oc1ccc(cc1)*)CCCCCCCCCCCC,167.0
*c1c2C(=O)N(C(=O)c2c(c2ccccc12)c1ccc(cc1)Oc1ccc(cc1)S(=O)(=O)c1ccc(cc1)Oc1ccc(cc1)*)c1ccccc1,305.0
*c1c2C(=O)N(C(=O)c2c(c2ccccc12)c1ccc(cc1)Oc1ccc(cc1)S(=O)(=O)c1ccc(cc1)Oc1ccc(cc1)*)c1ccc(cc1)Cl,280.0
*c1c2C(=O)N(C(=O)c2c(c2ccccc12)c1ccc(cc1)Oc1ccc(cc1)S(=O)(=O)c1ccc(cc1)Oc1ccc(cc1)*)c1ccc(cc1)F,300.0
*c1c2C(=O)N(C(=O)c2c(c2ccccc12)c1ccc(cc1)Oc1ccc(cc1)S(=O)(=O)c1ccc(cc1)Oc1ccc(cc1)*)c1cc(ccc1)C(F)(F)F,280.5
*c1c2C(=O)N(C(=O)c2c(c2ccccc12)c1ccc(cc1)Oc1ccc(cc1)S(=O)(=O)c1ccc(cc1)Oc1ccc(cc1)*)c1ccc(cc1)C(F)(F)F,290.0
*c1c2C(=O)N(C(=O)c2c(c2ccccc12)c1ccc(cc1)Oc1ccc(cc1)S(=O)(=O)c1ccc(cc1)Oc1ccc(cc1)*)c1c(cccc1)C(F)(F)F,290.0
*c1c2C(=O)N(C(=O)c2c(c2ccccc12)c1ccc(cc1)Oc1ccc(cc1)S(=O)(=O)c1ccc(cc1)Oc1ccc(cc1)*)c1c(cccc1)c1ccccc1,278.0
*c1c2C(=O)N(C(=O)c2c(c2ccccc12)c1ccc(cc1)Oc1ccc(cc1)C(=O)c1cc(ccc1)C(=O)c1ccc(cc1)Oc1ccc(cc1)*)C,251.0
*c1c2C(=O)N(C(=O)c2c(c2ccccc12)c1ccc(cc1)Oc1ccc(cc1)C(=O)c1cc(ccc1)C(=O)c1ccc(cc1)Oc1ccc(cc1)*)CCCCCCCCCCCC,140.0
*c1c2C(=O)N(C(=O)c2c(c2ccccc12)c1ccc(cc1)Oc1ccc(cc1)C(=O)c1cc(ccc1)C(=O)c1ccc(cc1)Oc1ccc(cc1)*)c1ccc(cc1)F,243.0
*N1C(=O)c2c(C1=O)cc(cc2)c1cc2c(C(=O)N(C2=O)C2CCC(CC2)*)cc1,360.0
*C1C(=O)N(C(=O)C1C(C*)c1ccccc1)c1ccccc1,221.0
*C1(C(=O)N(C(=O)C(C1)(*)C)C)C,170.0
*c1cc2c(C(=O)N(C2=O)c2c(cc(cc2)c2cc(c(cc2)N2C(=O)c3c(C2=O)cc(cc3)C(*)(C(F)(F)F)C(F)(F)F)O)O)cc1,360.0
*N1C(=O)c2c(C1=O)cc(cc2)c1cc2c(C(=O)N(C2=O)c2c(cc(cc2C)c2cc(c(c(c2)C)*)C)C)cc1,285.0
*N1C(=O)c2c(C1=O)cc(cc2)c1cc2c(C(=O)N(C2=O)c2cc(c(c(c2)C)c2c(cc(cc2C)*)C)C)cc1,280.0
*c1cc2c(C(=O)N(C2=O)c2cc(c(c(c2)C)c2c(cc(cc2C)N2C(=O)c3c(C2=O)cc(cc3)C(*)(C(F)(F)F)C(F)(F)F)C)C)cc1,346.0
*c1cc2c(C(=O)N(C2=O)c2c(cc(cc2)C(c2cc(c(cc2)C)N2C(=O)c3c(C2=O)cc(cc3)C(*)(C(F)(F)F)C(F)(F)F)(C(F)(F)F)C(F)(F)F)C)cc1,266.0
*N1C(=O)C(=C(C1=O)c1ccccc1)c1ccc(cc1)C1=C(C(=O)N(C1=O)c1ccc(cc1)C1(c2ccccc2c2ccccc12)c1ccc(cc1)*)c1ccccc1,325.67
*C1C(=O)N(C(=O)C1*)C(CC)C,205.0
*N1C(=O)c2c(C1=O)cc(cc2)c1ccc(cc1)c1cc2c(C(=O)N(C2=O)CCCCCC*)cc1,141.0
*N1C(=O)c2c(C1=O)cc(cc2)c1ccc(cc1)c1cc2c(C(=O)N(C2=O)CCCCCCC*)cc1,135.0
*N1C(=O)c2c(C1=O)cc(cc2)c1ccc(cc1)c1cc2c(C(=O)N(C2=O)CCCCCCCC*)cc1,120.0
*N1C(=O)c2c(C1=O)cc(cc2)c1ccc(cc1)c1cc2c(C(=O)N(C2=O)CCCCCCCCC*)cc1,104.0
*N1C(=O)c2c(C1=O)cc(cc2)c1ccc(cc1)c1cc2c(C(=O)N(C2=O)CCCCCCCCCC*)cc1,103.0
*N1C(=O)c2c(C1=O)cc(cc2)c1ccc(cc1)c1cc2c(C(=O)N(C2=O)CCCCCCCCCCC*)cc1,89.0
*N1C(=O)c2c(C1=O)cc(cc2)c1ccc(cc1)c1cc2c(C(=O)N(C2=O)CCCCCCCCCCCC*)cc1,86.0
*C1C(=O)N(C(=O)C1C(C*)c1ccccc1)c1ccc(cc1)NC(=O)OCC1N(CCC1)c1ccc(cc1)[N+](=O)[O-],208.0
*N1C(=O)c2c(C1=O)cc(cc2)Oc1ccc(cc1)Oc1cc2c(C(=O)N(C2=O)c2ccc(cc2)c2ccc(cc2)*)cc1,266.0
*N1C(=O)c2c(C1=O)cc(cc2)Oc1ccc(cc1)Oc1cc2c(C(=O)N(C2=O)c2c(cc(cc2)c2cc(c(cc2)*)OC)OC)cc1,274.0
*N1C(=O)c2c(C1=O)cc(cc2)Oc1ccc(cc1)Oc1cc2c(C(=O)N(C2=O)c2ccc(cc2)C(=O)c2ccc(cc2)*)cc1,268.0
*N1C(=O)c2c(C1=O)cc(cc2)Oc1ccc(cc1)Oc1cc2c(C(=O)N(C2=O)c2ccc(cc2)Cc2ccc(cc2)*)cc1,257.33
*N1C(=O)c2c(C1=O)cc(cc2)Oc1ccc(cc1)Oc1cc2c(C(=O)N(C2=O)c2ccc(cc2)S(=O)(=O)c2ccc(cc2)*)cc1,283.0
*N1C(=O)c2c(C1=O)cc(cc2)Oc1ccc(cc1)Oc1cc2c(C(=O)N(C2=O)c2ccc(cc2)C(c2ccc(cc2)*)(C)C)cc1,264.0
*N1C(=O)c2c(C1=O)cc(cc2)Oc1ccc(cc1)Oc1cc2c(C(=O)N(C2=O)c2c(cc(cc2)Cc2cc(c(cc2)*)OC)OC)cc1,269.0
*N1C(=O)c2c(C1=O)cc(cc2)Oc1cc2c(C(=O)N(C2=O)c2cc(c(cc2)c2c(cc(cc2)*)C(F)(F)F)C(F)(F)F)cc1,275.0
*c1cc2c(C(=O)N(C2=O)c2cc(ccc2)Oc2ccc(cc2)C(c2ccc(cc2)Oc2cc(ccc2)N2C(=O)c3c(C2=O)cc(cc3)C(*)(C(F)(F)F)C(F)(F)F)(C(F)(F)F)C(F)(F)F)cc1,224.0
*N1C(=O)c2c(C1=O)cc(cc2)S(=O)(=O)c1cc2c(C(=O)N(C2=O)CCCCCCOC(=O)CCCCCCC(=O)OCCCCCC*)cc1,46.0
*N1C(=O)c2c(C1=O)cc(cc2)S(=O)(=O)c1cc2c(C(=O)N(C2=O)CCCCCCOC(=O)CCCCCCCCC(=O)OCCCCCC*)cc1,72.0
*N1C(=O)c2c(C1=O)cc(cc2)S(=O)(=O)c1cc2c(C(=O)N(C2=O)CCCCCCOC(=O)CCCCCCCCCCCCCCCCCCC(=O)OCCCCCC*)cc1,19.0
*c1cc2c(C(=O)N(C2=O)c2ccc(cc2)Oc2ccc(cc2)c2ccc(cc2)Oc2ccc(cc2)N2C(=O)c3c(C2=O)cc(cc3)C(*)(C(F)(F)F)C(F)(F)F)cc1,288.0
*N1C(=O)c2c(C1=O)cc(cc2)S(=O)(=O)c1cc2c(C(=O)N(C2=O)c2ccc(cc2)C2(c3ccccc3c3ccccc23)c2ccc(cc2)*)cc1,392.0
*N1C(=O)C(=C(C1=O)c1ccccc1)c1ccc(cc1)C1=C(C(=O)N(C1=O)c1ccc(cc1)Oc1ccc(cc1)Oc1ccc(cc1)*)c1ccccc1,249.0
*N1C(=O)C(=C(C1=O)c1ccccc1)c1ccc(cc1)C1=C(C(=O)N(C1=O)c1ccc(cc1)Oc1ccc(cc1)c1ccc(cc1)Oc1ccc(cc1)*)c1ccccc1,257.67
*N1C(=O)C(=C(C1=O)c1ccccc1)c1ccc(cc1)C1=C(C(=O)N(C1=O)c1ccc(cc1)Oc1ccc(cc1)*)c1ccccc1,275.0
*c1cc2c(C(=O)N(C2=O)c2ccc(cc2)OCCCCOc2ccc(cc2)N2C(=O)c3c(C2=O)cc(cc3)C(*)(C(F)(F)F)C(F)(F)F)cc1,169.0
*c1cc2c(C(=O)N(C2=O)c2ccc(cc2)OCCCCCCOc2ccc(cc2)N2C(=O)c3c(C2=O)cc(cc3)C(*)(C(F)(F)F)C(F)(F)F)cc1,167.0
*c1cc2c(C(=O)N(C2=O)c2ccc(cc2)OCCCCCCCCCCOc2ccc(cc2)N2C(=O)c3c(C2=O)cc(cc3)C(*)(C(F)(F)F)C(F)(F)F)cc1,143.0
*N1C(=O)c2c(C1=O)cc(cc2)Sc1cc2c(C(=O)N(C2=O)c2ccc(cc2)Oc2ccc(cc2)*)cc1,258.0
*N1C(=O)c2c(C1=O)cc(cc2)S(=O)(=O)c1cc2c(C(=O)N(C2=O)c2ccc(cc2)Oc2ccc(cc2)*)cc1,283.5
*N1C(=O)c2c(C1=O)cc(cc2)[Si](c1cc2c(C(=O)N(C2=O)c2ccc(cc2)Oc2ccc(cc2)*)cc1)(C)C,202.0
*N1C(=O)c2c(C1=O)cc(cc2)Sc1cc2c(C(=O)N(C2=O)c2ccc(cc2)Cc2ccc(cc2)*)cc1,265.0
*N1C(=O)c2c(C1=O)cc(cc2)S(=O)(=O)c1cc2c(C(=O)N(C2=O)c2ccc(cc2)Cc2ccc(cc2)*)cc1,314.0
*N1C(=O)c2c(C1=O)cc(cc2)Oc1ccc(cc1)C(c1ccc(cc1)Oc1cc2c(C(=O)N(C2=O)c2ccc(cc2)Cc2ccc(cc2)*)cc1)(C)C,217.0
*c1cc2c(C(=O)N(C2=O)c2ccc(cc2)Oc2ccc(cc2)C(c2ccc(cc2)Oc2ccc(cc2)N2C(=O)c3c(C2=O)cc(cc3)C(*)(C(F)(F)F)C(F)(F)F)(C)C)cc1,244.4
*c1cc2c(C(=O)N(C2=O)c2ccc(cc2)Oc2ccc(cc2)S(=O)(=O)c2ccc(cc2)Oc2ccc(cc2)N2C(=O)c3c(C2=O)cc(cc3)C(*)(C(F)(F)F)C(F)(F)F)cc1,276.04
*c1cc2c(C(=O)N(C2=O)c2cc(ccc2)Oc2ccc(cc2)S(=O)(=O)c2ccc(cc2)Oc2cc(ccc2)N2C(=O)c3c(C2=O)cc(cc3)C(*)(C(F)(F)F)C(F)(F)F)cc1,209.5
*N1C(=O)c2c(C1=O)cc(cc2)Oc1cc2c(C(=O)N(C2=O)c2ccc(cc2)C(c2ccc(cc2)*)(C)C)cc1,265.0
*N1C(=O)c2c(C1=O)cc(cc2)S(=O)(=O)c1cc2c(C(=O)N(C2=O)c2ccc(cc2)Oc2ccc(cc2)S(=O)(=O)c2ccc(cc2)Oc2ccc(cc2)*)cc1,274.0
*N1C(=O)c2c(C1=O)cc(cc2)Oc1cc2c(C(CC32CC(c2ccc(cc32)Oc2cc3c(C(=O)N(C3=O)c3cc(ccc3)*)cc2)(C)C)(C)C)cc1,253.0
*c1cc2c(C(=O)N(C2=O)c2cc(ccc2)OP(=O)(Oc2cc(ccc2)N2C(=O)c3c(C2=O)cc(cc3)C(=O)*)c2ccccc2)cc1,176.5
*c1cc2c(C(=O)N(C2=O)c2ccc(cc2)c2sc(c(c2c2ccccc2)c2ccccc2)c2ccc(cc2)N2C(=O)c3c(C2=O)cc(cc3)C(=O)Nc2ccc(cc2)Oc2ccc(cc2)NC(=O)*)cc1,320.0
*c1cc2c(C(=O)N(C2=O)c2ccc(cc2)c2sc(c(c2c2ccccc2)c2ccccc2)c2ccc(cc2)N2C(=O)c3c(C2=O)cc(cc3)C(=O)Nc2cc(ccc2)Oc2ccc(cc2)NC(=O)*)cc1,315.0
*c1cc2c(C(=O)N(C2=O)c2ccc(cc2)c2sc(c(c2c2ccccc2)c2ccccc2)c2ccc(cc2)N2C(=O)c3c(C2=O)cc(cc3)C(=O)Nc2ccc(cc2)Cc2ccc(cc2)NC(=O)*)cc1,253.0
*c1cc2c(C(=O)N(C2=O)c2ccc(cc2)c2sc(c(c2c2ccccc2)c2ccccc2)c2ccc(cc2)N2C(=O)c3c(C2=O)cc(cc3)C(=O)Nc2cc(ccc2)C(=O)c2cc(ccc2)NC(=O)*)cc1,308.0
*c1cc2c(C(=O)N(C2=O)c2ccc(cc2)c2sc(c(c2c2ccccc2)c2ccccc2)c2ccc(cc2)N2C(=O)c3c(C2=O)cc(cc3)C(=O)Nc2ccc(cc2)S(=O)(=O)c2ccc(cc2)NC(=O)*)cc1,340.0
*c1cc2c(C(=O)N(C2=O)c2ccc(cc2)c2sc(c(c2c2ccccc2)c2ccccc2)c2ccc(cc2)N2C(=O)c3c(C2=O)cc(cc3)C(=O)Nc2cc(ccc2)S(=O)(=O)c2cc(ccc2)NC(=O)*)cc1,320.0
*c1cc2c(C(=O)N(C2=O)c2ccc(cc2)c2sc(c(c2c2ccccc2)c2ccccc2)c2ccc(cc2)N2C(=O)c3c(C2=O)cc(cc3)C(=O)Nc2ccc(cc2)NC(=O)*)cc1,333.0
*c1cc2c(C(=O)N(C2=O)c2ccc(cc2)c2sc(c(c2c2ccccc2)c2ccccc2)c2ccc(cc2)N2C(=O)c3c(C2=O)cc(cc3)C(=O)Nc2cc(ccc2)NC(=O)*)cc1,334.0
*c1cc2c(C(=O)N(C2=O)c2ccc(cc2)c2sc(c(c2c2ccccc2)c2ccccc2)c2ccc(cc2)N2C(=O)c3c(C2=O)cc(cc3)C(=O)Nc2ccc(cc2)Oc2ccc(cc2)Oc2ccc(cc2)NC(=O)*)cc1,303.0
*c1cc2c(C(=O)N(C2=O)c2ccc(cc2)c2sc(c(c2c2ccccc2)c2ccccc2)c2ccc(cc2)N2C(=O)c3c(C2=O)cc(cc3)C(=O)Nc2ccc(cc2)Oc2ccc(cc2)C(c2ccc(cc2)Oc2ccc(cc2)NC(=O)*)(C)C)cc1,287.0
*c1cc2c(C(=O)N(C2=O)c2ccc(cc2)c2sc(c(c2c2ccccc2)c2ccccc2)c2ccc(cc2)N2C(=O)c3c(C2=O)cc(cc3)C(=O)Nc2ccc(cc2)c2sc(c(c2c2ccccc2)c2ccccc2)c2ccc(cc2)NC(=O)*)cc1,338.0
*N1C(=O)c2c(C1=O)cc(cc2)S(=O)(=O)c1cc2c(C(=O)N(C2=O)c2cc(c(cc2)c2c(cc(cc2)*)C(F)(F)F)C(F)(F)F)cc1,320.0
*N1C(=O)c2c(C1=O)cc(cc2)S(=O)(=O)c1cc2c(C(=O)N(C2=O)c2c(cc(cc2C)c2cc(c(c(c2)C)*)C)C)cc1,290.0
*c1cc2c(C(=O)N(C2=O)c2c(cc(cc2C)c2cc(c(c(c2)C)N2C(=O)c3c(C2=O)cc(cc3)C(=O)*)C)C)cc1,310.0
*c1cc2c(C(=O)N(C2=O)c2c(ccc(c2)N2C(=O)c3c(C2=O)cc(cc3)C(=O)*)Cl)cc1,305.0
*c1cc2c(C(=O)N(C2=O)c2c(cc(c(c2)N2C(=O)c3c(C2=O)cc(cc3)C(=O)*)C)C)cc1,305.0
*N1C(=O)c2c(C1=O)cc(cc2)Oc1cc2c(C(=O)N(C2=O)c2ccc(cc2)S(=O)(=O)c2ccc(cc2)*)cc1,262.0
*c1cc2c(C(=O)N(C2=O)c2ccc(cc2)Oc2ccc(cc2)N2C(=O)c3c(C2=O)cc(cc3)C(*)O[Si](C)(C)C)cc1,210.0
*c1cc2c(C(=O)N(C2=O)c2ccc(cc2)Oc2ccc(cc2)N2C(=O)c3c(C2=O)cc(cc3)C(*)O[Si](O[Si](O[Si](C)(C)C)(C)C)(C)C)cc1,167.0
*c1cc2c(C(=O)N(C2=O)c2cc(ccc2)C(c2cc(ccc2)N2C(=O)c3c(C2=O)cc(cc3)C(=O)*)O[Si](O[Si](O[Si](C)(C)C)(C)C)(C)C)cc1,273.0
*c1cc2c(C(=O)N(C2=O)c2cc(ccc2)C(c2cc(ccc2)N2C(=O)c3c(C2=O)cc(cc3)C(*)(C(F)(F)F)C(F)(F)F)O)cc1,236.5
*c1cc2c(C(=O)N(C2=O)c2cc(ccc2)C(c2cc(ccc2)N2C(=O)c3c(C2=O)cc(cc3)C(*)(C(F)(F)F)C(F)(F)F)O[Si](O[Si](O[Si](C)(C)C)(C)C)(C)C)cc1,236.5
*N1C(=O)c2c(C1=O)cc(cc2)Oc1cc2c(C(=O)N(C2=O)c2cc(ccc2)C(c2cc(ccc2)*)O)cc1,252.0
*N1C(=O)c2c(C1=O)cc(cc2)Oc1cc2c(C(=O)N(C2=O)c2cc(ccc2)C(c2cc(ccc2)*)O[Si](O[Si](O[Si](C)(C)C)(C)C)(C)C)cc1,219.0
*N1C(=O)c2c(C1=O)cc(cc2)c1ccc(cc1)C(=O)c1cc2c(C(=O)N(C2=O)C(=C(*)C#N)C#N)cc1,249.0
*N1C(=O)c2c(C1=O)cc(cc2)C(=O)Oc1ccc(cc1)OC(=O)c1cc2c(C(=O)N(C2=O)CCOCCOCC*)cc1,105.0
*N1C(=O)c2c(C1=O)cc(cc2)C(=O)Oc1cc2c(cc1)cc(cc2)OC(=O)c1cc2c(C(=O)N(C2=O)CCOCCOCC*)cc1,105.0
*N1C(=O)c2c(C1=O)cc(cc2)C(=O)Oc1ccc(cc1)c1ccc(cc1)OC(=O)c1cc2c(C(=O)N(C2=O)CCOCCOCC*)cc1,109.0
*N1C(=O)c2c(C1=O)cc(cc2)C(=O)Oc1ccc(cc1)C(c1ccc(cc1)OC(=O)c1cc2c(C(=O)N(C2=O)CCOCCOCC*)cc1)(C)C,118.0
*N1C(=O)c2c(C1=O)cc(cc2)C(=O)Oc1c(cc(cc1)OC(=O)c1cc2c(C(=O)N(C2=O)CCOCCOCC*)cc1)c1ccccc1,105.0
*N1C(=O)c2c(C1=O)cc(cc2)C(=O)Oc1ccc(cc1)OC(=O)c1cc2c(C(=O)N(C2=O)CCCOCCCCOCCC*)cc1,56.0
*N1C(=O)c2c(C1=O)cc(cc2)C(=O)Oc1cc2c(cc1)cc(cc2)OC(=O)c1cc2c(C(=O)N(C2=O)CCCOCCCCOCCC*)cc1,68.0
*N1C(=O)c2c(C1=O)cc(cc2)C(=O)Oc1ccc(cc1)c1ccc(cc1)OC(=O)c1cc2c(C(=O)N(C2=O)CCCOCCCCOCCC*)cc1,70.0
*N1C(=O)c2c(C1=O)cc(cc2)C(=O)Oc1ccc(cc1)C(c1ccc(cc1)OC(=O)c1cc2c(C(=O)N(C2=O)CCCOCCCCOCCC*)cc1)(C)C,60.0
*N1C(=O)c2c(C1=O)cc(cc2)C(=O)Oc1c(cc(cc1)OC(=O)c1cc2c(C(=O)N(C2=O)CCCOCCCCOCCC*)cc1)c1ccccc1,71.0
*c1cc2c(C(=O)N(C2=O)c2ccc(cc2)Cc2ccc(cc2)Cc2ccc(cc2)Cc2ccc(cc2)N2C(=O)c3c(C2=O)cc(cc3)C(=O)*)cc1,302.0
*c1cc2c(C(=O)N(C2=O)c2ccc(cc2)Cc2ccc(cc2)Cc2ccc(cc2)N2C(=O)c3c(C2=O)cc(cc3)C(=O)*)cc1,341.0
*c1cc2c(C(=O)N(C2=O)c2cc(ccc2)Cc2ccc(cc2)Cc2ccc(cc2)N2C(=O)c3c(C2=O)cc(cc3)C(=O)*)cc1,317.0
*N1C(=O)C(=C(C1=O)Cl)Oc1ccc(cc1)C(c1ccc(cc1)OC1=C(C(=O)N(C1=O)c1ccc(cc1)Cc1ccc(cc1)*)Cl)(C(F)(F)F)C(F)(F)F,189.0
*N1C(=O)C(=C(C1=O)Cl)Oc1ccc(cc1)C(c1ccc(cc1)OC1=C(C(=O)N(C1=O)c1ccc(cc1)Oc1ccc(cc1)*)Cl)(C(F)(F)F)C(F)(F)F,193.0
*N1C(=O)C(=C(C1=O)Cl)Oc1ccc(cc1)C(c1ccc(cc1)OC1=C(C(=O)N(C1=O)c1ccc(cc1)Cc1ccc(cc1)*)Cl)(C)C,172.0
*N1C(=O)C(=C(C1=O)Cl)Oc1ccc(cc1)C(c1ccc(cc1)OC1=C(C(=O)N(C1=O)c1ccc(cc1)Oc1ccc(cc1)*)Cl)(C)C,175.0
*c1cc2c(C(=O)N(C2=O)c2cc(c(cc2)C=Cc2c(cc(cc2)N2C(=O)c3c(C2=O)cc(cc3)C(=O)*)S(=O)(=O)O[Na])S(=O)(=O)O[Na])cc1,229.0
*c1cc2c(C(=O)N(C2=O)c2c(cc(cc2)N2C(=O)c3c(C2=O)cc(cc3)C(=O)*)S(=O)(=O)O[Na])cc1,214.0
*c1cc2c(C(=O)N(C2=O)c2ccc(cc2)Oc2ccc(cc2)C(c2cc(ccc2)C(c2ccc(cc2)Oc2ccc(cc2)NC(=O)*)(C)C)(C)C)cc1,177.0
*N1C(=O)c2c(C1=O)cc(cc2)c1cc2c(C(=O)N(C2=O)CCCCCCOC(=O)c2cc(cc(c2)OCCCCCCOc2ccc(cc2)N=Nc2ccc(cc2)C#N)C(=O)OCCCCCC*)cc1,93.0
*N1C(=O)c2c(C1=O)cc(cc2)c1ccc(cc1)c1cc2c(C(=O)N(C2=O)CCCCCCOC(=O)c2cc(cc(c2)OCCCCCCOc2ccc(cc2)N=Nc2ccc(cc2)C#N)C(=O)OCCCCCC*)cc1,67.0
*N1C(=O)c2c(C1=O)cc(cc2)S(=O)(=O)c1cc2c(C(=O)N(C2=O)CCCCCCOC(=O)c2cc(cc(c2)OCCCCCCOc2ccc(cc2)N=Nc2ccc(cc2)C#N)C(=O)OCCCCCC*)cc1,83.0
*N1C(=O)c2c(C1=O)cc(cc2)Oc1cc2c(C(=O)N(C2=O)CCCCCCOC(=O)c2cc(cc(c2)OCCCCCCOc2ccc(cc2)N=Nc2ccc(cc2)C#N)C(=O)OCCCCCC*)cc1,61.0
*N1C(=O)c2c(C1=O)cc(cc2)S(=O)(=O)c1cc2c(C(=O)N(C2=O)c2c(ccc(c2)*)C)cc1,312.0
*c1cc2c(C(=O)N(C2=O)c2ccc(cc2)Oc2ccc(cc2)Oc2ccc(cc2)NC(=O)*)cc1,250.0
*N1C(=O)c2c(C1=O)cc(cc2)Oc1ccc(cc1)C(=O)Nc1ccc(cc1)Oc1ccc(cc1)*,262.0
*N1C(=O)c2c(C1=O)cc(cc2)Oc1ccc(cc1)C(=O)Nc1ccc(cc1)Cc1ccc(cc1)*,250.0
*N1C(=O)c2c(C1=O)cc(cc2)Oc1ccc(cc1)C(=O)Nc1ccc(cc1)Oc1ccc(cc1)Oc1ccc(cc1)*,242.0
*N1C(=O)c2c(C1=O)c(ccc2)Oc1ccc(cc1)C(=O)Nc1ccc(cc1)Oc1ccc(cc1)*,253.0
*N1C(=O)c2c(C1=O)c(ccc2)Oc1ccc(cc1)C(=O)Nc1ccc(cc1)Cc1ccc(cc1)*,258.0
*N1C(=O)c2c(C1=O)c(ccc2)Oc1ccc(cc1)C(=O)Nc1ccc(cc1)Oc1ccc(cc1)Oc1ccc(cc1)*,244.0
*N1C(=O)c2c(C1=O)cc(cc2)Oc1cc(ccc1)C(=O)Nc1ccc(cc1)Oc1ccc(cc1)*,231.0
*N1C(=O)c2c(C1=O)cc(cc2)Oc1cc(ccc1)C(=O)Nc1ccc(cc1)Cc1ccc(cc1)*,243.0
*N1C(=O)c2c(C1=O)cc(cc2)Oc1cc(ccc1)C(=O)Nc1ccc(cc1)Oc1ccc(cc1)Oc1ccc(cc1)*,213.0
*c1cc2c(C(=O)N(C2=O)c2cc(c(cc2)C(=O)Nc2ccc(cc2)C(c2ccc(cc2)NC(=O)*)(C(F)(F)F)C(F)(F)F)C)cc1,320.0
*c1cc2c(C(=O)N(C2=O)c2cc(ccc2)C(=O)Nc2ccc(cc2)C(c2ccc(cc2)NC(=O)c2cc(ccc2)N2C(=O)c3c(C2=O)cc(cc3)C(*)(C(F)(F)F)C(F)(F)F)(C(F)(F)F)C(F)(F)F)cc1,273.5
*c1cc2c(C(=O)N(C2=O)c2c(ccc(c2)C(=O)Nc2ccc(cc2)C(c2ccc(cc2)NC(=O)c2cc(c(cc2)C)N2C(=O)c3c(C2=O)cc(cc3)C(*)(C(F)(F)F)C(F)(F)F)(C(F)(F)F)C(F)(F)F)C)cc1,293.5
*c1cc2c(C(=O)N(C2=O)c2c(ccc(c2)C(=O)Nc2c(cc(cc2C)c2cc(c(c(c2)C)NC(=O)c2cc(c(cc2)C)N2C(=O)c3c(C2=O)cc(cc3)C(*)(C(F)(F)F)C(F)(F)F)C)C)C)cc1,250.0
*c1cc2c(C(=O)N(C2=O)c2c(ccc(c2)C(=O)Nc2c3c(ccc2)c(ccc3)NC(=O)c2cc(c(cc2)C)N2C(=O)c3c(C2=O)cc(cc3)C(*)(C(F)(F)F)C(F)(F)F)C)cc1,250.0
*c1cc2c(C(=O)N(C2=O)c2c(c(ccc2)C(=O)Nc2ccc(cc2)C(c2ccc(cc2)NC(=O)c2c(c(ccc2)N2C(=O)c3c(C2=O)cc(cc3)C(*)(C(F)(F)F)C(F)(F)F)C)(C(F)(F)F)C(F)(F)F)C)cc1,250.0
*c1cc2c(C(=O)N(C2=O)c2c(cc(c(c2C)N2C(=O)c3c(C2=O)cc(cc3)C(=O)Nc2ccc(cc2)C(c2ccc(cc2)NC(=O)*)(C(F)(F)F)C(F)(F)F)C)C)cc1,250.0
*c1cc2c(C(=O)N(C2=O)c2c(cc(cc2)c2cc(c(cc2)N2C(=O)c3c(C2=O)cc(cc3)C(=O)Nc2ccc(cc2)C(c2ccc(cc2)NC(=O)*)(C(F)(F)F)C(F)(F)F)OC)OC)cc1,250.0
*c1cc2c(C(=O)N(C2=O)c2c(cc(cc2C)c2cc(c(c(c2)C)N2C(=O)c3c(C2=O)cc(cc3)C(=O)Nc2ccc(cc2)C(c2ccc(cc2)NC(=O)*)(C(F)(F)F)C(F)(F)F)C)C)cc1,318.0
*c1cc2c(C(=O)N(C2=O)c2c3c(c(cc2C)c2cc(c(c4c2cccc4)N2C(=O)c4c(C2=O)cc(cc4)C(=O)Nc2ccc(cc2)C(c2ccc(cc2)NC(=O)*)(C(F)(F)F)C(F)(F)F)C)cccc3)cc1,250.0
*c1cc2c(C(=O)N(C2=O)c2c3c(ccc2)c(ccc3)N2C(=O)c3c(C2=O)cc(cc3)C(=O)Nc2ccc(cc2)C(c2ccc(cc2)NC(=O)*)(C(F)(F)F)C(F)(F)F)cc1,250.0
*c1cc2c(C(=O)N(C2=O)c2c3c(ccc2)c(ccc3)N2C(=O)c3c(C2=O)cc(cc3)C(=O)Nc2c(c(cc(c2)C(c2cc(c(c(c2)NC(=O)*)C)C)(C(F)(F)F)C(F)(F)F)C)C)cc1,250.0
*c1cc2c(C(=O)N(C2=O)c2ccc(cc2)Oc2ccc(cc2)N2C(=O)c3c(C2=O)cc(cc3)C(=O)NCCN(CCNC(=O)*)c2ccc(cc2)C=Cc2ccc(cc2)[N+](=O)[O-])cc1,224.0
*c1cc2c(C(=O)N(C2=O)c2cc(ccc2)C(=O)NCCN(CCNC(=O)*)c2ccc(cc2)C=Cc2ccc(cc2)[N+](=O)[O-])cc1,178.0
*N1C(=O)c2c(C1=O)cc(cc2)Oc1ccc(cc1)Oc1ccc(cc1)P(=O)(c1ccc(cc1)Oc1ccc(cc1)Oc1cc2c(C(=O)N(C2=O)c2ccc(cc2)*)cc1)c1ccccc1,220.0
*c1cc2c(C(=O)N(C2=O)c2ccc(cc2)NC(=O)C(C(C(C(C(=O)Nc2ccc(cc2)N2C(=O)c3c(C2=O)cc(cc3)C(*)(C(F)(F)F)C(F)(F)F)(F)F)(F)F)(F)F)(F)F)cc1,285.0
*c1cc2c(C(=O)N(C2=O)c2ccc(cc2)NC(=O)C(C(C(C(C(C(C(=O)Nc2ccc(cc2)N2C(=O)c3c(C2=O)cc(cc3)C(*)(C(F)(F)F)C(F)(F)F)(F)F)(F)F)(F)F)(F)F)(F)F)(F)F)cc1,265.0
*c1cc2c(C(=O)N(C2=O)c2cc(ccc2)NC(=O)C(C(C(C(C(=O)Nc2cc(ccc2)N2C(=O)c3c(C2=O)cc(cc3)C(*)(C(F)(F)F)C(F)(F)F)(F)F)(F)F)(F)F)(F)F)cc1,232.0
*c1cc2c(C(=O)N(C2=O)c2cc(ccc2)NC(=O)C(C(C(C(C(C(C(=O)Nc2cc(ccc2)N2C(=O)c3c(C2=O)cc(cc3)C(*)(C(F)(F)F)C(F)(F)F)(F)F)(F)F)(F)F)(F)F)(F)F)(F)F)cc1,218.0
*N1C(=O)c2c(C1=O)cc(cc2)Oc1ccc(cc1)Oc1cc2c(C(=O)N(C2=O)c2c(c(c(cc2)Cc2c(c(c(cc2)*)C)C)C)C)cc1,277.0
*N1C(=O)c2c(C1=O)cc(cc2)Oc1ccc(cc1)Oc1cc2c(C(=O)N(C2=O)c2c(cc(c(c2)C)Cc2c(cc(c(c2)C)*)C)C)cc1,278.0
*c1cc2c(C(=O)N(C2=O)c2ccc(cc2)S(=O)(=O)c2ccc(cc2)S(=O)(=O)c2ccc(cc2)N2C(=O)c3c(C2=O)cc(cc3)C(*)(C(F)(F)F)C(F)(F)F)cc1,331.0
*c1cc2c(C(=O)N(C2=O)c2ccc(cc2)S(=O)(=O)c2ccc(cc2)S(=O)(=O)c2ccc(cc2)S(=O)(=O)c2ccc(cc2)N2C(=O)c3c(C2=O)cc(cc3)C(*)(C(F)(F)F)C(F)(F)F)cc1,327.0
*N1C(=O)c2c(C1=O)cc(cc2)C(=O)Oc1cc2c(cc1)cc(cc2)OC(=O)c1cc2c(C(=O)N(C2=O)CC(CCC*)C)cc1,130.0
*N1C(=O)c2c(C1=O)cc(cc2)C(=O)Oc1ccc(cc1)c1ccc(cc1)OC(=O)c1cc2c(C(=O)N(C2=O)CC(CCC*)C)cc1,155.0
*c1cc2c(C(=O)N(C2=O)c2cc(c(cc2)Oc2ccc(cc2)N2C(=O)c3c(C2=O)cc(cc3)C(*)(C(F)(F)F)C(F)(F)F)O)cc1,277.33
*N1C(=O)N(C(=O)C1=O)CCCCCC*,55.0
*N1C(=O)N(C(=O)C1=O)c1c(ccc(c1)N1C(=O)N(C(=O)C1=O)CCCCCC*)C,181.5
*N1C(=O)N(C(=O)C1=O)c1ccc(cc1)Oc1ccc(cc1)N1C(=O)N(C(=O)C1=O)CCCCCC*,172.0
*N1C(=O)N(C(=O)C1=O)c1ccc(cc1)Cc1ccc(cc1)N1C(=O)N(C(=O)C1=O)CCCCCC*,158.0
*N1C(=O)N(C(=O)C1=O)c1c(cccc1)CCc1ccc(cc1)N1C(=O)N(C(=O)C1=O)CCCCCC*,137.0
*N1C(=O)N(C(=O)C1=O)c1c(ccc(c1)N1C(=O)N(C(=O)C1=O)c1ccc(cc1)CCc1c(cccc1)*)C,255.0
*N1C(=O)N(C(=O)C1=O)c1ccc(cc1)Oc1ccc(cc1)N1C(=O)N(C(=O)C1=O)c1c(cccc1)CCc1ccc(cc1)*,208.0
*N1C(=O)N(C(=O)C1=O)c1ccc(cc1)Cc1ccc(cc1)N1C(=O)N(C(=O)C1=O)c1c(cccc1)CCc1ccc(cc1)*,198.0
*N1C(=O)N(C(=O)C1=O)c1c(cccc1)CCc1ccc(cc1)N1C(=O)N(C(=O)C1=O)c1ccc(cc1)CCc1ccc(cc1)*,220.0
*N1C(=O)N(C(=O)C1=O)c1ccc(cc1)CCc1ccc(cc1)*,197.0
*c1cc2c(C(=O)N(C2=O)c2ccc(cc2)C2(CC(CC(C2)C)(C)C)c2ccc(cc2)NC(=O)*)cc1,328.0
*c1cc2c(C(=O)N(C2=O)c2ccc(cc2)C2(CCCCC2)c2ccc(cc2)NC(=O)*)cc1,319.0
*c1cc2c(C(=O)N(C2=O)c2ccc(cc2)C2(CCC(CC2)C)c2ccc(cc2)NC(=O)*)cc1,322.0
*c1cc2c(C(=O)N(C2=O)c2ccc(cc2)C2(CCC(CC2)CC)c2ccc(cc2)NC(=O)*)cc1,312.0
*c1cc2c(C(=O)N(C2=O)c2ccc(cc2)C2(CCC(CC2)C(C)(C)C)c2ccc(cc2)NC(=O)*)cc1,331.0
*c1cc2c(C(=O)N(C2=O)c2ccc(cc2)C2(CCC(CC2)C(CC)(C)C)c2ccc(cc2)NC(=O)*)cc1,342.0
*c1cc2c(C(=O)N(C2=O)c2ccc(cc2)Cc2ccc(cc2)N2C(=O)c3c(C2=O)cc(cc3)C(CCCCC(*)(C)C)(C)C)cc1,169.9
*c1cc2c(C(=O)N(C2=O)c2ccc(cc2)Oc2ccc(cc2)N2C(=O)c3c(C2=O)cc(cc3)C(CCCCCCCCC(*)(C)C)(C)C)cc1,123.65
*c1cc2c(C(=O)N(C2=O)c2ccc(cc2)C(=O)OCCOC(=O)*)cc1,280.0
*c1cc2c(C(=O)N(C2=O)c2cc(ccc2)C(=O)OCCOC(=O)*)cc1,220.0
*c1cc2c(C(=O)N(C2=O)c2ccc(cc2)C(=O)Nc2cc(ccc2)NC(=O)*)cc1,240.0
*c1cc2c(C(=O)N(C2=O)C2CC(CC(C2)(CN2C(=O)c3c(C2=O)cc(cc3)C(=O)*)C)(C)C)cc1,275.0
*N1C(=O)c2c(C1=O)cc(cc2)C(=O)c1cc2c(C(=O)N(C2=O)CC2CC(CCC2)C*)cc1,213.0
*c1cc2c(C(=O)N(C2=O)c2ccc(cc2)NC(=O)c2ccc(cc2)N2C(=O)c3c(C2=O)cc(cc3)C(=O)*)cc1,300.0
*c1cc2c(C(=O)N(C2=O)c2ccc(cc2)N(C(=O)c2ccc(cc2)N2C(=O)c3c(C2=O)cc(cc3)C(=O)*)C)cc1,313.0
*C1C2C(C(=O)N(C2=O)c2ccccc2)C(C1)C=C*,220.0
*C1C2C(C(=O)N(C2=O)c2c(cccc2)C)C(C1)C=C*,248.0
*C1C2C(C(=O)N(C2=O)c2cc(ccc2)C)C(C1)C=C*,206.0
*C1C2C(C(=O)N(C2=O)c2ccc(cc2)C)C(C1)C=C*,222.0
*c1cc2c(C(=O)N(C2=O)c2ccc(cc2)C(=O)NCCN(CCNC(=O)*)c2ccc(cc2)C=Cc2ccc(cc2)[N+](=O)[O-])cc1,178.0
*N1C(=O)c2c(C1=O)cc(cc2)C(=O)NCCN(CC*)c1ccc(cc1)C=Cc1ccc(cc1)[N+](=O)[O-],142.0
*N1C(=O)c2c(C1=O)cc(cc2)c1cc2c(C(=O)N(C2=O)c2cc(c(cc2)Oc2ccc(cc2)C(c2ccc(cc2)Oc2c(cc(cc2)*)C(F)(F)F)(C(F)(F)F)C(F)(F)F)C(F)(F)F)cc1,223.0
*c1cc2c(C(=O)N(C2=O)c2cc(c(cc2)Oc2ccc(cc2)C(c2ccc(cc2)Oc2c(cc(cc2)N2C(=O)c3c(C2=O)cc(cc3)C(=O)*)C(F)(F)F)(C(F)(F)F)C(F)(F)F)C(F)(F)F)cc1,220.0
*c1cc2c(C(=O)N(C2=O)c2cc(ccc2)C(c2ccc(cc2)N2C(=O)c3c(C2=O)cc(cc3)C(*)(C(F)(F)F)C(F)(F)F)(C)C)cc1,260.0
*c1cc2c(C(=O)N(C2=O)c2cc(c(cc2)Oc2ccc(cc2)C(c2ccc(cc2)Oc2c(cc(cc2)N2C(=O)c3c(C2=O)cc(cc3)C(*)(C(F)(F)F)C(F)(F)F)C(F)(F)F)(C(F)(F)F)C(F)(F)F)C(F)(F)F)cc1,234.0
*c1cc2c(C(=O)N(C2=O)c2ccc(cc2)Sc2ccc(cc2)N2C(=O)c3c(C2=O)cc(cc3)C(*)(C(F)(F)F)C(F)(F)F)cc1,293.67
*c1cc2c(C(=O)N(C2=O)c2ccc(cc2)Sc2ccc(cc2)Sc2ccc(cc2)N2C(=O)c3c(C2=O)cc(cc3)C(*)(C(F)(F)F)C(F)(F)F)cc1,257.0
*c1cc2c(C(=O)N(C2=O)c2ccc(cc2)Sc2ccc(cc2)Sc2ccc(cc2)Sc2ccc(cc2)N2C(=O)c3c(C2=O)cc(cc3)C(*)(C(F)(F)F)C(F)(F)F)cc1,233.0
*c1cc2c(C(=O)N(C2=O)c2ccc(cc2)Sc2ccc(cc2)Sc2ccc(cc2)Sc2ccc(cc2)Sc2ccc(cc2)N2C(=O)c3c(C2=O)cc(cc3)C(*)(C(F)(F)F)C(F)(F)F)cc1,216.0
*c1cc2c(C(=O)N(C2=O)c2ccc(cc2)OC(COc2ccc(cc2)N2C(=O)c3c(C2=O)cc(cc3)C(*)(C(F)(F)F)C(F)(F)F)CCCCCC)cc1,182.0
*c1cc2c(C(=O)N(C2=O)c2ccc(cc2)OC(COc2ccc(cc2)N2C(=O)c3c(C2=O)cc(cc3)C(*)(C(F)(F)F)C(F)(F)F)CCC)cc1,204.0
*c1cc2c(C(=O)N(C2=O)c2ccc(cc2)OC(COc2ccc(cc2)N2C(=O)c3c(C2=O)cc(cc3)C(*)(C(F)(F)F)C(F)(F)F)C)cc1,234.0
*c1cc2c(C(=O)N(C2=O)c2ccc(cc2)N(CCN(c2ccc(cc2)N2C(=O)c3c(C2=O)cc(cc3)C(*)(C(F)(F)F)C(F)(F)F)C)C)cc1,227.0
*N1C(=O)c2c(C1=O)cc(cc2)Oc1ccc(cc1)Oc1cc2c(C(=O)N(C2=O)c2c(cc(c(c2C)*)C)C)cc1,345.0
*N1C(=O)c2c(C1=O)cc(cc2)S(=O)(=O)c1cc2c(C(=O)N(C2=O)c2c(cc(c(c2C)*)C)C)cc1,418.0
*N1C(=O)c2c(C1=O)cc(cc2)Sc1cc2c(C(=O)N(C2=O)c2c(cc(c(c2C)*)C)C)cc1,378.0
*c1cc2c(C(=O)N(C2=O)c2ccc(cc2)c2c(cc(cc2c2ccc(cc2)c2ccccc2)c2ccc(cc2)OCCCCCCOc2ccc(cc2)c2cc(c(c(c2)c2ccc(cc2)c2ccccc2)c2ccc(cc2)N2C(=O)c3c(C2=O)cc(cc3)C(=O)*)c2ccc(cc2)c2ccccc2)c2ccc(cc2)c2ccccc2)cc1,111.5
*c1cc2c(C(=O)N(C2=O)c2ccc(cc2)c2c(cc(cc2c2ccc(cc2)c2ccccc2)c2ccc(cc2)OCCCCCCCCCCOc2ccc(cc2)c2cc(c(c(c2)c2ccc(cc2)c2ccccc2)c2ccc(cc2)N2C(=O)c3c(C2=O)cc(cc3)C(=O)*)c2ccc(cc2)c2ccccc2)c2ccc(cc2)c2ccccc2)cc1,103.5
*N1C(=O)c2c(C1=O)cc(cc2)c1cc2c(C(=O)N(C2=O)c2cc(c(c(c2)C(=O)OCCCCCCCCCCCCCCCCCC)c2c(cc(cc2Br)*)C(=O)OCCCCCCCCCCCCCCCCCC)Br)cc1,83.5
*N1C(=O)c2c(C1=O)cc(cc2)c1cc2c(C(=O)N(C2=O)c2cc(c(c(c2)C(=O)OCCCCCCCCCCCCCCCC)c2c(cc(cc2Br)*)C(=O)OCCCCCCCCCCCCCCCC)Br)cc1,92.0
*N1C(=O)c2c(C1=O)cc(cc2)c1cc2c(C(=O)N(C2=O)c2cc(c(c(c2)C(=O)OCCCCCCCCCCCCCC)c2c(cc(cc2Br)*)C(=O)OCCCCCCCCCCCCCC)Br)cc1,98.0
*N1C(=O)c2c(C1=O)cc(cc2)c1cc2c(C(=O)N(C2=O)c2cc(c(c(c2)C(=O)OCCCCCCCCCCCC)c2c(cc(cc2Br)*)C(=O)OCCCCCCCCCCCC)Br)cc1,108.0
*N1C(=O)c2c(C1=O)cc(cc2)c1cc2c(C(=O)N(C2=O)c2cc(c(c(c2)C(=O)OCCCCCCCCCC)c2c(cc(cc2Br)*)C(=O)OCCCCCCCCCC)Br)cc1,116.0
*N1C(=O)c2c(C1=O)cc(cc2)c1cc2c(C(=O)N(C2=O)c2cc(c(c(c2)C(=O)OCCCCCCCC)c2c(cc(cc2Br)*)C(=O)OCCCCCCCC)Br)cc1,135.5
*N1C(=O)c2c(C1=O)cc(cc2)c1cc2c(C(=O)N(C2=O)c2cc(c(c(c2)C(=O)OCCCCCC)c2c(cc(cc2Br)*)C(=O)OCCCCCC)Br)cc1,154.0
*N1C(=O)c2c(C1=O)cc(cc2)c1cc2c(C(=O)N(C2=O)c2cc(c(c(c2)C(=O)OCCCC)c2c(cc(cc2Br)*)C(=O)OCCCC)Br)cc1,196.0
*C1C(=O)N(C(=O)C1C(C*)c1ccccc1)CCCCCCCCCCCC,70.0
*c1cc2c(C(=O)N(C2=O)c2cc(ccc2)N2C(=O)c3c(C2=O)cc(cc3)C(=O)c2cc(ccc2)C(=O)*)cc1,259.5
*c1cc2c(C(=O)N(C2=O)c2ccc(cc2)C(c2ccc(cc2)N2C(=O)c3c(C2=O)cc(cc3)C(=O)c2cc(ccc2)C(=O)*)(C(F)(F)F)C(F)(F)F)cc1,262.5
*c1cc2c(C(=O)N(C2=O)c2ccc(cc2)Oc2ccc(cc2)N2C(=O)c3c(C2=O)cc(cc3)C(=O)c2cc(ccc2)C(=O)*)cc1,244.0
*c1cc2c(C(=O)N(C2=O)c2ccc(cc2)Oc2ccc(cc2)S(=O)(=O)c2ccc(cc2)Oc2ccc(cc2)N2C(=O)c3c(C2=O)cc(cc3)C(=O)c2cc(ccc2)C(=O)*)cc1,249.0
*c1cc2c(C(=O)N(C2=O)c2cc(ccc2)N2C(=O)c3c(C2=O)cc(cc3)C(=O)c2cc(cc(c2)C(C)(C)C)C(=O)*)cc1,264.5
*c1cc2c(C(=O)N(C2=O)c2ccc(cc2)C(c2ccc(cc2)N2C(=O)c3c(C2=O)cc(cc3)C(=O)c2cc(cc(c2)C(C)(C)C)C(=O)*)(C(F)(F)F)C(F)(F)F)cc1,267.5
*c1cc2c(C(=O)N(C2=O)c2ccc(cc2)Oc2ccc(cc2)N2C(=O)c3c(C2=O)cc(cc3)C(=O)c2cc(cc(c2)C(C)(C)C)C(=O)*)cc1,252.5
*c1cc2c(C(=O)N(C2=O)c2ccc(cc2)Oc2ccc(cc2)S(=O)(=O)c2ccc(cc2)Oc2ccc(cc2)N2C(=O)c3c(C2=O)cc(cc3)C(=O)c2cc(cc(c2)C(C)(C)C)C(=O)*)cc1,254.5
*c1cc2c(C(=O)N(C2=O)c2cc(ccc2)N2C(=O)c3c(C2=O)cc(cc3)C(=O)c2cc(cc(c2)c2ccccc2)C(=O)*)cc1,266.5
*c1cc2c(C(=O)N(C2=O)c2ccc(cc2)C(c2ccc(cc2)N2C(=O)c3c(C2=O)cc(cc3)C(=O)c2cc(cc(c2)c2ccccc2)C(=O)*)(C(F)(F)F)C(F)(F)F)cc1,260.5
*c1cc2c(C(=O)N(C2=O)c2ccc(cc2)Oc2ccc(cc2)N2C(=O)c3c(C2=O)cc(cc3)C(=O)c2cc(cc(c2)c2ccccc2)C(=O)*)cc1,258.5
*c1cc2c(C(=O)N(C2=O)c2ccc(cc2)Oc2ccc(cc2)S(=O)(=O)c2ccc(cc2)Oc2ccc(cc2)N2C(=O)c3c(C2=O)cc(cc3)C(=O)c2cc(cc(c2)c2ccccc2)C(=O)*)cc1,256.5
*c1cc2c(C(=O)N(C2=O)c2ccc(cc2)Oc2ccc(cc2)N2C(=O)c3c(C2=O)cc(cc3)C(=O)Nc2c(cc(cc2)NC(=O)*)OCCCCCCS(=O)(=O)c2ccc(cc2)C=Cc2ccc(cc2)N(C)C)cc1,192.0
*c1cc2c(C(=O)N(C2=O)c2ccc(cc2)OCCN(CCOc2ccc(cc2)N2C(=O)c3c(C2=O)cc(cc3)C(*)(C(F)(F)F)C(F)(F)F)c2ccccc2)cc1,170.0
*c1cc2c(C(=O)N(C2=O)c2ccc(cc2)OCCN(CCOc2ccc(cc2)N2C(=O)c3c(C2=O)cc(cc3)C(*)(C(F)(F)F)C(F)(F)F)c2ccc(cc2)C(=C(C#N)C#N)C#N)cc1,218.0
*N1C(=O)c2c(C1=O)cc(cc2)OCCN(CCOc1cc2c(C(=O)N(C2=O)c2ccc(cc2)Cc2ccc(cc2)*)cc1)c1ccc(cc1)C=Cc1ccc(cc1)[N+](=O)[O-],160.7
*N1C(=O)c2c(C1=O)cc(cc2)OCCN(CCOc1cc2c(C(=O)N(C2=O)c2ccc(cc2)C(c2ccc(cc2)*)(C(F)(F)F)C(F)(F)F)cc1)c1ccc(cc1)C=Cc1ccc(cc1)[N+](=O)[O-],180.7
*N1C(=O)c2c(C1=O)cc(cc2)c1cc2c(C(=O)N(C2=O)CC2CC(CCC2)C*)cc1,234.0
*N1C(=O)c2c(C1=O)cc(cc2)C(c1cc2c(C(=O)N(C2=O)CC2CC(CCC2)C*)cc1)(C(F)(F)F)C(F)(F)F,222.0
*N1C(=O)c2c(C1=O)cc(cc2)Oc1cc2c(C(=O)N(C2=O)CC2CC(CCC2)C*)cc1,199.0
*N1C(=O)c2c(C1=O)cc(cc2)c1cc2c(C(=O)N(C2=O)C2CCC(CC2)CC2CCC(CC2)*)cc1,242.0
*c1cc2c(C(=O)N(C2=O)C2CCC(CC2)CC2CCC(CC2)N2C(=O)c3c(C2=O)cc(cc3)C(=O)*)cc1,254.0
*c1cc2c(C(=O)N(C2=O)C2CCC(CC2)CC2CCC(CC2)N2C(=O)c3c(C2=O)cc(cc3)C(*)(C(F)(F)F)C(F)(F)F)cc1,265.0
*N1C(=O)c2c(C1=O)cc(cc2)Oc1cc2c(C(=O)N(C2=O)C2CCC(CC2)CC2CCC(CC2)*)cc1,240.0
*N1C(=O)c2c(C1=O)cc(cc2)c1cc2c(C(=O)N(C2=O)C2C(CC(CC2)CC2CC(C(CC2)*)C)C)cc1,260.0
*c1cc2c(C(=O)N(C2=O)C2C(CC(CC2)CC2CC(C(CC2)N2C(=O)c3c(C2=O)cc(cc3)C(=O)*)C)C)cc1,240.0
*c1cc2c(C(=O)N(C2=O)C2C(CC(CC2)CC2CC(C(CC2)N2C(=O)c3c(C2=O)cc(cc3)C(*)(C(F)(F)F)C(F)(F)F)C)C)cc1,225.0
*N1C(=O)c2c(C1=O)cc(cc2)Oc1cc2c(C(=O)N(C2=O)C2C(CC(CC2)CC2CC(C(CC2)*)C)C)cc1,250.0
*N1C(=O)c2c(C1=O)cc(cc2)c1cc2c(C(=O)N(C2=O)C2CC(CC(C2)(C*)C)(C)C)cc1,311.0
*c1cc2c(C(=O)N(C2=O)C2CC(CC(C2)(CN2C(=O)c3c(C2=O)cc(cc3)C(*)(C(F)(F)F)C(F)(F)F)C)(C)C)cc1,278.0
*N1C(=O)c2c(C1=O)cc(cc2)Oc1cc2c(C(=O)N(C2=O)C2CC(CC(C2)(C*)C)(C)C)cc1,266.0
*c1cc2c(C(=O)N(C2=O)c2ccc(cc2)C(=O)OCCCCCCCCCCCCCCCCCCCCCCOC(=O)*)cc1,44.0
*c1cc2c(C(=O)N(C2=O)c2ccc(cc2)Oc2ccc(cc2)N2C(=O)c3c(C2=O)cc(cc3)C(=O)Oc2c(cc(cc2)OC(=O)*)C(C)(C)C)cc1,189.0
*c1cc2c(C(=O)N(C2=O)c2ccc(cc2)Oc2ccc(cc2)N2C(=O)c3c(C2=O)cc(cc3)C(=O)Oc2c(cc(cc2)OC(=O)*)c2ccccc2)cc1,212.0
*c1cc2c(C(=O)N(C2=O)c2ccc(cc2)Oc2ccc(cc2)N2C(=O)c3c(C2=O)cc(cc3)C(=O)Oc2cc3c(cc2)ccc(c3)OC(=O)*)cc1,246.0
*c1cc2c(C(=O)N(C2=O)c2ccc(cc2)Oc2ccc(cc2)N2C(=O)c3c(C2=O)cc(cc3)C(=O)Oc2ccc(cc2)c2ccc(cc2)OC(=O)*)cc1,232.0
*c1cc2c(C(=O)N(C2=O)c2ccc(cc2)Oc2ccc(cc2)N2C(=O)c3c(C2=O)cc(cc3)C(=O)OCCCCCCCCCCCCOC(=O)*)cc1,105.0
*c1cc2c(C(=O)N(C2=O)c2ccc(cc2)Cc2ccc(cc2)N2C(=O)c3c(C2=O)cc(cc3)C(=O)Oc2c(cc(cc2)OC(=O)*)C(C)(C)C)cc1,160.0
*c1cc2c(C(=O)N(C2=O)c2ccc(cc2)Cc2ccc(cc2)N2C(=O)c3c(C2=O)cc(cc3)C(=O)Oc2ccc(cc2)OCCCCCCCCCCCCOc2ccc(cc2)OC(=O)*)cc1,125.0
*c1cc2c(C(=O)N(C2=O)c2ccc(cc2)S(=O)(=O)c2ccc(cc2)N2C(=O)c3c(C2=O)cc(cc3)C(=O)Oc2c(cc(cc2)OC(=O)*)C(C)(C)C)cc1,179.0
*c1cc2c(C(=O)N(C2=O)c2ccc(cc2)S(=O)(=O)c2ccc(cc2)N2C(=O)c3c(C2=O)cc(cc3)C(=O)Oc2ccc(cc2)OCCCCCCCCCCCCOc2ccc(cc2)OC(=O)*)cc1,140.0
*c1cc2c(C(=O)N(C2=O)c2ccc(cc2)NC(=O)c2cc(ccc2)C(=O)Nc2ccc(cc2)N2C(=O)c3c(C2=O)cc(cc3)C(=O)*)cc1,247.0
*c1cc2c(C(=O)N(C2=O)c2ccc(cc2)S(=O)(=O)c2ccc(cc2)NC(=O)c2cc(ccc2)C(=O)Nc2ccc(cc2)S(=O)(=O)c2ccc(cc2)N2C(=O)c3c(C2=O)cc(cc3)C(=O)*)cc1,226.0
*c1cc2c(C(=O)N(C2=O)c2ccc(cc2)Oc2ccc(cc2)NC(=O)c2cc(ccc2)C(=O)Nc2ccc(cc2)Oc2ccc(cc2)N2C(=O)c3c(C2=O)cc(cc3)C(=O)*)cc1,232.0
*N1C(=O)c2c(C1=O)cc(cc2)C(=O)Nc1ccc(cc1)Oc1c(c(c(c(c1F)F)Oc1ccc(cc1)NC(=O)C*)F)F,254.0
*N1C(=O)c2c(C1=O)cc(cc2)C(=O)Nc1ccc(cc1)C1(c2ccccc2c2ccccc12)c1ccc(cc1)NC(=O)C*,345.0
*c1cc2c(C(=O)N(C2=O)c2cc(c(cc2)Oc2ccc(cc2)N2C(=O)c3c(C2=O)cc(cc3)C(*)(C(F)(F)F)C(F)(F)F)OCCN(c2ccc(cc2)N=Nc2ccc(cc2)[N+](=O)[O-])CC)cc1,202.0
*c1cc2c(C(=O)N(C2=O)c2ccc(cc2)Oc2ccc(cc2)N2C(=O)c3c(C2=O)cc(cc3)C(*)O)cc1,250.0
*N1C(=O)c2c(C1=O)cc(cc2)c1cc2c(C(=O)N(C2=O)CC2C3C(CC2)C2C(CC3C2)C*)cc1,230.0
*N1C(=O)c2c(C1=O)cc(cc2)C(=O)c1cc2c(C(=O)N(C2=O)CC2C3C(CC2)C2C(CC3C2)C*)cc1,217.0
*N1C(=O)c2c(C1=O)cc(cc2)C(c1cc2c(C(=O)N(C2=O)CC2C3C(CC2)C2C(CC3C2)C*)cc1)(C(F)(F)F)C(F)(F)F,207.0
*N1C(=O)c2c(C1=O)cc(cc2)Oc1cc2c(C(=O)N(C2=O)CC2C3C(CC2)C2C(CC3C2)C*)cc1,201.0
*C1C(=O)N(C(=O)C1CC*)c1ccc(cc1)N(C)C,195.0
*C1C(=O)N(C(=O)C1C(C*)OC)c1ccc(cc1)N(C)C,221.0
*c1sc2cc3c(cc2n1)sc(n3)c1ccc(cc1)Oc1cc(ccc1)n1c(=O)c2cc3c(cc2c1=O)c(=O)n(c3=O)c1cc(ccc1)Oc1ccc(cc1)*,400.0
*c1sc2cc3c(cc2n1)sc(n3)c1ccc(cc1)Oc1ccc(cc1)n1c(=O)c2cc3c(cc2c1=O)c(=O)n(c3=O)c1ccc(cc1)Oc1ccc(cc1)*,400.0
*N1C(=O)C2C(C1=O)CC(c1ccccc21)C1C(=O)N(C(=O)C1)c1cc(cc(c1)C(=O)O)*,249.43
*N1C(=O)C2C(C1=O)C(Cc1ccccc21)C1C(=O)N(C(=O)C1)c1cc(cc(c1)C(=O)OC)*,249.43
*N1C(=O)C2C(C1=O)C(Cc1ccccc21)C1C(=O)N(C(=O)C1)c1cc(cc(c1)C(=O)OCC)*,249.43
*N1C(=O)C2C(C1=O)C(Cc1ccccc21)C1C(=O)N(C(=O)C1)c1cc(cc(c1)C(=O)OCCC)*,249.43
*N1C(=O)C2C(C1=O)C(Cc1ccccc21)C1C(=O)N(C(=O)C1)c1cc(cc(c1)C(=O)OCCCC)*,249.43
*N1C(=O)C2C(C1=O)C(Cc1ccccc21)C1C(=O)N(C(=O)C1)c1cc(cc(c1)C(=O)OCCCCC)*,249.43
*N1C(=O)C2C(C1=O)C(Cc1ccccc21)C1C(=O)N(C(=O)C1)c1cc(cc(c1)C(=O)OCCCCCC)*,249.43
*N1C(=O)c2c(C1=O)cc(cc2)c1cc2c(C(=O)N(C2=O)c2cc(ccc2)C(c2cc(ccc2)*)(C(F)(F)F)C(F)(F)F)cc1,267.0
*c1cc2c(C(=O)N(C2=O)c2cc(ccc2)C(c2cc(ccc2)N2C(=O)c3c(C2=O)cc(cc3)C(=O)*)(C(F)(F)F)C(F)(F)F)cc1,239.0
*N1C(=O)c2c(C1=O)cc(cc2)Oc1cc2c(C(=O)N(C2=O)c2cc(ccc2)C(c2cc(ccc2)*)(C(F)(F)F)C(F)(F)F)cc1,224.5
*N1C(=O)c2c(C1=O)cc(cc2)Oc1cc2c(C(=O)N(C2=O)c2ccc(cc2)C(c2ccc(cc2)*)(C(F)(F)F)C(F)(F)F)cc1,305.0
*c1cc2c(C(=O)N(C2=O)c2ccc(cc2)C(c2ccc(cc2)C(c2ccc(cc2)N2C(=O)c3c(C2=O)cc(cc3)C(*)(C(F)(F)F)C(F)(F)F)(C)C)(C)C)cc1,235.4
*c1cc2c(C(=O)N(C2=O)C2CCC(CC2)N2C(=O)c3c(C2=O)cc(cc3)C(*)(C(F)(F)F)C(F)(F)F)cc1,346.5
*N1C(=O)c2c(C1=O)cc(cc2)c1cc2c(C(=O)N(C2=O)c2ccc(cc2)OC(=O)CCCCCCCCCCCCCCCCCCCCC(=O)Oc2ccc(cc2)*)cc1,135.0
*C1C(=O)N(C(=O)C1)c1ccc(cc1)Cc1ccc(cc1)N1C(=O)C(CC1=O)CC=CN(C=CC*)c1ccc(cc1)N=Nc1ccc(cc1)[N+](=O)[O-],238.67
*N1C(=O)c2cc3C(c4c(Oc3cc2C1=O)cc1C(=O)N(C(=O)c1c4)c1ccc(cc1)C(c1ccc(cc1)*)(C(F)(F)F)C(F)(F)F)(C(F)(F)F)C(F)(F)F,430.0
*c1[nH]c(nc1c1ccc(cc1)NC1C(=O)N(C(=O)C1)c1ccc(cc1)Cc1ccc(cc1)N1C(=O)C(CC1=O)Nc1ccc(cc1)*)c1ccc(cc1)N=Nc1ccc(cc1)[N+](=O)[O-],258.0
*c1[nH]c(nc1c1ccc(cc1)NC1C(=O)N(C(=O)C1)c1ccc(cc1)Cc1ccc(cc1)N1C(=O)C(CC1=O)Nc1ccc(cc1)*)c1ccc(cc1)C=Cc1ccc(cc1)[N+](=O)[O-],250.0
*c1cc2c(C(=O)N(C2=O)c2c(ccc(c2)C(c2cc(c(cc2)O)N2C(=O)c3c(C2=O)cc(cc3)C(*)(C(F)(F)F)C(F)(F)F)(C(F)(F)F)C(F)(F)F)O)cc1,310.33
*c1cc2c(C(=O)N(C2=O)c2c(ccc(c2)C(c2cc(c(cc2)OCCN(c2ccc(cc2)N=Nc2ccc(cc2)[N+](=O)[O-])CC)N2C(=O)c3c(C2=O)cc(cc3)C(*)(C(F)(F)F)C(F)(F)F)(C(F)(F)F)C(F)(F)F)OCCN(c2ccc(cc2)N=Nc2ccc(cc2)[N+](=O)[O-])CC)cc1,199.0
*N1C(=O)c2c(C1=O)cc(cc2)C(c1cc2c(C(=O)N(C2=O)CCN(CC*)c2ccc(cc2)N=Nc2ccc(cc2)C2OCCO2)cc1)(C(F)(F)F)C(F)(F)F,178.0
*N1C(=O)c2c(C1=O)cc(cc2)C(c1cc2c(C(=O)N(C2=O)CCN(CC*)c2ccc(cc2)N=Nc2ccc(cc2)C=O)cc1)(C(F)(F)F)C(F)(F)F,170.0
*N1C(=O)c2c(C1=O)cc(cc2)C(=O)Oc1c(cc(cc1)OC(=O)CCCC*)C,75.76
*N1C(=O)c2c(C1=O)cc(cc2)C(=O)Oc1c(cc(cc1)OC(=O)CCCCCC*)C,57.21
*c1cc2c(C(=O)N(C2=O)c2c3c(c(cc2C)c2cc(c(c4c2cccc4)N2C(=O)c4c(C2=O)cc(cc4)C(*)(C(F)(F)F)C(F)(F)F)C)cccc3)cc1,403.0
*N1C(=O)c2c(C1=O)cc(cc2)c1cc2c(C(=O)N(C2=O)c2ccc(cc2)Oc2c(cc(cc2C)Cc2cc(c(c(c2)C)Oc2ccc(cc2)*)C)C)cc1,294.33
*c1cc2c(C(=O)N(C2=O)c2ccc(cc2)Oc2c(cc(cc2C)Cc2cc(c(c(c2)C)Oc2ccc(cc2)N2C(=O)c3c(C2=O)cc(cc3)C(=O)*)C)C)cc1,290.0
*c1cc2c(C(=O)N(C2=O)c2ccc(cc2)Oc2c(cc(cc2C)Cc2cc(c(c(c2)C)Oc2ccc(cc2)N2C(=O)c3c(C2=O)cc(cc3)C(*)(C(F)(F)F)C(F)(F)F)C)C)cc1,286.33
*N1C(=O)c2c(C1=O)cc(cc2)c1cc2c(C(=O)N(C2=O)c2c(cc(cc2C)C(c2cc(c(c(c2)C)*)C)c2c3c(ccc2)cccc3)C)cc1,311.67
*c1cc2c(C(=O)N(C2=O)c2c(cc(cc2C)C(c2cc(c(c(c2)C)N2C(=O)c3c(C2=O)cc(cc3)C(=O)*)C)c2c3c(ccc2)cccc3)C)cc1,303.0
*c1cc2c(C(=O)N(C2=O)c2c(cc(cc2C)C(c2cc(c(c(c2)C)N2C(=O)c3c(C2=O)cc(cc3)C(*)(C(F)(F)F)C(F)(F)F)C)c2c3c(ccc2)cccc3)C)cc1,292.33
*N1C(=O)c2c(C1=O)cc(cc2)c1cc2c(C(=O)N(C2=O)c2ccc(cc2)Oc2c(cc(cc2C)C(c2cc(c(c(c2)C)Oc2ccc(cc2)*)C)c2c3c(ccc2)cccc3)C)cc1,289.5
*c1cc2c(C(=O)N(C2=O)c2ccc(cc2)Oc2c(cc(cc2C)C(c2cc(c(c(c2)C)Oc2ccc(cc2)N2C(=O)c3c(C2=O)cc(cc3)C(=O)*)C)c2c3c(ccc2)cccc3)C)cc1,272.0
*c1cc2c(C(=O)N(C2=O)c2ccc(cc2)Oc2c(cc(cc2C)C(c2cc(c(c(c2)C)Oc2ccc(cc2)N2C(=O)c3c(C2=O)cc(cc3)C(*)(C(F)(F)F)C(F)(F)F)C)c2c3c(ccc2)cccc3)C)cc1,282.0
*N1C(=O)C2CC3C(C2C1=O)CC(=O)N(C3=O)c1ccc(cc1)Oc1ccc(cc1)*,350.0
*N1C(=O)c2c(C1=O)cc(cc2)c1cc2c(C(=O)N(C2=O)c2cc(ccc2)Oc2cc(ccc2)Oc2cc(ccc2)*)cc1,208.0
*N1C(=O)N(C(=O)C1(C)C)c1ccc(cc1)Cc1ccc(cc1)N1C(=O)N(C(C1=O)(C)C)c1ccc(cc1)Cc1ccc(cc1)*,239.25
*N1C(=O)c2c(C1=O)cc(cc2)C(=O)Oc1cc2c(cc1)ccc(c2)OC(=O)CCCCC*,113.0
*N1C(=O)c2c(C1=O)cc(cc2)C(=O)Oc1ccc(cc1)C(c1ccc(cc1)OC(=O)CCCCC*)(C)C,110.0
*N1C(=O)c2c(C1=O)cc(cc2)C(=O)Oc1ccc(cc1)C(c1ccc(cc1)C(c1ccc(cc1)OC(=O)CCCCC*)(C)C)(C)C,104.0
*N1C(=O)c2c(C1=O)cc(cc2)C(=O)Oc1ccc(cc1)C1(CCCCC1)c1ccc(cc1)OC(=O)CCCCC*,122.0
*N1C(=O)c2c(C1=O)cc(cc2)C(=O)Oc1cc2c(cc1)ccc(c2)OC(=O)CCCCCCCCCCC*,98.0
*N1C(=O)c2c(C1=O)cc(cc2)C(=O)Oc1ccc(cc1)C(c1ccc(cc1)OC(=O)CCCCCCCCCCC*)(C)C,93.0
*N1C(=O)c2c(C1=O)cc(cc2)C(=O)Oc1ccc(cc1)C(c1ccc(cc1)C(c1ccc(cc1)OC(=O)CCCCCCCCCCC*)(C)C)(C)C,97.0
*N1C(=O)c2c(C1=O)cc(cc2)C(=O)Oc1ccc(cc1)C1(CCCCC1)c1ccc(cc1)OC(=O)CCCCCCCCCCC*,96.0
*N1C(=O)c2c(C1=O)cc(cc2)C(=O)Oc1ccc(cc1)C1(c2c(C(=O)O1)cccc2)c1ccc(cc1)OC(=O)CCCCCCCCCCC*,114.0
*N1C(=O)C(CC1=O)Nc1ccc(cc1)N(c1ccc(cc1)NC1C(=O)N(C(=O)C1)c1ccc(cc1)Cc1ccc(cc1)*)c1ccc(cc1)Nc1ccc(cc1)[N+](=O)[O-],324.0
*N1C(=O)C(CC1=O)Nc1ccc(cc1)N(c1ccc(cc1)NC1C(=O)N(C(=O)C1)c1ccc(cc1)Cc1ccc(cc1)*)c1ccc(cc1)[N+](=O)[O-],276.0
*N1C(=O)c2c(C1=O)cc(cc2)c1c2c(C(=O)N(C2=O)c2cc(ccc2)OCCCc2cc(ccc2)*)ccc1,178.0
*N1C(=O)c2c(C1=O)c(ccc2)c1cc2c(C(=O)N(C2=O)c2cc(ccc2)OCCCCOc2cc(ccc2)*)cc1,178.0
*N1C(=O)c2c(C1=O)c(ccc2)c1cc2c(C(=O)N(C2=O)c2cc(ccc2)OCCCCCOc2cc(ccc2)*)cc1,168.0
*N1C(=O)c2c(C1=O)c(ccc2)c1cc2c(C(=O)N(C2=O)c2cc(ccc2)OCCCCCCOc2cc(ccc2)*)cc1,157.0
*N1C(=O)c2c(C1=O)c(ccc2)c1cc2c(C(=O)N(C2=O)c2cc(ccc2)OCCCCCCCCOc2cc(ccc2)*)cc1,142.0
*N1C(=O)c2c(C1=O)c(ccc2)c1cc2c(C(=O)N(C2=O)c2cc(ccc2)OCCCCCCCCCOc2cc(ccc2)*)cc1,134.0
*N1C(=O)c2c(C1=O)c(ccc2)c1cc2c(C(=O)N(C2=O)c2cc(ccc2)OCCCCCCCCCCOc2cc(ccc2)*)cc1,127.0
*N1C(=O)c2c(C1=O)c(ccc2)c1cc2c(C(=O)N(C2=O)c2cc(ccc2)OCCCCCCCCCCCCOc2cc(ccc2)*)cc1,116.0
*N1C(=O)c2c(C1=O)c(ccc2)c1cc2c(C(=O)N(C2=O)c2ccc(cc2)OCCCOc2ccc(cc2)*)cc1,237.5
*N1C(=O)c2c(C1=O)c(ccc2)c1cc2c(C(=O)N(C2=O)c2ccc(cc2)OCCCCCOc2ccc(cc2)*)cc1,208.0
*N1C(=O)c2c(C1=O)cc(cc2)c1cc2c(C(=O)N(C2=O)c2cc(ccc2)OCCCOc2cc(ccc2)*)cc1,184.0
*N1C(=O)c2c(C1=O)cc(cc2)c1cc2c(C(=O)N(C2=O)c2cc(ccc2)OCCCCOc2cc(ccc2)*)cc1,175.0
*N1C(=O)c2c(C1=O)cc(cc2)c1cc2c(C(=O)N(C2=O)c2cc(ccc2)OCCCCCOc2cc(ccc2)*)cc1,165.0
*N1C(=O)c2c(C1=O)cc(cc2)c1cc2c(C(=O)N(C2=O)c2cc(ccc2)OCCCCCCOc2cc(ccc2)*)cc1,153.0
*N1C(=O)c2c(C1=O)cc(cc2)c1cc2c(C(=O)N(C2=O)c2cc(ccc2)OCCCCCCCCOc2cc(ccc2)*)cc1,138.0
*N1C(=O)c2c(C1=O)cc(cc2)c1cc2c(C(=O)N(C2=O)c2cc(ccc2)OCCCCCCCCCOc2cc(ccc2)*)cc1,132.0
*N1C(=O)c2c(C1=O)cc(cc2)c1cc2c(C(=O)N(C2=O)c2cc(ccc2)OCCCCCCCCCCOc2cc(ccc2)*)cc1,125.0
*N1C(=O)c2c(C1=O)cc(cc2)c1cc2c(C(=O)N(C2=O)c2cc(ccc2)OCCCCCCCCCCCCOc2cc(ccc2)*)cc1,116.0
*N1C(=O)c2c(C1=O)cc(cc2)c1cc2c(C(=O)N(C2=O)c2ccc(cc2)OCCCCCCCCCCOc2ccc(cc2)*)cc1,153.0
*C1C(=O)N(C(=O)C1*)CCOc1ccc(cc1)c1ccc(cc1)C#N,150.0
*C1C(=O)N(C(=O)C1*)CCCOc1ccc(cc1)c1ccc(cc1)C#N,130.0
*C1C(=O)N(C(=O)C1*)CCCCOc1ccc(cc1)c1ccc(cc1)C#N,115.0
*C1C(=O)N(C(=O)C1*)CCCCCOc1ccc(cc1)c1ccc(cc1)C#N,75.0
*C1C(=O)N(C(=O)C1*)CCCCCCOc1ccc(cc1)c1ccc(cc1)C#N,76.0
*C1C(=O)N(C(=O)C1*)CCCCCCCOc1ccc(cc1)c1ccc(cc1)C#N,61.0
*C1C(=O)N(C(=O)C1*)CCCCCCCCOc1ccc(cc1)c1ccc(cc1)C#N,43.0
*C1C(=O)N(C(=O)C1C(C*)c1ccccc1)CCCOc1ccc(cc1)c1ccc(cc1)C#N,130.0
*N1C(=S)N(C(=O)CC1=O)c1ccc(cc1)Oc1ccc(cc1)Oc1ccc(cc1)*,141.0
*N1C(=S)N(C(=O)CC1=O)c1ccc(cc1)Oc1ccc(cc1)C(c1ccc(cc1)Oc1ccc(cc1)*)(C)C,132.0
*N1C(=S)N(C(=O)CC1=O)c1ccc(cc1)Oc1cc(ccc1)Oc1ccc(cc1)*,128.0
*N1C(=S)N(C(=O)CC1=O)c1ccc(cc1)Oc1ccc(cc1)c1ccc(cc1)Oc1ccc(cc1)*,158.5
*N1C(=S)N(C(=O)CC1=O)c1ccc(cc1)Oc1ccc(cc1)C(c1ccc(cc1)Oc1ccc(cc1)*)(C(F)(F)F)C(F)(F)F,147.0
*N1C(=S)N(C(=O)CC1=O)c1ccc(cc1)Oc1cc2c(cc1)ccc(c2)Oc1ccc(cc1)*,151.5
*N1C(=S)N(C(=O)CC1=O)c1ccc(cc1)Oc1ccc(cc1)C1(c2ccccc2c2ccccc12)c1ccc(cc1)Oc1ccc(cc1)*,175.0
*N1C(=O)c2c(C1=O)cc(cc2)c1cc2c(C(=O)N(C2=O)c2cc(cc(c2)C(=O)NCCCC)*)cc1,291.0
*N1C(=O)c2c(C1=O)cc(cc2)c1cc2c(C(=O)N(C2=O)c2cc(cc(c2)C(=O)NCCCCCC)*)cc1,256.9
*N1C(=O)c2c(C1=O)cc(cc2)c1cc2c(C(=O)N(C2=O)c2cc(cc(c2)C(=O)NCCCCCCCC)*)cc1,245.5
*N1C(=O)c2c(C1=O)cc(cc2)c1cc2c(C(=O)N(C2=O)c2cc(cc(c2)C(=O)NCCCCCCCCCC)*)cc1,245.1
*N1C(=O)c2c(C1=O)cc(cc2)c1cc2c(C(=O)N(C2=O)c2cc(cc(c2)C(=O)NCCCCCCCCCCCC)*)cc1,243.1
*N1C(=O)c2c(C1=O)cc(cc2)c1cc2c(C(=O)N(C2=O)c2cc(cc(c2)C(=O)NCCCCCCCCCCCCCC)*)cc1,247.6
*C1C2C(C(=O)N(C2=O)CCCC)C(C1)C=C*,131.0
*C1C2C(C(=O)N(C2=O)CCCCC)C(C1)C=C*,89.29
*C1C2C(C(=O)N(C2=O)CCCCCC)C(C1)C=C*,87.14
*N1C(=O)c2c(C1=O)cc(cc2)Oc1cc2c(C(=O)N(C2=O)c2cc(ccc2)P(=O)(c2cc(ccc2)*)c2cc(cc(c2)C(F)(F)F)C(F)(F)F)cc1,228.0
*c1cc2c(C(=O)N(C2=O)c2cc(ccc2)P(=O)(c2cc(ccc2)N2C(=O)c3c(C2=O)cc(cc3)C(=O)*)c2cc(cc(c2)C(F)(F)F)C(F)(F)F)cc1,243.0
*c1cc2c(C(=O)N(C2=O)c2cc(ccc2)P(=O)(c2cc(ccc2)N2C(=O)c3c(C2=O)cc(cc3)C(*)(C(F)(F)F)C(F)(F)F)c2cc(cc(c2)C(F)(F)F)C(F)(F)F)cc1,247.0
*N1C(=O)c2c(C1=O)cc(cc2)Oc1cc2c(C(=O)N(C2=O)c2cc(ccc2)P(=O)(c2cc(ccc2)*)c2ccc(cc2)C(F)(F)F)cc1,248.0
*c1cc2c(C(=O)N(C2=O)c2cc(ccc2)P(=O)(c2cc(ccc2)N2C(=O)c3c(C2=O)cc(cc3)C(=O)*)c2ccc(cc2)C(F)(F)F)cc1,264.0
*c1cc2c(C(=O)N(C2=O)c2cc(ccc2)P(=O)(c2cc(ccc2)N2C(=O)c3c(C2=O)cc(cc3)C(*)(C(F)(F)F)C(F)(F)F)c2ccc(cc2)C(F)(F)F)cc1,260.0
*N1C(=O)c2c(C1=O)cc(cc2)Oc1cc2c(C(=O)N(C2=O)c2cc(ccc2)P(=O)(c2cc(ccc2)*)c2ccccc2)cc1,251.0
*c1cc2c(C(=O)N(C2=O)c2cc(ccc2)P(=O)(c2cc(ccc2)N2C(=O)c3c(C2=O)cc(cc3)C(=O)*)c2ccccc2)cc1,273.0
*c1cc2c(C(=O)N(C2=O)c2cc(ccc2)P(=O)(c2cc(ccc2)N2C(=O)c3c(C2=O)cc(cc3)C(*)(C(F)(F)F)C(F)(F)F)c2ccccc2)cc1,271.0
*N1C(=O)c2c(C1=O)cc(cc2)Oc1cc2c(C(=O)N(C2=O)c2ccc(cc2)C(c2ccc(cc2)*)(c2ccccc2)C(F)(F)F)cc1,293.0
*c1cc2c(C(=O)N(C2=O)c2ccc(cc2)C(c2ccc(cc2)N2C(=O)c3c(C2=O)cc(cc3)C(=O)*)(c2ccccc2)C(F)(F)F)cc1,311.0
*c1nc2c(nc1c1ccccc1)cc(cc2)Oc1ccc(cc1)N1C(=O)c2c(C1=O)cc(cc2)C(c1cc2c(C(=O)N(C2=O)c2ccc(cc2)Oc2cc3c(nc(c(n3)c3ccccc3)c3ccc(cc3)Oc3ccc(cc3)*)cc2)cc1)(C(F)(F)F)C(F)(F)F,267.0
*c1cc2c(C(=O)N(C2=O)c2ccc(cc2)Oc2ccc(cc2)C2(C3C4C(CCC4)C(C2)C3)c2ccc(cc2)Oc2ccc(cc2)N2C(=O)c3c(C2=O)cc(cc3)C(=O)Nc2ccc(cc2)Oc2ccc(cc2)NC(=O)*)cc1,250.0
*c1cc2c(C(=O)N(C2=O)c2ccc(cc2)Oc2ccc(cc2)C2(C3C4C(CCC4)C(C2)C3)c2ccc(cc2)Oc2ccc(cc2)N2C(=O)c3c(C2=O)cc(cc3)C(=O)Nc2ccc(cc2)Oc2ccc(cc2)Oc2ccc(cc2)NC(=O)*)cc1,257.0
*c1cc2c(C(=O)N(C2=O)c2ccc(cc2)Oc2ccc(cc2)C2(C3C4C(CCC4)C(C2)C3)c2ccc(cc2)Oc2ccc(cc2)N2C(=O)c3c(C2=O)cc(cc3)C(=O)Nc2ccc(cc2)Oc2c(cc(cc2)Oc2ccc(cc2)NC(=O)*)C(C)(C)C)cc1,275.0
*c1cc2c(C(=O)N(C2=O)c2ccc(cc2)Oc2ccc(cc2)C2(C3C4C(CCC4)C(C2)C3)c2ccc(cc2)Oc2ccc(cc2)N2C(=O)c3c(C2=O)cc(cc3)C(=O)Nc2ccc(cc2)Oc2c(cc(c(c2)C(C)(C)C)Oc2ccc(cc2)NC(=O)*)C(C)(C)C)cc1,290.0
*c1cc2c(C(=O)N(C2=O)c2ccc(cc2)Oc2ccc(cc2)C2(C3C4C(CCC4)C(C2)C3)c2ccc(cc2)Oc2ccc(cc2)N2C(=O)c3c(C2=O)cc(cc3)C(=O)Nc2ccc(cc2)Oc2cc(c(cc2)c2c(cc(cc2)Oc2ccc(cc2)NC(=O)*)C)C)cc1,265.0
*c1cc2c(C(=O)N(C2=O)c2ccc(cc2)Oc2ccc(cc2)C2(C3C4C(CCC4)C(C2)C3)c2ccc(cc2)Oc2ccc(cc2)N2C(=O)c3c(C2=O)cc(cc3)C(=O)Nc2ccc(cc2)Oc2ccc(cc2)C(c2ccc(cc2)Oc2ccc(cc2)NC(=O)*)(C(F)(F)F)C(F)(F)F)cc1,254.0
*c1cc2c(C(=O)N(C2=O)c2ccc(cc2)Oc2ccc(cc2)C2(C3C4C(CCC4)C(C2)C3)c2ccc(cc2)Oc2ccc(cc2)N2C(=O)c3c(C2=O)cc(cc3)C(=O)Nc2ccc(cc2)Oc2c(cc(cc2C)C(c2cc(c(c(c2)C)Oc2ccc(cc2)NC(=O)*)C)(C)C)C)cc1,276.0
*N1C(=O)c2c(C1=O)cc(cc2)Oc1ccc(cc1)C1(CCC(CC1)C(C)(C)C)c1ccc(cc1)Oc1cc2c(C(=O)N(C2=O)Oc2c(cc(cc2C)C(c2cc(c(c(c2)C)O*)C)(C)C)C)cc1,248.0
*N1C(=O)c2c(C1=O)cc(cc2)Oc1ccc(cc1)C1(CCC(CC1)C(C)(C)C)c1ccc(cc1)Oc1cc2c(C(=O)N(C2=O)c2ccc(cc2)Oc2ccc(cc2)C(c2ccc(cc2)Oc2ccc(cc2)*)(C(F)(F)F)C(F)(F)F)cc1,227.0
*N1C(=O)c2c(C1=O)cc(cc2)Oc1ccc(cc1)C1(CCC(CC1)C(C)(C)C)c1ccc(cc1)Oc1cc2c(C(=O)N(C2=O)c2ccc(cc2)Oc2c(cc(cc2)Oc2ccc(cc2)*)C(C)(C)C)cc1,233.0
*N1C(=O)c2c(C1=O)cc(cc2)Oc1ccc(cc1)C1(CCC(CC1)C(C)(C)C)c1ccc(cc1)Oc1cc2c(C(=O)N(C2=O)c2ccc(cc2)Oc2cc(c(cc2)c2c(cc(cc2)Oc2ccc(cc2)*)C)C)cc1,236.0
*N1C(=O)c2c(C1=O)cc(cc2)Oc1ccc(cc1)C1(CCC(CC1)C(C)(C)C)c1ccc(cc1)Oc1cc2c(C(=O)N(C2=O)c2ccc(cc2)Oc2ccc(cc2)C2(C3CC4CC(CC2C4)C3)c2ccc(cc2)Oc2ccc(cc2)*)cc1,266.0
*N1C(=O)c2c(C1=O)cc(cc2)Oc1ccc(cc1)C1(CCC(CC1)C(C)(C)C)c1ccc(cc1)Oc1cc2c(C(=O)N(C2=O)c2ccc(cc2)Oc2ccc(cc2)C2(C3C4C(CCC4)C(C2)C3)c2ccc(cc2)Oc2ccc(cc2)*)cc1,257.0
*C1C(=O)N(C(=O)C1C(C*)c1ccccc1)C,205.0
*N1C(=O)c2c(C1=O)cc(cc2)Oc1ccc(cc1)C(c1ccc(cc1)Oc1cc2c(C(=O)N(C2=O)c2ccc(cc2)Oc2c(cc(cc2)Oc2ccc(cc2)*)C(C)(C)C)cc1)(c1ccccc1)c1ccccc1,229.0
*N1C(=O)c2c(C1=O)cc(cc2)c1cc2c(C(=O)N(C2=O)CCCCOC(=O)OCCCC*)cc1,104.0
*N1C(=O)c2c(C1=O)cc(cc2)c1cc2c(C(=O)N(C2=O)CCCCCOC(=O)OCCCCC*)cc1,84.0
*N1C(=O)c2c(C1=O)cc(cc2)c1cc2c(C(=O)N(C2=O)CCCCCCOC(=O)OCCCCCC*)cc1,71.0
*N1C(=O)c2c(C1=O)cc(cc2)C(=O)c1cc2c(C(=O)N(C2=O)CCCCCOC(=O)OCCCCC*)cc1,77.0
*N1C(=O)c2c(C1=O)cc(cc2)C(=O)c1cc2c(C(=O)N(C2=O)CCCCCCOC(=O)OCCCCCC*)cc1,74.0
*N1C(=O)c2c(C1=O)cc(cc2)c1ccc(cc1)c1cc2c(C(=O)N(C2=O)CCCCCCOC(=O)OCCCCCC*)cc1,74.0
*N1C(=O)C2C(C1=O)C(=CC(C2)C1C(=O)N(C(=O)C1)c1ccc(cc1)*)C,327.0
*N1C(=O)C2C(C1=O)C(=CC(C2)C1C(=O)N(C(=O)C1)c1c(ccc(c1)*)OCCCCCCCCCCCCCCCC)C,186.0
*c1cc2c(C(=O)N(C2=O)c2cc(ccc2)C#Cc2cc(ccc2)NC(=O)*)cc1,323.5
*c1cc2c(C(=O)N(C2=O)c2ccc(cc2)N(c2ccc(cc2)N2C(=O)c3c(C2=O)cc(cc3)C(*)(C(F)(F)F)C(F)(F)F)c2ccc(cc2)C=Cc2ccc(cc2)[N+](=O)[O-])cc1,290.0
*N1C(=O)c2c(C1=O)cc(cc2)Oc1ccc(cc1)*,282.29
*c1cc2c(C(=O)N(C2=O)c2ccc(cc2)Oc2ccc(cc2)N2C(=O)c3c(C2=O)cc(cc3)c2ccc(cc2)c2ccc(cc2)c2ccc(cc2)c2ccc(cc2)*)cc1,244.0
*N1C(=O)c2c(C1=O)cc(cc2)c1ccc(cc1)c1ccc(cc1)c1ccc(cc1)c1ccc(cc1)c1cc2c(C(=O)N(C2=O)c2ccc(cc2)Cc2ccc(cc2)*)cc1,244.0
*c1cc2c(C(=O)N(C2=O)c2cc(ccc2)N2C(=O)c3c(C2=O)cc(cc3)c2ccc(cc2)c2ccc(cc2)c2ccc(cc2)c2ccc(cc2)*)cc1,237.0
*c1cc2c(C(=O)N(C2=O)c2ccc(cc2)Oc2ccc(cc2)c2ccc(cc2)Oc2ccc(cc2)N2C(=O)c3c(C2=O)cc(cc3)c2ccc(cc2)c2ccc(cc2)c2ccc(cc2)c2ccc(cc2)*)cc1,232.0
*c1cc2c(C(=O)N(C2=O)c2ccc(cc2)Oc2ccc(cc2)C(c2ccc(cc2)Oc2ccc(cc2)N2C(=O)c3c(C2=O)cc(cc3)c2ccc(cc2)c2ccc(cc2)c2ccc(cc2)c2ccc(cc2)*)(C)C)cc1,236.0
*N1C(=O)c2c(C1=O)cc(cc2)C(c1cc2c(C(=O)N(C2=O)CC(=O)Nc2ccc(cc2)Oc2ccc(cc2)Oc2ccc(cc2)NC(=O)C*)cc1)(C(F)(F)F)C(F)(F)F,242.0
*N1C(=O)c2c(C1=O)cc(cc2)C(c1cc2c(C(=O)N(C2=O)CC(=O)Nc2ccc(cc2)Oc2cc(ccc2)Oc2ccc(cc2)NC(=O)C*)cc1)(C(F)(F)F)C(F)(F)F,221.0
*N1C(=O)c2c(C1=O)cc(cc2)C(c1cc2c(C(=O)N(C2=O)CC(=O)Nc2ccc(cc2)Oc2ccc(cc2)c2ccc(cc2)Oc2ccc(cc2)NC(=O)C*)cc1)(C(F)(F)F)C(F)(F)F,245.0
*N1C(=O)c2c(C1=O)cc(cc2)C(c1cc2c(C(=O)N(C2=O)CC(=O)Nc2ccc(cc2)Oc2ccc(cc2)S(=O)(=O)c2ccc(cc2)Oc2ccc(cc2)NC(=O)C*)cc1)(C(F)(F)F)C(F)(F)F,241.0
*N1C(=O)c2c(C1=O)cc(cc2)C(c1cc2c(C(=O)N(C2=O)CC(=O)Nc2ccc(cc2)Oc2ccc(cc2)C(c2ccc(cc2)Oc2ccc(cc2)NC(=O)C*)(C)C)cc1)(C(F)(F)F)C(F)(F)F,224.0
*c1c(nc2c(n1)cc(cc2)Oc1ccc(cc1)NC(=O)CN1C(=O)c2c(C1=O)cc(cc2)C(c1cc2c(C(=O)N(C2=O)CC(=O)Nc2ccc(cc2)Oc2cc3c(nc(c(n3)c3ccc(cc3)*)c3ccccc3)cc2)cc1)(C(F)(F)F)C(F)(F)F)c1ccccc1,280.0
*c1c(nc2c(n1)cc(cc2)Oc1ccc(cc1)NC(=O)CN1C(=O)c2c(C1=O)cc(cc2)C(c1cc2c(C(=O)N(C2=O)CC(=O)Nc2ccc(cc2)Oc2cc3c(nc(c(n3)c3ccc(cc3)Oc3ccc(cc3)*)c3ccccc3)cc2)cc1)(C(F)(F)F)C(F)(F)F)c1ccccc1,260.0
*c1oc(nn1)c1ccc(cc1)NC(=O)CN1C(=O)c2c(C1=O)cc(cc2)C(c1cc2c(C(=O)N(C2=O)CC(=O)Nc2ccc(cc2)*)cc1)(C(F)(F)F)C(F)(F)F,280.0
*c1oc(nn1)c1ccc(cc1)Oc1ccc(cc1)NC(=O)CN1C(=O)c2c(C1=O)cc(cc2)C(c1cc2c(C(=O)N(C2=O)CC(=O)Nc2ccc(cc2)Oc2ccc(cc2)*)cc1)(C(F)(F)F)C(F)(F)F,263.0
*c1oc(nn1)c1ccc(cc1)c1oc(nn1)CN1C(=O)c2c(C1=O)cc(cc2)C(c1cc2c(C(=O)N(C2=O)C*)cc1)(C(F)(F)F)C(F)(F)F,214.0
*c1oc(nn1)c1ccc(cc1)Oc1ccc(cc1)c1oc(nn1)CN1C(=O)c2c(C1=O)cc(cc2)C(c1cc2c(C(=O)N(C2=O)C*)cc1)(C(F)(F)F)C(F)(F)F,210.0
*c1oc(nn1)c1c(cc(cc1)c1oc(nn1)CN1C(=O)c2c(C1=O)cc(cc2)C(c1cc2c(C(=O)N(C2=O)C*)cc1)(C(F)(F)F)C(F)(F)F)Oc1ccccc1,208.0
*c1oc2c(n1)cc(cc2)c1cc2c(oc(n2)CN2C(=O)c3c(C2=O)cc(cc3)C(c2cc3c(C(=O)N(C3=O)C*)cc2)(C(F)(F)F)C(F)(F)F)cc1,231.0
*c1oc2c(n1)cc(cc2)C(c1cc2c(oc(n2)CN2C(=O)c3c(C2=O)cc(cc3)C(c2cc3c(C(=O)N(C3=O)C*)cc2)(C(F)(F)F)C(F)(F)F)cc1)(C(F)(F)F)C(F)(F)F,225.0
*c1oc(=O)c2c(ccc(c2)Cc2ccc3c(c2)c(=O)oc(n3)CN2C(=O)c3c(C2=O)cc(cc3)C(c2cc3c(C(=O)N(C3=O)C*)cc2)(C(F)(F)F)C(F)(F)F)n1,218.0
*c1cc2c(C(=O)N(C2=O)c2ccc(cc2)C(=O)Nc2ccc(cc2)Oc2ccc(cc2)c2ccc(cc2)Oc2ccc(cc2)NC(=O)c2ccc(cc2)N2C(=O)c3c(C2=O)cc(cc3)C(*)(C(F)(F)F)C(F)(F)F)cc1,296.0
*N1C(=O)c2c(C1=O)cc(cc2)c1cc2c(C(=O)N(C2=O)CCCCCCOC(=O)CCCCCCCCCCN2C(=O)c3c(C2=O)cc(cc3)c2ccc(cc2)c2cc3c(C(=O)N(C3=O)CCCCCCCCCCC(=O)OCCCCCC*)cc2)cc1,45.0
*N1C(=O)c2c(C1=O)cc(cc2)c1cc2c(C(=O)N(C2=O)CCCCCOC(=O)CCCCCCCCCCN2C(=O)c3c(C2=O)cc(cc3)c2ccc(cc2)c2cc3c(C(=O)N(C3=O)CCCCCCCCCCC(=O)OCCCCC*)cc2)cc1,41.0
*c1cc2c(C(=O)N(C2=O)c2c(cc(cc2)C(c2cc(c(cc2)N2C(=O)c3c(C2=O)cc(cc3)C(*)(C(F)(F)F)C(F)(F)F)O)(C(F)(F)F)C(F)(F)F)O)cc1,303.0
*N1C(=O)C2C3C4C(C(C2C1=O)C=C3)C(=O)N(C4=O)c1ccc(cc1)Oc1ccc(cc1)*,384.0
*N1C(=O)c2c(C1=O)cc(cc2)Oc1ccc(cc1)C1(CCC(CC1)c1ccccc1)c1ccc(cc1)Oc1cc2c(C(=O)N(C2=O)c2ccc(cc2)Oc2ccc(cc2)C2(CCC(CC2)C(C)(C)C)c2ccc(cc2)Oc2ccc(cc2)*)cc1,243.0
*N1C(=O)c2c(C1=O)cc(cc2)Oc1ccc(cc1)C1(CCC(CC1)c1ccccc1)c1ccc(cc1)Oc1cc2c(C(=O)N(C2=O)c2ccc(cc2)Oc2c(cc(cc2C)C(c2cc(c(c(c2)C)Oc2ccc(cc2)*)C)(C)C)C)cc1,232.0
*N1C(=O)c2c(C1=O)cc(cc2)Oc1ccc(cc1)C1(CCC(CC1)c1ccccc1)c1ccc(cc1)Oc1cc2c(C(=O)N(C2=O)c2ccc(cc2)Oc2ccc(cc2)C2(C3CCC(C2)C3)c2ccc(cc2)Oc2ccc(cc2)*)cc1,245.0
*N1C(=O)c2c(C1=O)cc(cc2)Oc1ccc(cc1)C1(CCC(CC1)c1ccccc1)c1ccc(cc1)Oc1cc2c(C(=O)N(C2=O)c2ccc(cc2)Oc2c(cc(cc2)Oc2ccc(cc2)*)C(C)(C)C)cc1,236.0
*N1C(=O)c2c(C1=O)cc(cc2)Oc1ccc(cc1)C1(CCC(CC1)c1ccccc1)c1ccc(cc1)Oc1cc2c(C(=O)N(C2=O)c2ccc(cc2)Oc2cc(c(cc2)c2c(cc(cc2)Oc2ccc(cc2)*)C)C)cc1,226.0
*N1C(=O)c2c(C1=O)cc(cc2)Oc1ccc(cc1)C1(CCC(CC1)c1ccccc1)c1ccc(cc1)Oc1cc2c(C(=O)N(C2=O)c2ccc(cc2)Cc2ccc(cc2)*)cc1,232.0
*N1C(=O)c2c(C1=O)cc(cc2)Oc1ccc(cc1)C1(CCC(CC1)c1ccccc1)c1ccc(cc1)Oc1cc2c(C(=O)N(C2=O)c2ccc(cc2)Oc2ccc(cc2)*)cc1,236.0
*N1C(=O)c2c(C1=O)cc(cc2)c1cc2c(C(=O)N(C2=O)c2ccc(cc2)Oc2ccc(cc2)Oc2ccc(cc2)*)cc1,264.88
*N1C(=O)c2c(C1=O)cc(cc2)c1cc2c(C(=O)N(C2=O)c2ccc(cc2)Oc2c(cccc2)Oc2ccc(cc2)*)cc1,241.0
*N1C(=O)c2c(C1=O)cc(cc2)c1cc2c(C(=O)N(C2=O)c2ccc(cc2)Oc2c(cc(cc2)Oc2ccc(cc2)*)C)cc1,265.0
*N1C(=O)c2c(C1=O)cc(cc2)c1cc2c(C(=O)N(C2=O)c2ccc(cc2)Oc2c(cc(cc2)Oc2ccc(cc2)*)C(C)(C)C)cc1,274.0
*N1C(=O)c2c(C1=O)cc(cc2)c1cc2c(C(=O)N(C2=O)c2ccc(cc2)Oc2c(cc(cc2)Oc2ccc(cc2)*)c2ccccc2)cc1,247.0
*N1C(=O)c2c(C1=O)cc(cc2)c1cc2c(C(=O)N(C2=O)c2ccc(cc2)Oc2c(cc(cc2)C(C)(C)C)Oc2ccc(cc2)*)cc1,257.0
*N1C(=O)c2c(C1=O)cc(cc2)c1cc2c(C(=O)N(C2=O)c2ccc(cc2)Oc2ccc(cc2)Oc2ccc(cc2)Oc2ccc(cc2)*)cc1,228.51
*N1C(=O)c2c(C1=O)cc(cc2)Oc1cc(ccc1)Oc1cc2c(C(=O)N(C2=O)c2ccc(cc2)Oc2ccc(cc2)c2ccc(cc2)Oc2ccc(cc2)*)cc1,196.5
*N1C(=O)c2c(C1=O)cc(cc2)c1cc2c(C(=O)N(C2=O)c2c(cc(cc2)Cc2cc(c(cc2)*)C(C)(C)C)C(C)(C)C)cc1,324.0
*c1cc2c(C(=O)N(C2=O)c2c(cc(cc2)Cc2cc(c(cc2)N2C(=O)c3c(C2=O)cc(cc3)C(=O)*)C(C)(C)C)C(C)(C)C)cc1,213.0
*N1C(=O)c2c(C1=O)cc(cc2)Oc1cc2c(C(=O)N(C2=O)c2c(cc(cc2)Cc2cc(c(cc2)*)C(C)(C)C)C(C)(C)C)cc1,216.0
*N1C(=O)c2c(C1=O)cc(cc2)Oc1ccc(cc1)C1(CCC(CC1)c1ccccc1)c1ccc(cc1)Oc1cc2c(C(=O)N(C2=O)c2ccc(cc2)Oc2ccc(cc2)C2(C3C4C(CCC4)C(C2)C3)c2ccc(cc2)Oc2ccc(cc2)*)cc1,255.0
*N1C(=O)c2c(C1=O)cc(cc2)Oc1ccc(cc1)C(c1ccc(cc1)Oc1cc2c(C(=O)N(C2=O)c2cc(ccc2)P(=O)(c2cc(ccc2)*)C)cc1)(C)C,228.0
*N1C(=O)c2c(C1=O)cc(cc2)Oc1ccc(cc1)C(c1ccc(cc1)Oc1cc2c(C(=O)N(C2=O)c2cc(ccc2)P(=O)(c2cc(ccc2)*)c2ccccc2)cc1)(C)C,213.0
*c1[nH]c(nc1c1ccc(cc1)NC1C(=O)N(C(=O)C1)c1ccc(cc1)c1sc(c(c1c1ccccc1)c1ccccc1)c1ccc(cc1)N1C(=O)C(CC1=O)Nc1ccc(cc1)*)c1sc(cc1)C=Cc1ccc(cc1)[N+](=O)[O-],304.0
*N1C(=O)c2c(C1=O)cc(cc2)Oc1cc2c(C(=O)N(C2=O)c2cc(ccc2)Oc2c(ccc(c2)Oc2cc(ccc2)*)P(=O)(c2ccccc2)c2ccccc2)cc1,212.0
*N1C(=O)c2c(C1=O)cc(cc2)Oc1ccc(cc1)c1ccc(cc1)Oc1cc2c(C(=O)N(C2=O)c2cc(ccc2)Oc2c(ccc(c2)Oc2cc(ccc2)*)P(=O)(c2ccccc2)c2ccccc2)cc1,227.0
*c1cc2c(C(=O)N(C2=O)c2cc(ccc2)Oc2c(ccc(c2)Oc2cc(ccc2)N2C(=O)c3c(C2=O)cc(cc3)C(*)(C(F)(F)F)C(F)(F)F)P(=O)(c2ccccc2)c2ccccc2)cc1,230.0
*N1C(=O)c2c(C1=O)cc(cc2)c1cc2c(C(=O)N(C2=O)c2cc(ccc2)Oc2c(ccc(c2)Oc2cc(ccc2)*)P(=O)(c2ccccc2)c2ccccc2)cc1,234.0
*c1cc2c(C(=O)N(C2=O)c2ccc(cc2)C(=O)Nc2ccc(cc2)C(c2ccc(cc2)NC(=O)c2ccc(cc2)N2C(=O)c3c(C2=O)cc(cc3)C(*)(C(F)(F)F)C(F)(F)F)(C(F)(F)F)C(F)(F)F)cc1,351.0
*c1cc2c(C(=O)N(C2=O)c2c(cc(cc2)C(=O)Nc2ccc(cc2)C(c2ccc(cc2)NC(=O)c2cc(c(cc2)N2C(=O)c3c(C2=O)cc(cc3)C(*)(C(F)(F)F)C(F)(F)F)C)(C(F)(F)F)C(F)(F)F)C)cc1,344.0
*c1cc2c(C(=O)N(C2=O)c2c(cc(cc2C)c2cc(c(c(c2)C)N2C(=O)c3c(C2=O)cc(cc3)C(=O)Nc2c(cc(cc2)Cc2cc(c(cc2)NC(=O)*)C)C)C)C)cc1,329.0
*c1cc2c(C(=O)N(C2=O)c2c(ccc(c2)C(=O)Oc2ccc(cc2)C(c2ccc(cc2)OC(=O)c2cc(c(cc2)C)N2C(=O)c3c(C2=O)cc(cc3)C(*)(C(F)(F)F)C(F)(F)F)(C(F)(F)F)C(F)(F)F)C)cc1,289.0
*c1cc2c(C(=O)N(C2=O)c2c(cc(cc2C)c2cc(c(c(c2)C)N2C(=O)c3c(C2=O)cc(cc3)C(=O)Oc2ccc(cc2)C(c2ccc(cc2)OC(=O)*)(C(F)(F)F)C(F)(F)F)C)C)cc1,335.0
*c1cc2c(C(=O)N(C2=O)c2c(cc(cc2C)c2cc(c(c(c2)C)N2C(=O)c3c(C2=O)cc(cc3)C(=O)Oc2c(cc(cc2C)C(c2cc(c(c(c2)C)OC(=O)*)C)(C(F)(F)F)C(F)(F)F)C)C)C)cc1,327.0
*c1cc2c(C(=O)N(C2=O)c2c(cc(cc2C)c2c(cc(c(c2)C)c2cc(c(c(c2)C)N2C(=O)c3c(C2=O)cc(cc3)C(*)(C(F)(F)F)C(F)(F)F)C)C)C)cc1,361.0
*N1C(=O)c2c(C1=O)cc(cc2)Oc1cc2c(C(=O)N(C2=O)c2cc(ccc2)C(c2cc(ccc2)*)(c2ccccc2)C(F)(F)F)cc1,293.0
*c1cc2c(C(=O)N(C2=O)c2cc(ccc2)C(c2cc(ccc2)N2C(=O)c3c(C2=O)cc(cc3)C(=O)*)(c2ccccc2)C(F)(F)F)cc1,311.0
*c1cc2c(C(=O)N(C2=O)c2cc(ccc2)C(c2cc(ccc2)N2C(=O)c3c(C2=O)cc(cc3)C(*)(C(F)(F)F)C(F)(F)F)(c2ccccc2)C(F)(F)F)cc1,305.0
*N1C(=O)c2c(C1=O)cc(cc2)C(c1cc2c(C(=O)N(C2=O)CCN(CC*)c2ccc(cc2)C=CC2=CC(=C(C#N)C#N)CC(C2)(C)C)cc1)(C(F)(F)F)C(F)(F)F,224.0
*N1C(=O)c2c(C1=O)cc(cc2)C(c1cc2c(C(=O)N(C2=O)CCN(CC*)c2ccc(cc2)C=Cc2ccc(cc2)[N+](=O)[O-])cc1)(C(F)(F)F)C(F)(F)F,219.0
*N1C(=O)c2c(C1=O)cc(cc2)C(c1cc2c(C(=O)N(C2=O)CCN(CC*)c2ccc(cc2)N=Nc2ccc(cc2)[N+](=O)[O-])cc1)(C(F)(F)F)C(F)(F)F,210.0
*N1C(=O)c2c(C1=O)cc(cc2)C(c1cc2c(C(=O)N(C2=O)CCN(CC*)c2ccc(cc2)N=Nc2c(cc(cc2)[N+](=O)[O-])C)cc1)(C(F)(F)F)C(F)(F)F,205.0
*N1C(=O)c2c(C1=O)cc(cc2)C(c1cc2c(C(=O)N(C2=O)CCN(CC*)c2ccc(cc2)N=Nc2ccc(cc2)C#N)cc1)(C(F)(F)F)C(F)(F)F,213.0
*c1cc2c(C(=O)N(C2=O)c2ccc(cc2)C(=O)Nc2ccc(cc2)Oc2ccc(cc2)Oc2ccc(cc2)NC(=O)c2ccc(cc2)N2C(=O)c3c(C2=O)cc(cc3)C(*)(C(F)(F)F)C(F)(F)F)cc1,303.0
*c1cc2c(C(=O)N(C2=O)c2ccc(cc2)C(=O)Nc2ccc(cc2)Oc2cc(ccc2)Oc2ccc(cc2)NC(=O)c2ccc(cc2)N2C(=O)c3c(C2=O)cc(cc3)C(*)(C(F)(F)F)C(F)(F)F)cc1,286.0
*c1cc2c(C(=O)N(C2=O)c2ccc(cc2)C(=O)Nc2ccc(cc2)Oc2c(cccc2)Oc2ccc(cc2)NC(=O)c2ccc(cc2)N2C(=O)c3c(C2=O)cc(cc3)C(*)(C(F)(F)F)C(F)(F)F)cc1,281.0
*c1cc2c(C(=O)N(C2=O)c2ccc(cc2)C(=O)Nc2ccc(cc2)Oc2ccc(cc2)C(c2ccc(cc2)Oc2ccc(cc2)NC(=O)c2ccc(cc2)N2C(=O)c3c(C2=O)cc(cc3)C(*)(C(F)(F)F)C(F)(F)F)(C(F)(F)F)C(F)(F)F)cc1,293.0
*c1cc2c(C(=O)N(C2=O)c2cc(ccc2)C(=O)Nc2ccc(cc2)c2ccc(cc2)NC(=O)c2cc(ccc2)N2C(=O)c3c(C2=O)cc(cc3)C(*)(C(F)(F)F)C(F)(F)F)cc1,324.0
*c1cc2c(C(=O)N(C2=O)c2cc(ccc2)C(=O)Nc2ccc(cc2)NC(=O)c2ccc(cc2)NC(=O)c2cc(ccc2)N2C(=O)c3c(C2=O)cc(cc3)C(*)(C(F)(F)F)C(F)(F)F)cc1,328.0
*c1cc2c(C(=O)N(C2=O)c2cc(ccc2)C(=O)Nc2ccc(cc2)Oc2ccc(cc2)Oc2ccc(cc2)NC(=O)c2cc(ccc2)N2C(=O)c3c(C2=O)cc(cc3)C(*)(C(F)(F)F)C(F)(F)F)cc1,283.0
*c1cc2c(C(=O)N(C2=O)c2cc(ccc2)C(=O)Nc2ccc(cc2)Oc2cc(ccc2)Oc2ccc(cc2)NC(=O)c2cc(ccc2)N2C(=O)c3c(C2=O)cc(cc3)C(*)(C(F)(F)F)C(F)(F)F)cc1,264.0
*c1cc2c(C(=O)N(C2=O)c2cc(ccc2)C(=O)Nc2ccc(cc2)Oc2c(cccc2)Oc2ccc(cc2)NC(=O)c2cc(ccc2)N2C(=O)c3c(C2=O)cc(cc3)C(*)(C(F)(F)F)C(F)(F)F)cc1,265.0
*c1cc2c(C(=O)N(C2=O)c2cc(ccc2)C(=O)Nc2ccc(cc2)Oc2ccc(cc2)c2ccc(cc2)Oc2ccc(cc2)NC(=O)c2cc(ccc2)N2C(=O)c3c(C2=O)cc(cc3)C(*)(C(F)(F)F)C(F)(F)F)cc1,280.0
*c1cc2c(C(=O)N(C2=O)c2cc(ccc2)C(=O)Nc2ccc(cc2)Oc2ccc(cc2)C(c2ccc(cc2)Oc2ccc(cc2)NC(=O)c2cc(ccc2)N2C(=O)c3c(C2=O)cc(cc3)C(*)(C(F)(F)F)C(F)(F)F)(C)C)cc1,259.0
*c1cc2c(C(=O)N(C2=O)c2cc(ccc2)C(=O)Nc2ccc(cc2)Oc2ccc(cc2)C(c2ccc(cc2)Oc2ccc(cc2)NC(=O)c2cc(ccc2)N2C(=O)c3c(C2=O)cc(cc3)C(*)(C(F)(F)F)C(F)(F)F)(C(F)(F)F)C(F)(F)F)cc1,266.0
*N1C(=O)c2c(C1=O)cc(cc2)Oc1c(cc(cc1C)C(c1cc(c(c(c1)C)Oc1cc2c(C(=O)N(C2=O)c2ccc(cc2)Oc2ccc(cc2)C(c2ccc(cc2)Oc2ccc(cc2)*)(C(F)(F)F)C(F)(F)F)cc1)C)(C)C)C,244.0
*N1C(=O)c2c(C1=O)cc(cc2)Oc1c(cc(cc1C)C(c1cc(c(c(c1)C)Oc1cc2c(C(=O)N(C2=O)c2ccc(cc2)Oc2c(cc(cc2)Oc2ccc(cc2)*)C(C)(C)C)cc1)C)(C)C)C,244.0
*N1C(=O)c2c(C1=O)cc(cc2)Oc1c(cc(cc1C)C(c1cc(c(c(c1)C)Oc1cc2c(C(=O)N(C2=O)c2cc(c(cc2)c2c(cc(cc2)*)C(F)(F)F)C(F)(F)F)cc1)C)(C)C)C,262.0
*N1C(=O)c2c(C1=O)cc(cc2)Oc1c(cc(cc1C)C(c1cc(c(c(c1)C)Oc1cc2c(C(=O)N(C2=O)c2ccc(cc2)Oc2cc(c(cc2)c2c(cc(cc2)Oc2ccc(cc2)*)C)C)cc1)C)(C)C)C,257.0
*N1C(=O)c2c(C1=O)cc(cc2)Oc1c(cc(cc1C)C(c1cc(c(c(c1)C)Oc1cc2c(C(=O)N(C2=O)c2ccc(cc2)Oc2ccc(cc2)C2(C3CC4CC(CC2C4)C3)c2ccc(cc2)Oc2ccc(cc2)*)cc1)C)(C)C)C,282.0
*N1C(=O)c2c(C1=O)cc(cc2)Oc1c(cc(cc1C)C(c1cc(c(c(c1)C)Oc1cc2c(C(=O)N(C2=O)c2ccc(cc2)Oc2ccc(cc2)C2(C3CCC(C2)C3)c2ccc(cc2)Oc2ccc(cc2)*)cc1)C)(C)C)C,265.0
*c1cc2c(C(=O)N(C2=O)c2ccc(cc2)Oc2c(cccc2)c2c(cccc2)Oc2ccc(cc2)N2C(=O)c3c(C2=O)cc(cc3)C(*)(C(F)(F)F)C(F)(F)F)cc1,220.0
*N1C(=O)c2c(C1=O)cc(cc2)Oc1cc2c(C(=O)N(C2=O)c2ccc(cc2)Oc2ccc(cc2)c2ccc(cc2)Oc2ccc(cc2)*)cc1,245.0
*N1C(=O)c2c(C1=O)cc(cc2)Oc1c(cc(cc1C)C(c1cc(c(c(c1)C)Oc1cc2c(C(=O)N(C2=O)c2ccc(cc2)Oc2ccc(cc2)C2(C3C4C(CCC4)C(C2)C3)c2ccc(cc2)Oc2ccc(cc2)*)cc1)C)(C)C)C,262.0
*N1C(=O)C2C(C1=O)CC(CC2)C1CC2C(C(=O)N(C2=O)c2ccc(cc2)Oc2ccc(cc2)*)CC1,257.0
*N1C(=O)C2C(C1=O)CC(CC2)C1CC2C(C(=O)N(C2=O)c2ccc(cc2)Cc2ccc(cc2)*)CC1,260.0
*N1C(=O)C2C(C1=O)CC(CC2)C1CC2C(C(=O)N(C2=O)c2ccc(cc2)Oc2ccc(cc2)Oc2ccc(cc2)*)CC1,238.0
*N1C(=O)C2C(C1=O)CC(CC2)C1CC2C(C(=O)N(C2=O)c2ccc(cc2)Oc2cc(ccc2)Oc2ccc(cc2)*)CC1,215.0
*N1C(=O)C2C(C1=O)CC(CC2)C1CC2C(C(=O)N(C2=O)c2ccc(cc2)Oc2ccc(cc2)C(c2ccc(cc2)Oc2ccc(cc2)*)(C)C)CC1,225.0
*N1C(=O)C2C(C1=O)CC(CC2)C1CC2C(C(=O)N(C2=O)c2ccc(cc2)Oc2ccc(cc2)S(=O)(=O)c2ccc(cc2)Oc2ccc(cc2)*)CC1,256.5
*N1C(=O)C2C(C1=O)CC(CC2)C1CC2C(C(=O)N(C2=O)c2ccc(cc2)Oc2ccc(cc2)Oc2ccc(cc2)Oc2ccc(cc2)*)CC1,217.0
*N1C(=O)C2C(C1=O)CC(CC2)C1CC2C(C(=O)N(C2=O)c2cc(ccc2)*)CC1,263.0
*c1cc2c(C(=O)N(C2=O)c2c(ccc(c2)C(c2cc(c(cc2)O)N2C(=O)c3c(C2=O)cc(cc3)C(=O)*)(C(F)(F)F)C(F)(F)F)O)cc1,315.0
*c1cc2c(C(=O)N(C2=O)c2c(ccc(c2)c2cc(c(cc2)O)N2C(=O)c3c(C2=O)cc(cc3)C(*)(C(F)(F)F)C(F)(F)F)O)cc1,350.0
*c1cc2c(C(=O)N(C2=O)c2c(cc(cc2)c2cc(c(cc2)N2C(=O)c3c(C2=O)cc(cc3)C(=O)*)OCCCCCCOc2ccc(cc2)/C=C/c2ccc(cc2)F)OCCCCCCOc2ccc(cc2)/C=C/c2ccc(cc2)F)cc1,128.0
*N1C(=O)c2c(C1=O)cc(cc2)Oc1cc2c(C(=O)N(C2=O)c2c(cc(cc2)c2cc(c(cc2)*)OCCCCCCOc2ccc(cc2)/C=C/c2ccc(cc2)F)OCCCCCCOc2ccc(cc2)/C=C/c2ccc(cc2)F)cc1,124.0
*c1cc2c(C(=O)N(C2=O)c2c(cc(cc2)c2cc(c(cc2)N2C(=O)c3c(C2=O)cc(cc3)C(*)(C(F)(F)F)C(F)(F)F)OCCCCCCOc2ccc(cc2)/C=C/c2ccc(cc2)F)OCCCCCCOc2ccc(cc2)/C=C/c2ccc(cc2)F)cc1,140.0
*c1cc2c(C(=O)N(C2=O)c2c(cc(cc2)c2cc(c(cc2)N2C(=O)c3c(C2=O)cc(cc3)C(*)(C(F)(F)F)C(F)(F)F)OC(=O)C=Cc2ccccc2)OC(=O)C=Cc2ccccc2)cc1,181.0
*C1=C(C(=O)N(C1=O)CCCC)c1ccc(cc1)c1cc2C(c3c(c2cc1)ccc(c3)c1ccc(cc1)*)(CCCCCC)CCCCCC,155.0
*C1=C(C(=O)N(C1=O)CCCCCCCC)c1ccc(cc1)c1cc2C(c3c(c2cc1)ccc(c3)c1ccc(cc1)*)(CCCCCC)CCCCCC,122.0
*C1=C(C(=O)N(C1=O)CCCCCCCCCCCC)c1ccc(cc1)c1cc2C(c3c(c2cc1)ccc(c3)c1ccc(cc1)*)(CCCCCC)CCCCCC,100.0
*c1nc(c(nc1c1ccc(cc1)NC1C(=O)N(C(=O)C1)c1ccc(cc1)c1sc(c(c1c1ccccc1)c1ccccc1)c1ccc(cc1)N1C(=O)C(CC1=O)Nc1ccc(cc1)*)C#N)C#N,231.0
*c1cc2c(C(=O)N(C2=O)c2c(cc(cc2)c2cc(c(cc2)N2C(=O)c3c(C2=O)cc(cc3)C(*)(C(F)(F)F)C(F)(F)F)OCCN(c2ccc(cc2)C(=C(C#N)C#N)C#N)CC)OCCN(c2ccc(cc2)C(=C(C#N)C#N)C#N)CC)cc1,222.0
*c1cc2c(C(=O)N(C2=O)c2cc(c(cc2)c2c(cc(cc2)N2C(=O)c3c(C2=O)cc(cc3)C(=O)*)C)C)cc1,385.0
*C1C2C(ON1C)C(=O)N(C2=O)c1ccc(cc1)N1C(=O)C2C(C(N(O2)C)c2ccc(cc2)*)C1=O,67.0
*C1C2C(ON1C)C(=O)N(C2=O)c1ccc(cc1)N1C(=O)C2C(C(N(O2)C)c2ccc(cc2)OCCCCCCOc2ccc(cc2)*)C1=O,52.0
*c1ccc2c(oc(n2)c2cc3c(C(=O)N(C3=O)c3c(ccc(c3)C(*)(C(F)(F)F)C(F)(F)F)O)cc2)c1,329.0
*c1nc(ccc1)N1C(=O)N(C(=O)C1=O)CCCCCCN1C(=O)N(C(=O)C1=O)*,169.67
*c1nc(ccc1)N1C(=O)N(C(=O)C1=O)c1ccc(cc1)Cc1ccc(cc1)N1C(=O)N(C(=O)C1=O)*,216.67
*N1C(=O)c2c(C1=O)cc(c(c2)c1ccc(cc1)C(C)(C)C)c1cc2c(C(=O)N(C2=O)c2ccc(cc2)Oc2ccc(cc2)*)cc1c1ccc(cc1)C(C)(C)C,370.0
*N1C(=O)c2c(C1=O)cc(c(c2)c1ccc(cc1)C(C)(C)C)c1cc2c(C(=O)N(C2=O)c2ccc(cc2)Cc2ccc(cc2)*)cc1c1ccc(cc1)C(C)(C)C,360.0
*N1C(=O)c2c(C1=O)cc(c(c2)c1ccc(cc1)C(C)(C)C)c1cc2c(C(=O)N(C2=O)c2ccc(cc2)C(c2ccc(cc2)*)(C(F)(F)F)C(F)(F)F)cc1c1ccc(cc1)C(C)(C)C,381.0
*N1C(=O)c2c(C1=O)cc(c(c2)c1ccc(cc1)[Si](C)(C)C)c1cc2c(C(=O)N(C2=O)c2ccc(cc2)Oc2ccc(cc2)*)cc1c1ccc(cc1)[Si](C)(C)C,348.0
*N1C(=O)c2c(C1=O)cc(c(c2)c1ccc(cc1)[Si](C)(C)C)c1cc2c(C(=O)N(C2=O)c2ccc(cc2)Cc2ccc(cc2)*)cc1c1ccc(cc1)[Si](C)(C)C,348.0
*N1C(=O)c2c(C1=O)cc(c(c2)c1ccc(cc1)[Si](C)(C)C)c1cc2c(C(=O)N(C2=O)c2ccc(cc2)C(c2ccc(cc2)*)(C(F)(F)F)C(F)(F)F)cc1c1ccc(cc1)[Si](C)(C)C,365.0
*C1C2C(C(=O)N(C2=O)CCCCCCC)C(C1)C=C*,59.0
*C1C2C(C(=O)N(C2=O)CCCCCCCC)C(C1)C=C*,56.5
*C1C2C(C(=O)N(C2=O)CCCCCCCCCC)C(C1)C=C*,46.0
*C1C2C(C(=O)N(C2=O)CCCCCCCCC)C(C1)C=C*,52.0
*C1C2C(C(=O)N(C2=O)CCCCCCCCCCCC)C(C1)C=C*,50.0
*C1C2C(C(=O)N(C2=O)CCC)C(C1)C=C*,139.0
*N1C(=O)c2c(C1=O)cc(cc2)Oc1ccc(cc1)C1(CCCCCCCCCCC1)c1ccc(cc1)Oc1cc2c(C(=O)N(C2=O)c2ccc(cc2)Oc2cc(c(cc2)c2c(cc(cc2)Oc2ccc(cc2)*)C)C)cc1,257.0
*N1C(=O)c2c(C1=O)cc(cc2)Oc1ccc(cc1)C1(CCCCCCCCCCC1)c1ccc(cc1)Oc1cc2c(C(=O)N(C2=O)c2ccc(cc2)Cc2ccc(cc2)*)cc1,240.0
*N1C(=O)c2c(C1=O)cc(cc2)Oc1ccc(cc1)C1(CCCCCCCCCCC1)c1ccc(cc1)Oc1cc2c(C(=O)N(C2=O)c2ccc(cc2)Oc2c(cc(cc2)Oc2ccc(cc2)*)C(C)(C)C)cc1,262.0
*N1C(=O)c2c(C1=O)cc(cc2)Oc1ccc(cc1)C1(CCCCCCCCCCC1)c1ccc(cc1)Oc1cc2c(C(=O)N(C2=O)c2ccc(cc2)Oc2ccc(cc2)*)cc1,230.0
*N1C(=O)c2c(C1=O)cc(cc2)Oc1ccc(cc1)C1(CCCCCCCCCCC1)c1ccc(cc1)Oc1cc2c(C(=O)N(C2=O)c2ccc(cc2)Oc2ccc(cc2)C2(C3CCC(C2)C3)c2ccc(cc2)Oc2ccc(cc2)*)cc1,259.0
*N1C(=O)c2c(C1=O)cc(cc2)Oc1ccc(cc1)C1(CCCCCCCCCCC1)c1ccc(cc1)Oc1cc2c(C(=O)N(C2=O)c2ccc(cc2)Oc2ccc(cc2)C2(CCC(CC2)C(C)(C)C)c2ccc(cc2)Oc2ccc(cc2)*)cc1,254.0
*N1C(=O)c2c(C1=O)cc(cc2)Oc1ccc(cc1)C1(CCCCCCCCCCC1)c1ccc(cc1)Oc1cc2c(C(=O)N(C2=O)c2ccc(cc2)Oc2ccc(cc2)C2(C3CC4CC(CC2C4)C3)c2ccc(cc2)Oc2ccc(cc2)*)cc1,262.0
*c1cc2c(C(=O)N(C2=O)c2ccc(cc2)N2C(=O)c3c(C2=O)cc(cc3)C(=O)Nc2ccc(cc2)Oc2c(cccc2)c2c(cccc2)Oc2ccc(cc2)NC(=O)*)cc1,268.0
*c1cc2c(C(=O)N(C2=O)c2cc(ccc2)N2C(=O)c3c(C2=O)cc(cc3)C(=O)Nc2ccc(cc2)Oc2c(cccc2)c2c(cccc2)Oc2ccc(cc2)NC(=O)*)cc1,237.0
*c1cc2c(C(=O)N(C2=O)c2cc(ccc2)N2C(=O)c3c(C2=O)cc(cc3)C(=O)Nc2ccc(cc2)Oc2ccc(cc2)c2ccc(cc2)Oc2ccc(cc2)NC(=O)*)cc1,292.0
*c1cc2c(C(=O)N(C2=O)c2c(ccc(c2)N2C(=O)c3c(C2=O)cc(cc3)C(=O)Nc2ccc(cc2)Oc2c(cccc2)c2c(cccc2)Oc2ccc(cc2)NC(=O)*)C)cc1,266.0
*c1cc2c(C(=O)N(C2=O)c2c(ccc(c2)N2C(=O)c3c(C2=O)cc(cc3)C(=O)Nc2ccc(cc2)Oc2ccc(cc2)c2ccc(cc2)Oc2ccc(cc2)NC(=O)*)C)cc1,299.0
*c1cc2c(C(=O)N(C2=O)c2ccc(cc2)Cc2ccc(cc2)N2C(=O)c3c(C2=O)cc(cc3)C(=O)Nc2ccc(cc2)Oc2c(cccc2)c2c(cccc2)Oc2ccc(cc2)NC(=O)*)cc1,240.0
*c1cc2c(C(=O)N(C2=O)c2ccc(cc2)Oc2ccc(cc2)N2C(=O)c3c(C2=O)cc(cc3)C(=O)Nc2ccc(cc2)Oc2c(cccc2)c2c(cccc2)Oc2ccc(cc2)NC(=O)*)cc1,244.0
*c1cc2c(C(=O)N(C2=O)c2ccc(cc2)Oc2ccc(cc2)N2C(=O)c3c(C2=O)cc(cc3)C(=O)Nc2ccc(cc2)Oc2ccc(cc2)c2ccc(cc2)Oc2ccc(cc2)NC(=O)*)cc1,286.0
*c1cc2c(C(=O)N(C2=O)c2ccc(cc2)Oc2ccc(cc2)Oc2ccc(cc2)N2C(=O)c3c(C2=O)cc(cc3)C(=O)Nc2ccc(cc2)Oc2c(cccc2)c2c(cccc2)Oc2ccc(cc2)NC(=O)*)cc1,238.0
*c1cc2c(C(=O)N(C2=O)c2ccc(cc2)Oc2cc(ccc2)Oc2ccc(cc2)N2C(=O)c3c(C2=O)cc(cc3)C(=O)Nc2ccc(cc2)Oc2c(cccc2)c2c(cccc2)Oc2ccc(cc2)NC(=O)*)cc1,229.0
*c1cc2c(C(=O)N(C2=O)c2ccc(cc2)Oc2c(cccc2)c2c(cccc2)Oc2ccc(cc2)N2C(=O)c3c(C2=O)cc(cc3)C(=O)Nc2ccc(cc2)Oc2c(cccc2)c2c(cccc2)Oc2ccc(cc2)NC(=O)*)cc1,233.0
*c1cc2c(C(=O)N(C2=O)c2ccc(cc2)Oc2c(cccc2)c2c(cccc2)Oc2ccc(cc2)N2C(=O)c3c(C2=O)cc(cc3)C(=O)Nc2ccc(cc2)Oc2ccc(cc2)c2ccc(cc2)Oc2ccc(cc2)NC(=O)*)cc1,254.0
*c1cc2c(C(=O)N(C2=O)c2ccc(cc2)Oc2ccc(cc2)c2ccc(cc2)Oc2ccc(cc2)N2C(=O)c3c(C2=O)cc(cc3)C(=O)Nc2ccc(cc2)Oc2c(cccc2)c2c(cccc2)Oc2ccc(cc2)NC(=O)*)cc1,233.0
*c1cc2c(C(=O)N(C2=O)c2ccc(cc2)Oc2ccc(cc2)C(c2ccc(cc2)Oc2ccc(cc2)N2C(=O)c3c(C2=O)cc(cc3)C(=O)Nc2ccc(cc2)Oc2c(cccc2)c2c(cccc2)Oc2ccc(cc2)NC(=O)*)(C)C)cc1,229.0
*c1cc2c(C(=O)N(C2=O)c2ccc(cc2)Oc2ccc(cc2)C(c2ccc(cc2)Oc2ccc(cc2)N2C(=O)c3c(C2=O)cc(cc3)C(=O)Nc2ccc(cc2)Oc2ccc(cc2)c2ccc(cc2)Oc2ccc(cc2)NC(=O)*)(C)C)cc1,283.0
*c1cc2c(C(=O)N(C2=O)c2ccc(cc2)Oc2ccc(cc2)S(=O)(=O)c2ccc(cc2)Oc2ccc(cc2)N2C(=O)c3c(C2=O)cc(cc3)C(=O)Nc2ccc(cc2)Oc2c(cccc2)c2c(cccc2)Oc2ccc(cc2)NC(=O)*)cc1,236.0
*c1cc2c(C(=O)N(C2=O)c2ccc(cc2)Oc2ccc(cc2)S(=O)(=O)c2ccc(cc2)Oc2ccc(cc2)N2C(=O)c3c(C2=O)cc(cc3)C(=O)Nc2ccc(cc2)Oc2ccc(cc2)c2ccc(cc2)Oc2ccc(cc2)NC(=O)*)cc1,267.0
*c1cc2c(C(=O)N(C2=O)c2ccc(cc2)Oc2cc3c(cc2)ccc(c3)Oc2ccc(cc2)N2C(=O)c3c(C2=O)cc(cc3)C(*)(C(F)(F)F)C(F)(F)F)cc1,302.3
*c1nc2c([nH]1)ccc(c2)c1ccc2c(nc([nH]2)c2cc(ccc2)C(=O)Nc2ccc(cc2)Cc2ccc(cc2)N2C(=O)c3c(C2=O)cc(cc3)S(=O)(=O)c2cc3c(C(=O)N(C3=O)c3ccc(cc3)Cc3ccc(cc3)NC(=O)c3cc(ccc3)*)cc2)c1,270.0
*C1C(=O)N(C(=O)C1CC*)C,141.2
*C1C(=O)N(C(=O)C1CC*)CC,109.2
*C1C(=O)N(C(=O)C1CC*)CCC,90.4
*C1C(=O)N(C(=O)C1CC*)CCCC,67.9
*C1C(=O)N(C(=O)C1CC*)CCCCCC,41.5
*C1C(=O)N(C(=O)C1CC*)CCCCCCCCCCCC,55.4
*C1C(=O)N(C(=O)C1CC*)CCCCCCCCCCCCCC,62.4
*C1C(=O)N(C(=O)C1CC*)CCCCCCCCCCCCCCCC,65.6
*C1C(=O)N(C(=O)C1CC*)CCCCCCCCCCCCCCCCCC,67.1
*c1cc2c(C(=O)N(C2=O)c2ccc(cc2)Oc2ccc(cc2)N2C(=O)c3c(C2=O)cc(cc3)C(=O)N2C(=O)N(C(=O)C2(C)C)C(=O)*)cc1,156.0
*c1cc2c(C(=O)N(C2=O)c2ccc(cc2)Oc2ccc(cc2)N2C(=O)c3c(C2=O)cc(cc3)C(=O)N2C(=O)N(C(=O)C2(CC)CC)C(=O)*)cc1,160.0
*C1C(=O)N(C(=O)C1C(C*)c1ccccc1)C(C)(C)C,178.0
*C1C(=O)N(C(=O)C1C(C*)c1ccccc1)c1ccc(cc1)C(C)(C)C,237.0
*C1C(=O)N(C(=O)C1C(C*)c1ccccc1)c1ccc(cc1)Oc1ccccc1,194.0
*c1cc2c(C(=O)N(C2=O)c2c(cc(c(c2C)N2C(=O)c3c(C2=O)cc(cc3)C(=O)Nc2ccc(cc2)NC(=O)*)C)C)cc1,327.0
*c1cc2c(C(=O)N(C2=O)c2c(cc(c(c2C)N2C(=O)c3c(C2=O)cc(cc3)C(=O)Nc2c(cc(c(c2C)NC(=O)*)C)C)C)C)cc1,288.0
*c1cc2c(C(=O)N(C2=O)c2c(cc(c(c2C)N2C(=O)c3c(C2=O)cc(cc3)C(=O)Nc2cc(c(cc2)c2c(cc(cc2)NC(=O)*)C)C)C)C)cc1,259.0
*c1cc2c(C(=O)N(C2=O)c2c(cc(c(c2C)N2C(=O)c3c(C2=O)cc(cc3)C(=O)Nc2cc(c(cc2)c2c(cc(cc2)NC(=O)*)C(F)(F)F)C(F)(F)F)C)C)cc1,267.0
*c1cc2c(C(=O)N(C2=O)c2ccc(cc2)Oc2ccc(cc2)C(=O)c2ccc(cc2)Oc2ccc(cc2)N2C(=O)c3c(C2=O)cc(cc3)C(=O)*)cc1,252.0
*N1C(=O)c2c(C1=O)cc(cc2)c1cc2c(C(=O)N(C2=O)c2ccc(cc2)Oc2ccc(cc2)C(=O)c2ccc(cc2)Oc2ccc(cc2)*)cc1,253.0
*N1C(=O)c2c(C1=O)cc(cc2)Oc1cc2c(C(=O)N(C2=O)c2ccc(cc2)Oc2ccc(cc2)C(=O)c2ccc(cc2)Oc2ccc(cc2)*)cc1,243.0
*N1C(=O)c2c(C1=O)cc(cc2)S(=O)(=O)c1cc2c(C(=O)N(C2=O)c2ccc(cc2)Oc2ccc(cc2)C(=O)c2ccc(cc2)Oc2ccc(cc2)*)cc1,275.5
*c1cc2c(C(=O)N(C2=O)c2ccc(cc2)Oc2ccc(cc2)C(=O)c2ccc(cc2)Oc2ccc(cc2)N2C(=O)c3c(C2=O)cc(cc3)C(*)(C(F)(F)F)C(F)(F)F)cc1,266.0
*N1C(=O)C(CC1=O)SCCOCCSC1C(=O)N(C(=O)C1)c1ccc(cc1)C(=O)Oc1ccc(cc1)OC(=O)c1ccc(cc1)*,166.0
*N1C(=O)C(CC1=O)SCCOCCSC1C(=O)N(C(=O)C1)c1ccc(cc1)C(=O)Oc1cc2c(cc1)ccc(c2)OC(=O)c1ccc(cc1)*,160.0
*N1C(=O)C(CC1=O)SCCOCCSC1C(=O)N(C(=O)C1)c1ccc(cc1)C(=O)Oc1ccc(cc1)C(c1ccc(cc1)OC(=O)c1ccc(cc1)*)(C)C,143.0
*N1C(=O)c2c(C1=O)c(ccc2)Oc1c2c(C(=O)N(C2=O)c2ccc(cc2)Oc2ccc(cc2)*)ccc1,292.5
*N1C(=O)c2c(C1=O)c(ccc2)Oc1cc2c(C(=O)N(C2=O)c2ccc(cc2)Oc2ccc(cc2)*)cc1,277.0
*N1C(=O)c2c(C1=O)c(ccc2)Oc1c2c(C(=O)N(C2=O)c2ccc(cc2)Oc2ccc(cc2)Oc2ccc(cc2)*)ccc1,258.0
*N1C(=O)c2c(C1=O)c(ccc2)Oc1cc2c(C(=O)N(C2=O)c2ccc(cc2)Oc2ccc(cc2)Oc2ccc(cc2)*)cc1,249.0
*c1cc2c(C(=O)N(C2=O)c2cc(c(cc2)c2c(cc(cc2)N2C(=O)c3c(C2=O)cc(cc3)C(=O)Oc2ccc(cc2)C(c2ccc(cc2)OC(=O)*)(C)C)C)C)cc1,166.0
*c1cc2c(C(=O)N(C2=O)c2cc(c(cc2)c2c(cc(cc2)N2C(=O)c3c(C2=O)cc(cc3)C(=O)Oc2c(cc(cc2C)C(c2cc(c(c(c2)C)OC(=O)*)C)(C)C)C)C)C)cc1,182.0
*c1cc2c(C(=O)N(C2=O)c2cc(c(cc2)c2c(cc(cc2)N2C(=O)c3c(C2=O)cc(cc3)C(=O)Oc2cc(c(cc2)c2c(cc(cc2)OC(=O)*)C)C)C)C)cc1,177.0
*c1cc2c(C(=O)N(C2=O)c2cc(c(cc2)c2c(cc(cc2)N2C(=O)c3c(C2=O)cc(cc3)C(=O)Oc2c(ccc(c2)OC(=O)*)C23CC4CC(CC(C2)C4)C3)C)C)cc1,225.0
*c1cc2c(C(=O)N(C2=O)c2cc(c(cc2)c2c(cc(cc2)N2C(=O)c3c(C2=O)cc(cc3)C(=O)Oc2ccc(cc2)C2(C3CC4CC(CC2C4)C3)c2ccc(cc2)OC(=O)*)C)C)cc1,222.0
*c1cc2c(C(=O)N(C2=O)c2cc(c(cc2)c2c(cc(cc2)N2C(=O)c3c(C2=O)cc(cc3)C(=O)Oc2ccc(cc2)C2(C3C4C(CCC4)C(C2)C3)c2ccc(cc2)OC(=O)*)C)C)cc1,226.0
*c1cc2c(C(=O)N(C2=O)c2cc(c(cc2)c2c(cc(cc2)N2C(=O)c3c(C2=O)cc(cc3)C(=O)Oc2ccc(cc2)C2(CCCCCCCCCCC2)c2ccc(cc2)OC(=O)*)C)C)cc1,204.0
*c1cc2c(C(=O)N(C2=O)c2cc(c(cc2)c2c(cc(cc2)N2C(=O)c3c(C2=O)cc(cc3)C(=O)Oc2ccc(cc2)C2(CCC(CC2)C(C)(C)C)c2ccc(cc2)OC(=O)*)C)C)cc1,217.0
*N1C(=O)C2CCC3C(C2C1=O)C(=O)N(C3=O)c1ccc(cc1)Oc1ccc(cc1)*,342.0
*N1C(=O)C2CCC3C(C2C1=O)C(=O)N(C3=O)c1ccc(cc1)Cc1ccc(cc1)*,341.0
*N1C(=O)C2CCC3C(C2C1=O)C(=O)N(C3=O)c1c(cc(cc1)Cc1cc(c(cc1)*)C)C,340.0
*N1C(=O)C2CCC3C(C2C1=O)C(=O)N(C3=O)c1ccc(cc1)Oc1ccc(cc1)Oc1ccc(cc1)*,274.0
*N1C(=O)C2CCC3C(C2C1=O)C(=O)N(C3=O)c1ccc(cc1)Oc1ccc(cc1)C(c1ccc(cc1)Oc1ccc(cc1)*)(C)C,263.5
*c1cc2c(C(=O)N(C2=O)c2c(cc(cc2)c2cc(c(cc2)N2C(=O)c3c(C2=O)cc(cc3)C(*)(C(F)(F)F)C(F)(F)F)OCCOc2ccc3c(c2)oc(=O)cc3C)OCCOc2ccc3c(c2)oc(=O)cc3C)cc1,132.0
*c1cc2c(C(=O)N(C2=O)c2cc(c(cc2)Oc2c(cccc2)Oc2c(cc(cc2)N2C(=O)c3c(C2=O)cc(cc3)C(=O)*)C(F)(F)F)C(F)(F)F)cc1,236.0
*N1C(=O)c2c(C1=O)cc(cc2)c1cc2c(C(=O)N(C2=O)c2cc(c(cc2)Oc2c(cccc2)Oc2c(cc(cc2)*)C(F)(F)F)C(F)(F)F)cc1,249.0
*N1C(=O)c2c(C1=O)cc(cc2)S(=O)(=O)c1cc2c(C(=O)N(C2=O)c2cc(c(cc2)Oc2c(cccc2)Oc2c(cc(cc2)*)C(F)(F)F)C(F)(F)F)cc1,255.0
*N1C(=O)c2c(C1=O)cc(cc2)Oc1cc2c(C(=O)N(C2=O)c2cc(c(cc2)Oc2c(cccc2)Oc2c(cc(cc2)*)C(F)(F)F)C(F)(F)F)cc1,223.0
*c1cc2c(C(=O)N(C2=O)c2cc(c(cc2)Oc2c(cccc2)Oc2c(cc(cc2)N2C(=O)c3c(C2=O)cc(cc3)C(*)(C(F)(F)F)C(F)(F)F)C(F)(F)F)C(F)(F)F)cc1,247.0
*c1cc2c(C(=O)N(C2=O)c2cc(ccc2)P(=O)(c2cc(ccc2)N2C(=O)c3c(C2=O)cc(cc3)C(=O)Nc2cc(ccc2)P(=O)(c2cc(ccc2)NC(=O)*)c2ccccc2)c2ccccc2)cc1,206.0
*c1cc2c(C(=O)N(C2=O)c2cc(ccc2)P(=O)(c2cc(ccc2)N2C(=O)c3c(C2=O)cc(cc3)C(=O)Nc2ccc(cc2)c2nc(cc(c2)c2ccccc2)c2ccc(cc2)NC(=O)*)c2ccccc2)cc1,258.0
*c1cc2c(C(=O)N(C2=O)c2cc(ccc2)P(=O)(c2cc(ccc2)N2C(=O)c3c(C2=O)cc(cc3)C(=O)Nc2ccc(cc2)S(=O)(=O)c2ccc(cc2)NC(=O)*)c2ccccc2)cc1,241.0
*c1cc2c(C(=O)N(C2=O)c2cc(ccc2)P(=O)(c2cc(ccc2)N2C(=O)c3c(C2=O)cc(cc3)C(=O)Nc2ccc(cc2)NC(=O)*)c2ccccc2)cc1,204.0
*c1cc2c(C(=O)N(C2=O)c2cc(ccc2)P(=O)(c2cc(ccc2)N2C(=O)c3c(C2=O)cc(cc3)C(=O)Nc2ccc(cc2)Cc2ccc(cc2)NC(=O)*)c2ccccc2)cc1,233.0
*c1cc2c(C(=O)N(C2=O)c2cc(ccc2)P(=O)(c2cc(ccc2)N2C(=O)c3c(C2=O)cc(cc3)C(=O)Nc2ccc(cc2)Oc2ccc(cc2)NC(=O)*)c2ccccc2)cc1,235.0
*c1cc2c(C(=O)N(C2=O)c2cc(ccc2)P(=O)(c2cc(ccc2)N2C(=O)c3c(C2=O)cc(cc3)C(=O)Nc2ccc3Cc4c(c3c2)cc(cc4)NC(=O)*)c2ccccc2)cc1,248.0
*c1cc2c(C(=O)N(C2=O)c2cc(ccc2)P(=O)(c2cc(ccc2)N2C(=O)c3c(C2=O)cc(cc3)C(=O)Nc2ccc(cc2)c2ccc(cc2)NC(=O)*)c2ccccc2)cc1,253.0
*N1C(=O)c2c(C1=O)cc(cc2)c1cc2c(C(=O)N(C2=O)c2c(ccc(c2)*)Oc2ccc(cc2)C(c2ccccc2)(C)C)cc1,275.0
*c1cc2c(C(=O)N(C2=O)c2c(ccc(c2)N2C(=O)c3c(C2=O)cc(cc3)C(=O)*)Oc2ccc(cc2)C(c2ccccc2)(C)C)cc1,267.0
*N1C(=O)c2c(C1=O)cc(cc2)c1cc2c(C(=O)N(C2=O)c2c(ccc(c2)*)Oc2ccc(cc2)S(=O)(=O)c2ccc(cc2)C)cc1,281.0
*c1cc2c(C(=O)N(C2=O)c2c(ccc(c2)N2C(=O)c3c(C2=O)cc(cc3)C(=O)*)Oc2ccc(cc2)S(=O)(=O)c2ccc(cc2)C)cc1,293.0
*c1cc2c(C(=O)N(C2=O)c2ccc(cc2)Oc2ccc(cc2)N2C(=O)c3c(C2=O)cc(cc3)C(=O)N2C(=S)N(C(C(=C2C)C(=O)OCC)c2ccccc2)C(=O)*)cc1,155.0
*c1cc2c(C(=O)N(C2=O)c2ccc(cc2)Oc2ccc(cc2)N2C(=O)c3c(C2=O)cc(cc3)C(=O)N2C(=S)N(C(C(=C2C)C(=O)OCC)c2c(cc(cc2)OC)OC)C(=O)*)cc1,165.0
*c1cc2c(C(=O)N(C2=O)c2cc(ccc2)P(=O)(c2cc(ccc2)N2C(=O)c3c(C2=O)cc(cc3)C(=O)Nc2ccc(cc2)C(=O)c2ccc(cc2)NC(=O)*)c2ccccc2)cc1,238.0
*C1C(=O)N(C(=O)C1*)c1ccc(cc1)O[Si](C)(C)C,172.0
*C1C(=O)N(C(=O)C1*)c1ccc(cc1)O[Si](c1ccccc1)(c1ccccc1)c1ccccc1,183.0
*C1C(=O)N(C(=O)C1*)c1ccc(cc1)O[Si](C(C)(C)C)(C)C,169.0
*C1C(=O)N(C(=O)C1*)c1ccc(cc1)O[Si](CC)(CC)CC,165.0
*C1C(=O)N(C(=O)C1*)c1cc(c(c(c1)Br)O[Si](C)(C)C)Br,167.0
*C1C(=O)N(C(=O)C1*)c1cc(c(c(c1)Br)O[Si](c1ccccc1)(c1ccccc1)c1ccccc1)Br,179.0
*C1C(=O)N(C(=O)C1*)c1cc(c(c(c1)Br)O[Si](C(C)(C)C)(C)C)Br,164.0
*C1C(=O)N(C(=O)C1*)c1cc(c(c(c1)Br)O[Si](CC)(CC)CC)Br,160.0
*C1C(=O)N(C(=O)C1CC*)CCCCNC(=O)C(C(C(C(C(C(C(F)(F)F)(F)F)(F)F)(F)F)(F)F)(F)F)(F)F,100.0
*C1C(=O)N(C(=O)C1C(C*)c1ccccc1)CCCCNC(=O)C(C(C(C(C(C(C(F)(F)F)(F)F)(F)F)(F)F)(F)F)(F)F)(F)F,113.0
*C1C(=O)N(C(=O)C1C(C*)CCCCCCCCCCCCCCCC)CCCCNC(=O)C(C(C(C(C(C(C(F)(F)F)(F)F)(F)F)(F)F)(F)F)(F)F)(F)F,63.0
*C1C(=O)N(C(=O)C1C(C*)CCCCCCCCCCCCCCCC)CCCCCCCCCCCC,30.0
*C1C2C(C(=O)N(C2=O)c2cc(cc(c2)C(F)(F)F)C(F)(F)F)C(C1)C=C*,162.0
*c1cc2c(C(=O)N(C2=O)c2c(ccc(c2)N2C(=O)c3c(C2=O)cc(cc3)C(=O)Nc2c(cc(cc2C)Cc2cc(c(c(c2)C)NC(=O)*)C)C)N=Nc2ccc(cc2)F)cc1,279.0
*c1cc2c(C(=O)N(C2=O)c2c(ccc(c2)N2C(=O)c3c(C2=O)cc(cc3)C(=O)Nc2c(cc(cc2C)Cc2cc(c(c(c2)C)NC(=O)*)C)C)N=Nc2ccc(cc2)OC(F)(F)F)cc1,278.0
*c1cc2c(C(=O)N(C2=O)c2c(ccc(c2)N2C(=O)c3c(C2=O)cc(cc3)C(=O)Nc2c(cc(cc2C)Cc2cc(c(c(c2)C)NC(=O)*)C)C)N=Nc2ccc(cc2)[N+](=O)[O-])cc1,280.0
*c1cc2c(C(=O)N(C2=O)c2c(ccc(c2)N2C(=O)c3c(C2=O)cc(cc3)C(=O)Nc2ccc(cc2)Cc2ccc(cc2)NC(=O)*)N=Nc2ccc(cc2)C)cc1,268.0
*c1cc2c(C(=O)N(C2=O)c2c(ccc(c2)N2C(=O)c3c(C2=O)cc(cc3)C(=O)Nc2c(cc(cc2)Cc2cc(c(cc2)NC(=O)*)C)C)N=Nc2ccc(cc2)C)cc1,257.0
*c1cc2c(C(=O)N(C2=O)c2c(ccc(c2)N2C(=O)c3c(C2=O)cc(cc3)C(=O)Nc2c(cc(cc2CC)Cc2cc(c(c(c2)CC)NC(=O)*)CC)CC)N=Nc2ccc(cc2)C)cc1,269.0
*N1C(=O)c2c(C1=O)cc(cc2)Oc1cc2c(C(=O)N(C2=O)c2c(ccc(c2)C(c2cc(c(cc2)OCCN(c2ccc(cc2)C=CC2=CC(=C(C#N)C#N)CC(C2)(C)C)C)*)(C(F)(F)F)C(F)(F)F)OCCN(c2ccc(cc2)C=CC2=CC(=C(C#N)C#N)CC(C2)(C)C)C)cc1,215.0
*N1C(=O)c2c(C1=O)cc(cc2)Oc1cc2c(C(=O)N(C2=O)c2c(ccc(c2)C(c2cc(c(cc2)OCCN(c2ccc(cc2)C=CC2=CC(=C(S(=O)(=O)C)C#N)CC(C2)(C)C)C)*)(C(F)(F)F)C(F)(F)F)OCCN(c2ccc(cc2)C=CC2=CC(=C(S(=O)(=O)C)C#N)CC(C2)(C)C)C)cc1,225.0
*N1C(=O)c2c(C1=O)cc(cc2)Oc1cc2c(C(=O)N(C2=O)c2c(ccc(c2)C(c2cc(c(cc2)OCCN(c2ccc(cc2)C=CC2=CC(=C(C#N)C#N)CC(C2)(C)C)CC)*)(C(F)(F)F)C(F)(F)F)OCCN(c2ccc(cc2)C=CC2=CC(=C(C#N)C#N)CC(C2)(C)C)CC)cc1,202.0
*N1C(=O)c2c(C1=O)cc(cc2)Oc1cc2c(C(=O)N(C2=O)c2c(ccc(c2)C(c2cc(c(cc2)OCCN(c2ccc(cc2)C=CC2=CC(=C(C#N)C#N)CC(C2)(C)C)c2ccccc2)*)(C(F)(F)F)C(F)(F)F)OCCN(c2ccc(cc2)C=CC2=CC(=C(C#N)C#N)CC(C2)(C)C)c2ccccc2)cc1,220.0
*N1C(=O)c2c(C1=O)cc(cc2)Oc1cc2c(C(=O)N(C2=O)c2c(ccc(c2)C(c2cc(c(cc2)OCCN(c2ccc(cc2)C=CC2=CC(=C(S(=O)(=O)C)C#N)CC(C2)(C)C)c2ccccc2)*)(C(F)(F)F)C(F)(F)F)OCCN(c2ccc(cc2)C=CC2=CC(=C(S(=O)(=O)C)C#N)CC(C2)(C)C)c2ccccc2)cc1,234.0
*N1C(=O)c2c(C1=O)cc(cc2)Oc1cc2c(C(=O)N(C2=O)c2c(ccc(c2)C(c2cc(c(cc2)OCCN(c2ccc(cc2)C=CC2=CC(=C(C(=O)OC)C#N)CC(C2)(C)C)c2ccccc2)*)(C(F)(F)F)C(F)(F)F)OCCN(c2ccc(cc2)C=CC2=CC(=C(C(=O)OC)C#N)CC(C2)(C)C)C)cc1,207.0
*N1C(=O)c2c(C1=O)cc(cc2)Oc1cc2c(C(=O)N(C2=O)c2c(ccc(c2)C(c2cc(c(cc2)OCCN(c2ccc(cc2)C=CC2=CC(=C(C(=O)OCCc3ccccc3)C#N)CC(C2)(C)C)c2ccccc2)*)(C(F)(F)F)C(F)(F)F)OCCN(c2ccc(cc2)C=CC2=CC(=C(C(=O)OCCc3ccccc3)C#N)CC(C2)(C)C)C)cc1,177.0
*N1C(=O)c2c(C1=O)cc(cc2)Oc1cc2c(C(=O)N(C2=O)c2c(ccc(c2)C(c2cc(c(cc2)OCCN(c2ccc(cc2)C=CC2=CC(=C(C(=O)OCc3ccc(cc3)Oc3c(c(c(c(c3F)F)F)F)F)C#N)CC(C2)(C)C)c2ccccc2)*)(C(F)(F)F)C(F)(F)F)OCCN(c2ccc(cc2)C=CC2=CC(=C(C(=O)OCc3ccc(cc3)Oc3c(c(c(c(c3F)F)F)F)F)C#N)CC(C2)(C)C)C)cc1,162.0
*c1cc2c(=O)n(c(=O)c3ccc4c5c(cc6c(=O)n(c(=O)c7ccc(c1c4c23)c5c67)CCCCCCCC)Oc1ccc(cc1)C=Cc1c(cc(c(c1)OCCCCCCCC)C=Cc1ccc(cc1)O*)OCCCCCCCC)CCCCCCCC,103.0
*c1cc2c(C(=O)N(C2=O)c2ccc(cc2)NC(=O)Nc2ccc(cc2)N2C(=O)c3c(C2=O)cc(cc3)C(=O)Nc2ccc(cc2)NC(=O)Nc2ccc(cc2)NC(=O)*)cc1,208.0
*c1cc2c(C(=O)N(C2=O)c2ccc(cc2)NC(=O)Nc2ccc(cc2)N2C(=O)c3c(C2=O)cc(cc3)C(=O)Nc2ccc(cc2)c2nc(cc(c2)c2ccccc2)c2ccc(cc2)NC(=O)*)cc1,215.0
*c1cc2c(C(=O)N(C2=O)c2ccc(cc2)NC(=O)Nc2ccc(cc2)N2C(=O)c3c(C2=O)cc(cc3)C(=O)Nc2ccc(cc2)S(=O)(=O)c2ccc(cc2)NC(=O)*)cc1,205.0
*c1cc2c(C(=O)N(C2=O)c2ccc(cc2)NC(=O)Nc2ccc(cc2)N2C(=O)c3c(C2=O)cc(cc3)C(=O)Nc2ccc(cc2)NC(=O)*)cc1,216.0
*c1cc2c(C(=O)N(C2=O)c2ccc(cc2)NC(=O)Nc2ccc(cc2)N2C(=O)c3c(C2=O)cc(cc3)C(=O)Nc2ccc(cc2)C(=O)c2ccc(cc2)NC(=O)*)cc1,212.0
*c1cc2c(C(=O)N(C2=O)c2ccc(cc2)NC(=O)Nc2ccc(cc2)N2C(=O)c3c(C2=O)cc(cc3)C(=O)Nc2ccc(cc2)Cc2ccc(cc2)NC(=O)*)cc1,211.0
*c1cc2c(C(=O)N(C2=O)c2ccc(cc2)NC(=O)Nc2ccc(cc2)N2C(=O)c3c(C2=O)cc(cc3)C(=O)Nc2ccc(cc2)Oc2ccc(cc2)NC(=O)*)cc1,205.0
*c1cc2c(C(=O)N(C2=O)c2ccc(cc2)NC(=O)Nc2ccc(cc2)N2C(=O)c3c(C2=O)cc(cc3)C(=O)Nc2cc3Cc4c(c3cc2)ccc(c4)NC(=O)*)cc1,224.0
*c1cc2c(C(=O)N(C2=O)c2ccc(cc2)NC(=O)Nc2ccc(cc2)N2C(=O)c3c(C2=O)cc(cc3)C(=O)Nc2ccc(cc2)c2ccc(cc2)NC(=O)*)cc1,233.0
*c1cc2c(C(=O)N(C2=O)c2cc(ccc2)P(=O)(c2cc(ccc2)N2C(=O)c3c(C2=O)cc(cc3)C(=O)Nc2nc(ccc2)NC(=O)*)c2ccccc2)cc1,156.0
*c1cc2c(C(=O)N(C2=O)c2ccc(cc2)C(c2ccc(cc2)C(c2ccc(cc2)N2C(=O)c3c(C2=O)cc(cc3)C(=O)*)(C)C)(C)C)cc1,323.4
*c1cc2c(C(=O)N(C2=O)c2ccc(cc2)C(c2cc(ccc2)C(c2ccc(cc2)N2C(=O)c3c(C2=O)cc(cc3)C(=O)*)(C)C)(C)C)cc1,309.75
*c1cc2c(C(=O)N(C2=O)c2ccc(cc2)C(=O)Nc2ccc(cc2)Oc2ccc(cc2)NC(=O)c2ccc(cc2)NC(=O)Nc2ccc(cc2)Cc2ccc(cc2)NC(=O)Nc2ccc(cc2)C(=O)Nc2ccc(cc2)Oc2ccc(cc2)NC(=O)c2ccc(cc2)N2C(=O)c3c(C2=O)cc(cc3)C(=O)*)cc1,229.0
*c1cc2c(C(=O)N(C2=O)c2c(cc(cc2C)Cc2cc(c(c(c2)C)N2C(=O)c3c(C2=O)cc(cc3)C(=O)*)C)C)cc1,331.0
*c1cc2c(C(=O)N(C2=O)c2c(cc(cc2CC)Cc2cc(c(c(c2)CC)N2C(=O)c3c(C2=O)cc(cc3)C(=O)*)CC)CC)cc1,296.0
*c1cc2c(C(=O)N(C2=O)c2c(cc(cc2C(C)C)Cc2cc(c(c(c2)C(C)C)N2C(=O)c3c(C2=O)cc(cc3)C(=O)*)C(C)C)C(C)C)cc1,263.0
*N1C(=O)c2c(C1=O)cc(cc2)c1cc2c(C(=O)N(C2=O)c2cc(cc(c2)C(F)(F)F)Oc2c(cc(cc2C)c2cc(c(c(c2)C)Oc2cc(cc(c2)C(F)(F)F)*)C)C)cc1,281.1
*c1cc2c(C(=O)N(C2=O)c2cc(cc(c2)C(F)(F)F)Oc2c(cc(cc2C)c2cc(c(c(c2)C)Oc2cc(cc(c2)C(F)(F)F)N2C(=O)c3c(C2=O)cc(cc3)C(=O)*)C)C)cc1,265.4
*N1C(=O)c2c(C1=O)cc(cc2)Oc1cc2c(C(=O)N(C2=O)c2cc(cc(c2)C(F)(F)F)Oc2c(cc(cc2C)c2cc(c(c(c2)C)Oc2cc(cc(c2)C(F)(F)F)*)C)C)cc1,252.2
*c1cc2c(C(=O)N(C2=O)c2cc(cc(c2)C(F)(F)F)Oc2c(cc(cc2C)c2cc(c(c(c2)C)Oc2cc(cc(c2)C(F)(F)F)N2C(=O)c3c(C2=O)cc(cc3)C(*)(C(F)(F)F)C(F)(F)F)C)C)cc1,264.8
*N1C(=O)c2c(C1=O)cc(cc2)Oc1c(cccc1)Oc1cc2c(C(=O)N(C2=O)c2cc(c(cc2)Oc2ccc(cc2)Oc2c(cc(cc2)*)C(F)(F)F)C(F)(F)F)cc1,197.0
*N1C(=O)c2c(C1=O)cc(cc2)Oc1c(cccc1)Oc1cc2c(C(=O)N(C2=O)c2cc(c(cc2)Oc2c(cccc2)Oc2c(cc(cc2)*)C(F)(F)F)C(F)(F)F)cc1,185.0
*N1C(=O)c2c(C1=O)cc(cc2)Oc1c(cccc1)Oc1cc2c(C(=O)N(C2=O)c2cc(c(cc2)Oc2ccc(cc2)c2ccc(cc2)Oc2c(cc(cc2)*)C(F)(F)F)C(F)(F)F)cc1,208.0
*N1C(=O)c2c(C1=O)cc(cc2)Oc1c(cccc1)Oc1cc2c(C(=O)N(C2=O)c2cc(c(cc2)Oc2c(cc(cc2C)c2cc(c(c(c2)C)Oc2c(cc(cc2)*)C(F)(F)F)C)C)C(F)(F)F)cc1,270.0
*N1C(=O)c2c(C1=O)cc(cc2)Oc1c(cccc1)Oc1cc2c(C(=O)N(C2=O)c2cc(c(cc2)Oc2ccc(cc2)C(c2ccc(cc2)Oc2c(cc(cc2)*)C(F)(F)F)(C)C)C(F)(F)F)cc1,192.0
*N1C(=O)c2c(C1=O)cc(cc2)Oc1c(cccc1)Oc1cc2c(C(=O)N(C2=O)c2cc(c(cc2)Oc2ccc(cc2)C(c2ccc(cc2)Oc2c(cc(cc2)*)C(F)(F)F)(C(F)(F)F)C(F)(F)F)C(F)(F)F)cc1,191.0
*N1C(=O)c2c(C1=O)cc(cc2)Oc1c(cccc1)Oc1cc2c(C(=O)N(C2=O)c2cc(c(cc2)Oc2ccc(cc2)C2(c3ccccc3c3ccccc23)c2ccc(cc2)Oc2c(cc(cc2)*)C(F)(F)F)C(F)(F)F)cc1,241.0
*c1cc2c(C(=O)N(C2=O)c2cc(ccc2)P(=O)(c2cc(ccc2)N2C(=O)c3c(C2=O)cc(cc3)C(*)(C(F)(F)F)C(F)(F)F)c2ccc(cc2)Oc2ccc(cc2)C23CC4CC(CC(C2)C4)C3)cc1,298.0
*c1cc2c(C(=O)N(C2=O)c2cc(ccc2)P(=O)(c2cc(ccc2)N2C(=O)c3c(C2=O)cc(cc3)C(=O)*)c2ccc(cc2)Oc2ccc(cc2)C23CC4CC(CC(C2)C4)C3)cc1,305.0
*N1C(=O)c2c(C1=O)cc(cc2)Oc1cc2c(C(=O)N(C2=O)c2cc(ccc2)P(=O)(c2cc(ccc2)*)c2ccc(cc2)Oc2ccc(cc2)C23CC4CC(CC(C2)C4)C3)cc1,290.0
*c1cc2c(C(=O)N(C2=O)c2cc(ccc2)N2C(=O)c3c(C2=O)cc(cc3)C(=O)OCCN(CCOC(=O)*)c2ccc(cc2)N=Nc2ccc(cc2)[N+](=O)[O-])cc1,210.0
*c1cc2c(C(=O)N(C2=O)c2cc(ccc2)N2C(=O)c3c(C2=O)cc(cc3)C(=O)OCCN(CCOC(=O)*)c2ccc(cc2)N=Nc2ccc(cc2)C)cc1,171.0
*c1cc2c(C(=O)N(C2=O)c2cc(ccc2)N2C(=O)c3c(C2=O)cc(cc3)C(=O)OCCN(CCOC(=O)*)c2ccc(cc2)N=Nc2ccc(cc2)F)cc1,168.0
*c1cc2c(C(=O)N(C2=O)c2c(cc(cc2C)Cc2cc(c(c(c2)C)N2C(=O)c3c(C2=O)cc(cc3)C(=O)Nc2c(ccc(c2)NC(=O)*)N=Nc2ccc(cc2)[N+](=O)[O-])C)C)cc1,264.0
*c1cc2c(C(=O)N(C2=O)c2c(cc(cc2C)c2cc(c(c(c2)C)N2C(=O)c3c(C2=O)cc(cc3)C(=O)Nc2c(ccc(c2)NC(=O)*)N=Nc2ccc(cc2)[N+](=O)[O-])C)C)cc1,278.0
*N1C(=O)c2c(C1=O)cc(cc2)c1cc2c(C(=O)N(C2=O)c2c(cc(c(c2C)C(=O)c2cc(ccc2)*)C)C)cc1,320.0
*N1C(=O)c2c(C1=O)cc(cc2)Oc1cc2c(C(=O)N(C2=O)c2c(cc(c(c2C)C(=O)c2cc(ccc2)*)C)C)cc1,287.0
*c1cc2c(C(=O)N(C2=O)c2c(cc(c(c2C)C(=O)c2cc(ccc2)N2C(=O)c3c(C2=O)cc(cc3)C(=O)*)C)C)cc1,300.0
*c1cc2c(C(=O)N(C2=O)c2c(cc(c(c2C)C(=O)c2cc(ccc2)N2C(=O)c3c(C2=O)cc(cc3)C(*)(C(F)(F)F)C(F)(F)F)C)C)cc1,280.0
*c1cc2c(C(=O)N(C2=O)c2c(ccc(c2)N2C(=O)c3c(C2=O)cc(cc3)C(*)(C(F)(F)F)C(F)(F)F)OCCCCCCOc2ccc(cc2)c2ccc(cc2)OCC)cc1,150.3
*c1cc2c(C(=O)N(C2=O)c2c(ccc(c2)N2C(=O)c3c(C2=O)cc(cc3)C(*)(C(F)(F)F)C(F)(F)F)OCCCCCCOc2ccc(cc2)N=Nc2ccc(cc2)OCC)cc1,198.0
*N1C(=O)c2c(C1=O)cc(cc2)c1cc2c(C(=O)N(C2=O)c2ccc(cc2)N(c2ccc(cc2)*)c2ccc(cc2)C#N)cc1,358.0
*c1cc2c(C(=O)N(C2=O)c2ccc(cc2)N(c2ccc(cc2)N2C(=O)c3c(C2=O)cc(cc3)C(=O)*)c2ccc(cc2)C#N)cc1,315.0
*N1C(=O)c2c(C1=O)cc(cc2)Oc1cc2c(C(=O)N(C2=O)c2ccc(cc2)N(c2ccc(cc2)*)c2ccc(cc2)C#N)cc1,304.0
*c1cc2c(C(=O)N(C2=O)c2ccc(cc2)N(c2ccc(cc2)N2C(=O)c3c(C2=O)cc(cc3)C(*)(C(F)(F)F)C(F)(F)F)c2ccc(cc2)C#N)cc1,321.0
*N1C(=O)c2c(C1=O)cc(cc2)c1cc2c(C(=O)N(C2=O)c2ccc(cc2)c2nc(cc(c2)c2ccc(cc2)OCCCC#N)c2ccc(cc2)*)cc1,360.0
*c1cc2c(C(=O)N(C2=O)c2ccc(cc2)c2nc(cc(c2)c2ccc(cc2)OCCCC#N)c2ccc(cc2)N2C(=O)c3c(C2=O)cc(cc3)C(=O)*)cc1,342.0
*N1C(=O)c2c(C1=O)cc(cc2)Oc1cc2c(C(=O)N(C2=O)c2ccc(cc2)c2nc(cc(c2)c2ccc(cc2)OCCCC#N)c2ccc(cc2)*)cc1,315.0
*c1cc2c(C(=O)N(C2=O)c2ccc(cc2)c2nc(cc(c2)c2ccc(cc2)OCCCC#N)c2ccc(cc2)N2C(=O)c3c(C2=O)cc(cc3)C(*)(C(F)(F)F)C(F)(F)F)cc1,339.0
*c1cc2c(C(=O)N(C2=O)c2ccc(cc2)N(c2ccc(cc2)N2C(=O)c3c(C2=O)cc(cc3)C(=O)*)c2ccccc2)cc1,270.0
*c1cc2c(C(=O)N(C2=O)c2ccc(cc2)c2nc(cc(c2)c2ccc(cc2)OC)c2ccc(cc2)N2C(=O)c3c(C2=O)cc(cc3)C(=O)*)cc1,331.0
*N1C(=O)C(CC1=O)SCCCCCSC1C(=O)N(C(=O)C1)c1ccc(cc1)C(=O)OCC(NC(=O)c1ccc(cc1)*)CC,91.0
*N1C(=O)c2c(C1=O)cc(cc2)Oc1cc(ccc1)C(c1ccc(cc1)Oc1cc2c(C(=O)N(C2=O)c2ccc(cc2)*)cc1)(C)C,268.0
*c1c(c2c(C(=O)N(C2=O)c2ccc(cc2)Oc2ccc(cc2)N2C(=O)c3c(C2=O)c(c(cc3)C(=O)*)OCc2c(cccc2)[N+](=O)[O-])cc1)OCc1c(cccc1)[N+](=O)[O-],198.0
*N1C(=O)c2c(C1=O)c(ccc2)Oc1ccc(cc1)C(c1ccc(cc1)Oc1c2c(C(=O)N(C2=O)c2c(cc(cc2C)c2cc(c(c(c2)C)*)C)C)ccc1)(C)C,265.0
*N1C(=O)c2c(C1=O)c(ccc2)Oc1ccc(cc1)C(c1ccc(cc1)Oc1c2c(C(=O)N(C2=O)c2c(cc(cc2C)Cc2cc(c(c(c2)C)*)C)C)ccc1)(C)C,223.0
*N1C(=O)c2c(C1=O)c(ccc2)Oc1ccc(cc1)C(c1ccc(cc1)Oc1c2c(C(=O)N(C2=O)c2c(cc(c(c2C)*)C)C)ccc1)(C)C,265.0
*N1C(=O)c2c(C1=O)c(ccc2)Oc1ccc(cc1)C(c1ccc(cc1)Oc1c2c(C(=O)N(C2=O)c2ccc(cc2)Oc2ccc(cc2)c2ccc(cc2)Oc2ccc(cc2)*)ccc1)(C)C,236.0
*N1C(=O)c2c(C1=O)c(ccc2)Oc1ccc(cc1)C(c1ccc(cc1)Oc1c2c(C(=O)N(C2=O)c2c(cc(cc2)Oc2ccc(cc2)Oc2cc(c(cc2)*)C)C)ccc1)(C)C,222.0
*N1C(=O)c2c(C1=O)c(ccc2)Oc1c(cc(cc1C)Cc1cc(c(c(c1)C)Oc1c2c(C(=O)N(C2=O)c2ccc(cc2)Oc2ccc(cc2)*)ccc1)C)C,270.0
*N1C(=O)c2c(C1=O)c(ccc2)Oc1c(cc(cc1C)Cc1cc(c(c(c1)C)Oc1c2c(C(=O)N(C2=O)c2c(cc(cc2C)c2cc(c(c(c2)C)*)C)C)ccc1)C)C,276.0
*N1C(=O)c2c(C1=O)c(ccc2)Oc1c(cc(cc1C)Cc1cc(c(c(c1)C)Oc1c2c(C(=O)N(C2=O)c2c(cc(cc2C)Cc2cc(c(c(c2)C)*)C)C)ccc1)C)C,243.0
*N1C(=O)c2c(C1=O)c(ccc2)Oc1c(cc(cc1C)Cc1cc(c(c(c1)C)Oc1c2c(C(=O)N(C2=O)c2cc(ccc2)*)ccc1)C)C,269.0
*N1C(=O)c2c(C1=O)c(ccc2)Oc1c(cc(cc1C)Cc1cc(c(c(c1)C)Oc1c2c(C(=O)N(C2=O)c2c(cc(c(c2C)*)C)C)ccc1)C)C,287.0
*N1C(=O)c2c(C1=O)c(ccc2)Oc1c(cc(cc1C)Cc1cc(c(c(c1)C)Oc1c2c(C(=O)N(C2=O)c2ccc(cc2)Oc2ccc(cc2)c2ccc(cc2)Oc2ccc(cc2)*)ccc1)C)C,259.0
*N1C(=O)c2c(C1=O)c(ccc2)Oc1c(cc(cc1C)Cc1cc(c(c(c1)C)Oc1c2c(C(=O)N(C2=O)c2c(cc(cc2)Oc2ccc(cc2)Oc2cc(c(cc2)*)C)C)ccc1)C)C,238.0
*N1C(=O)c2c(C1=O)c(ccc2)Oc1c(cc(cc1C)c1cc(c(c(c1)C)Oc1c2c(C(=O)N(C2=O)c2ccc(cc2)Oc2ccc(cc2)*)ccc1)C)C,298.0
*N1C(=O)c2c(C1=O)c(ccc2)Oc1c(cc(cc1C)c1cc(c(c(c1)C)Oc1c2c(C(=O)N(C2=O)c2c(cc(cc2C)c2cc(c(c(c2)C)*)C)C)ccc1)C)C,327.0
*N1C(=O)c2c(C1=O)c(ccc2)Oc1c(cc(cc1C)c1cc(c(c(c1)C)Oc1c2c(C(=O)N(C2=O)c2c(cc(cc2C)Cc2cc(c(c(c2)C)*)C)C)ccc1)C)C,289.0
*N1C(=O)c2c(C1=O)c(ccc2)Oc1c(cc(cc1C)c1cc(c(c(c1)C)Oc1c2c(C(=O)N(C2=O)c2cc(ccc2)*)ccc1)C)C,311.0
*N1C(=O)c2c(C1=O)c(ccc2)Oc1c(cc(cc1C)c1cc(c(c(c1)C)Oc1c2c(C(=O)N(C2=O)c2c(cc(c(c2C)*)C)C)ccc1)C)C,325.0
*N1C(=O)c2c(C1=O)c(ccc2)Oc1c(cc(cc1C)c1cc(c(c(c1)C)Oc1c2c(C(=O)N(C2=O)c2ccc(cc2)Oc2ccc(cc2)c2ccc(cc2)Oc2ccc(cc2)*)ccc1)C)C,290.0
*N1C(=O)c2c(C1=O)c(ccc2)Oc1c(c(cc(c1)C(C)(C)C)C(C)(C)C)Oc1c2c(C(=O)N(C2=O)c2ccc(cc2)Oc2ccc(cc2)*)ccc1,238.0
*N1C(=O)c2c(C1=O)c(ccc2)Oc1c(c(cc(c1)C(C)(C)C)C(C)(C)C)Oc1c2c(C(=O)N(C2=O)c2ccc(cc2)Oc2ccc(cc2)c2ccc(cc2)Oc2ccc(cc2)*)ccc1,237.0
*N1C(=O)c2c(C1=O)c(ccc2)Oc1c(cc(c(c1)C(C)(C)C)Oc1c2c(C(=O)N(C2=O)c2ccc(cc2)Oc2ccc(cc2)c2ccc(cc2)Oc2ccc(cc2)*)ccc1)C(C)(C)C,275.0
*N1C(=O)c2c(C1=O)c(ccc2)Oc1ccc(cc1)C(c1ccc(cc1)Oc1c2c(C(=O)N(C2=O)c2ccc(cc2)Oc2ccc(cc2)c2ccc(cc2)Oc2ccc(cc2)*)ccc1)(C(F)(F)F)C(F)(F)F,234.0
*N1C(=O)c2c(C1=O)cc(cc2)Oc1ccc(cc1)C(c1ccc(cc1)Oc1cc2c(C(=O)N(C2=O)c2c(cc(cc2C)c2cc(c(c(c2)C)*)C)C)cc1)(C)C,280.0
*N1C(=O)c2c(C1=O)cc(cc2)Oc1ccc(cc1)C(c1ccc(cc1)Oc1cc2c(C(=O)N(C2=O)c2c(cc(cc2C)Cc2cc(c(c(c2)C)*)C)C)cc1)(C)C,249.0
*N1C(=O)c2c(C1=O)cc(cc2)Oc1ccc(cc1)C(c1ccc(cc1)Oc1cc2c(C(=O)N(C2=O)c2ccc(cc2)Oc2ccc(cc2)c2ccc(cc2)Oc2ccc(cc2)*)cc1)(C)C,220.0
*N1C(=O)c2c(C1=O)cc(cc2)Oc1c(cc(cc1C)Cc1cc(c(c(c1)C)Oc1cc2c(C(=O)N(C2=O)c2ccc(cc2)Oc2ccc(cc2)*)cc1)C)C,266.0
*N1C(=O)c2c(C1=O)cc(cc2)Oc1c(cc(cc1C)Cc1cc(c(c(c1)C)Oc1cc2c(C(=O)N(C2=O)c2c(cc(cc2C)c2cc(c(c(c2)C)*)C)C)cc1)C)C,420.0
*N1C(=O)c2c(C1=O)cc(cc2)Oc1c(cc(cc1C)Cc1cc(c(c(c1)C)Oc1cc2c(C(=O)N(C2=O)c2c(cc(cc2C)Cc2cc(c(c(c2)C)*)C)C)cc1)C)C,264.0
*N1C(=O)c2c(C1=O)cc(cc2)Oc1c(cc(cc1C)Cc1cc(c(c(c1)C)Oc1cc2c(C(=O)N(C2=O)c2cc(ccc2)*)cc1)C)C,245.0
*N1C(=O)c2c(C1=O)cc(cc2)Oc1c(cc(cc1C)Cc1cc(c(c(c1)C)Oc1cc2c(C(=O)N(C2=O)c2ccc(cc2)Oc2ccc(cc2)c2ccc(cc2)Oc2ccc(cc2)*)cc1)C)C,248.0
*N1C(=O)c2c(C1=O)cc(cc2)Oc1c(cc(cc1C)c1cc(c(c(c1)C)Oc1cc2c(C(=O)N(C2=O)c2ccc(cc2)Oc2ccc(cc2)*)cc1)C)C,299.0
*N1C(=O)c2c(C1=O)cc(cc2)Oc1c(cc(cc1C)c1cc(c(c(c1)C)Oc1cc2c(C(=O)N(C2=O)c2c(cc(cc2C)Cc2cc(c(c(c2)C)*)C)C)cc1)C)C,420.0
*N1C(=O)c2c(C1=O)cc(cc2)Oc1c(cc(cc1C)c1cc(c(c(c1)C)Oc1cc2c(C(=O)N(C2=O)c2cc(ccc2)*)cc1)C)C,295.0
*N1C(=O)c2c(C1=O)cc(cc2)Oc1c(c(cc(c1)C(C)(C)C)C(C)(C)C)Oc1cc2c(C(=O)N(C2=O)c2ccc(cc2)Oc2ccc(cc2)*)cc1,228.0
*N1C(=O)c2c(C1=O)cc(cc2)Oc1c(cc(c(c1)C(C)(C)C)Oc1cc2c(C(=O)N(C2=O)c2ccc(cc2)Oc2ccc(cc2)c2ccc(cc2)Oc2ccc(cc2)*)cc1)C(C)(C)C,262.0
*N1C(=O)c2c(C1=O)cc(cc2)Oc1ccc(cc1)C(c1ccc(cc1)Oc1cc2c(C(=O)N(C2=O)c2ccc(cc2)Oc2ccc(cc2)c2ccc(cc2)Oc2ccc(cc2)*)cc1)(C(F)(F)F)C(F)(F)F,217.0
*N1C(=O)c2c(C1=O)cc(cc2)c1cc2c(C(=O)N(C2=O)c2c(cc(cc2C)C(c2cc(c(c(c2)C)*)C)c2cc(ccc2)C(F)(F)F)C)cc1,312.9
*c1cc2c(C(=O)N(C2=O)c2c(cc(cc2C)C(c2cc(c(c(c2)C)N2C(=O)c3c(C2=O)cc(cc3)C(=O)*)C)c2cc(ccc2)C(F)(F)F)C)cc1,285.0
*N1C(=O)c2c(C1=O)cc(cc2)Oc1cc2c(C(=O)N(C2=O)c2c(cc(cc2C)C(c2cc(c(c(c2)C)*)C)c2cc(ccc2)C(F)(F)F)C)cc1,264.1
*c1cc2c(C(=O)N(C2=O)c2c(cc(cc2C)C(c2cc(c(c(c2)C)N2C(=O)c3c(C2=O)cc(cc3)C(*)(C(F)(F)F)C(F)(F)F)C)c2cc(ccc2)C(F)(F)F)C)cc1,286.1
*N1C(=O)c2c(C1=O)cc(cc2)c1cc2c(C(=O)N(C2=O)c2c(cc(cc2C)C(c2cc(c(c(c2)C)*)C)c2cc(cc(c2)C(F)(F)F)C(F)(F)F)C)cc1,317.4
*c1cc2c(C(=O)N(C2=O)c2c(cc(cc2C)C(c2cc(c(c(c2)C)N2C(=O)c3c(C2=O)cc(cc3)C(=O)*)C)c2cc(cc(c2)C(F)(F)F)C(F)(F)F)C)cc1,301.1
*N1C(=O)c2c(C1=O)cc(cc2)Oc1cc2c(C(=O)N(C2=O)c2c(cc(cc2C)C(c2cc(c(c(c2)C)*)C)c2cc(cc(c2)C(F)(F)F)C(F)(F)F)C)cc1,281.9
*c1cc2c(C(=O)N(C2=O)c2c(cc(cc2C)C(c2cc(c(c(c2)C)N2C(=O)c3c(C2=O)cc(cc3)C(*)(C(F)(F)F)C(F)(F)F)C)c2cc(cc(c2)C(F)(F)F)C(F)(F)F)C)cc1,288.0
*N1C(=O)c2c(C1=O)cc(cc2)Oc1cc2c(C(=O)N(C2=O)c2cc(c(cc2)Oc2ccc(cc2)Oc2ccc(cc2)*)C(F)(F)F)cc1,232.3
*c1cc2c(C(=O)N(C2=O)c2cc(c(cc2)Oc2ccc(cc2)Oc2ccc(cc2)N2C(=O)c3c(C2=O)cc(cc3)C(=O)*)C(F)(F)F)cc1,237.1
*c1cc2c(C(=O)N(C2=O)c2cc(c(cc2)Oc2ccc(cc2)Oc2ccc(cc2)N2C(=O)c3c(C2=O)cc(cc3)C(*)(C(F)(F)F)C(F)(F)F)C(F)(F)F)cc1,260.8
*N1C(=O)c2c(C1=O)cc(cc2)[Si](c1cc2c(C(=O)N(C2=O)c2ccc(cc2)Oc2ccc(cc2)S(=O)(=O)c2ccc(cc2)Oc2ccc(cc2)*)cc1)(C)C,238.0
*N1C(=O)C2C3C4C(C(C2C1=O)C=C3)C(=O)N(C4=O)C(C*)C,212.0
*N1C(=O)C2C3C4C(C(C2C1=O)C=C3)C(=O)N(C4=O)CCC*,210.0
*N1C(=O)C2C3C4C(C(C2C1=O)C=C3)C(=O)N(C4=O)CCCC*,211.0
*N1C(=O)C2C3C4C(C(C2C1=O)C=C3)C(=O)N(C4=O)CCCCCCCCCC*,219.0
*N1C(=O)C2C3C4C(C(C2C1=O)C=C3)C(=O)N(C4=O)C1CCC(CC1)CC1CCC(CC1)*,239.0
*N1C(=O)C2C3C4C(C(C2C1=O)C=C3)C(=O)N(C4=O)C1C(CC(CC1)CC1CC(C(CC1)*)C)C,241.0
*N1C(=O)C2C3C4C(C(C2C1=O)C=C3)C(=O)N(C4=O)c1ccc(cc1)Sc1cc2c(C(=O)N(C2=O)CCc2ccccc2)cc1Sc1ccc(cc1)*,258.0
*N1C(=O)C2C3C4C(C(C2C1=O)C=C3)C(=O)N(C4=O)c1ccc(cc1)Sc1cc2c(C(=O)N(C2=O)c2ccc(cc2)CC)cc1Sc1ccc(cc1)*,320.0
*N1C(=O)C2C3C4C(C(C2C1=O)C=C3)C(=O)N(C4=O)c1ccc(cc1)Sc1cc2c(C(=O)N(C2=O)CCN(C)C)cc1Sc1ccc(cc1)*,310.0
*N1C(=O)c2c(C1=O)cc(cc2)Oc1cc2c(C(=O)N(C2=O)c2ccc(cc2)Sc2cc3c(C(=O)N(C3=O)CCCCCCCCCCCCCCCC)cc2Sc2ccc(cc2)*)cc1,156.0
*N1C(=O)c2c(C1=O)cc(cc2)Oc1cc2c(C(=O)N(C2=O)c2ccc(cc2)Sc2cc3c(C(=O)N(C3=O)CCc3ccccc3)cc2Sc2ccc(cc2)*)cc1,218.0
*N1C(=O)c2c(C1=O)cc(cc2)Oc1cc2c(C(=O)N(C2=O)c2ccc(cc2)Sc2cc3c(C(=O)N(C3=O)c3ccc(cc3)CC)cc2Sc2ccc(cc2)*)cc1,271.0
*N1C(=O)c2c(C1=O)cc(cc2)Oc1cc2c(C(=O)N(C2=O)c2c(ccc(c2)C(c2cc(c(cc2)OCc2cc(cc(c2)OCCN(c2ccc(cc2)C=CC2=CC(=C(C#N)C#N)CC(C2)(C)C)C)OCCN(c2ccc(cc2)C=CC2=CC(=C(C#N)C#N)CC(C2)(C)C)C)*)(C(F)(F)F)C(F)(F)F)OCc2cc(cc(c2)OCCN(c2ccc(cc2)C=CC2=CC(=C(C#N)C#N)CC(C2)(C)C)C)OCCN(c2ccc(cc2)C=CC2=CC(=C(C#N)C#N)CC(C2)(C)C)C)cc1,178.0
*N1C(=O)c2c(C1=O)cc(cc2)Oc1cc2c(C(=O)N(C2=O)c2ccc(cc2)Oc2ccc(cc2)C(=O)c2nc(ccc2)C(=O)c2ccc(cc2)Oc2ccc(cc2)*)cc1,208.6
*c1cc2c(C(=O)N(C2=O)c2ccc(cc2)Oc2ccc(cc2)C(=O)c2nc(ccc2)C(=O)c2ccc(cc2)Oc2ccc(cc2)N2C(=O)c3c(C2=O)cc(cc3)C(=O)*)cc1,314.5
*c1cc2c(C(=O)N(C2=O)c2ccc(cc2)Oc2ccc(cc2)C(=O)c2nc(ccc2)C(=O)c2ccc(cc2)Oc2ccc(cc2)N2C(=O)c3c(C2=O)cc(cc3)C(*)(C(F)(F)F)C(F)(F)F)cc1,226.9
*N1C(=O)C(CC1=O)(SCCOCCSC1(C(=O)N(C(=O)C1)CCCCCCN1C(=O)C(C(C1=O)C)SCCOCCSC1C(=O)N(C(=O)C1C)CCCCCC*)C)C,78.0
*N1C(=O)C(CC1=O)(SCCOCCSC1(C(=O)N(C(=O)C1)c1ccc(cc1)Cc1ccc(cc1)N1C(=O)C(C(C1=O)C)SCCOCCSC1C(=O)N(C(=O)C1C)c1ccc(cc1)Cc1ccc(cc1)*)C)C,105.0
*N1C(=O)C(CC1=O)(SCCOCCSC1(C(=O)N(C(=O)C1)c1ccc(cc1)Oc1ccc(cc1)N1C(=O)C(C(C1=O)C)SCCOCCSC1C(=O)N(C(=O)C1C)c1ccc(cc1)Oc1ccc(cc1)*)C)C,145.0
*N1C(=O)C(CC1=O)(SCCOCCSC1(C(=O)N(C(=O)C1)c1ccc(cc1)S(=O)(=O)c1ccc(cc1)N1C(=O)C(C(C1=O)C)SCCOCCSC1C(=O)N(C(=O)C1C)c1ccc(cc1)S(=O)(=O)c1ccc(cc1)*)C)C,157.0
*N1C(=O)c2c(C1=O)cc(cc2)Oc1ccc(cc1)C(c1ccc(cc1)Oc1cc2c(C(=O)N(C2=O)c2ccc(cc2)Oc2c(c(ccc2)Oc2ccc(cc2)*)C#N)cc1)(C)C,213.0
*N1C(=O)c2c(C1=O)cc(cc2)c1cc2c(C(=O)N(C2=O)c2ccc(cc2)Oc2c(c(ccc2)Oc2ccc(cc2)*)C#N)cc1,271.0
*c1cc2c(C(=O)N(C2=O)c2ccc(cc2)Oc2c(c(ccc2)Oc2ccc(cc2)N2C(=O)c3c(C2=O)cc(cc3)C(=O)*)C#N)cc1,245.0
*c1cc2c(C(=O)N(C2=O)c2ccc(cc2)Oc2c(c(ccc2)Oc2ccc(cc2)N2C(=O)c3c(C2=O)cc(cc3)C(*)(C(F)(F)F)C(F)(F)F)C#N)cc1,280.0
*c1cnc(s1)N1C(=O)c2c(C1=O)cc(cc2)C(c1cc2c(C(=O)N(C2=O)c2ccc(cc2)Oc2ccc(cc2)*)cc1)(C(F)(F)F)C(F)(F)F,268.2
*c1cnc(s1)N1C(=O)c2c(C1=O)cc(cc2)Oc1cc2c(C(=O)N(C2=O)c2ccc(cc2)Oc2ccc(cc2)*)cc1,300.0
*c1cnc(s1)N1C(=O)c2c(C1=O)cc(cc2)C(=O)c1cc2c(C(=O)N(C2=O)c2ccc(cc2)Oc2ccc(cc2)*)cc1,320.2
*c1cnc(s1)n1c(=O)c2cc3c(cc2c1=O)c(=O)n(c3=O)c1ccc(cc1)Oc1ccc(cc1)*,328.8
*N1C(=O)c2c(C1=O)cc(cc2)Oc1ccc(cc1)C(c1ccc(cc1)Oc1cc2c(C(=O)N(C2=O)c2ccc(cc2)Oc2ccc(cc2)C(c2ccc(cc2)Oc2ccc(cc2)*)(C)C)cc1)(C)C,205.0
*N1C(=O)c2c(C1=O)cc(cc2)Oc1ccc(cc1)C(c1ccc(cc1)Oc1cc2c(C(=O)N(C2=O)c2ccc(cc2)S(=O)(=O)c2ccc(cc2)*)cc1)(C)C,240.0
*N1C(=O)c2c(C1=O)cc(cc2)Oc1cc2c(C(=O)N(C2=O)c2cc(c(cc2)Oc2ccc(cc2)C(=O)c2nc(ccc2)C(=O)c2ccc(cc2)Oc2c(cc(cc2)*)C(F)(F)F)C(F)(F)F)cc1,212.2
*c1cc2c(C(=O)N(C2=O)c2cc(c(cc2)Oc2ccc(cc2)C(=O)c2nc(ccc2)C(=O)c2ccc(cc2)Oc2c(cc(cc2)N2C(=O)c3c(C2=O)cc(cc3)C(*)(C(F)(F)F)C(F)(F)F)C(F)(F)F)C(F)(F)F)cc1,206.4
*c1cc2c(C(=O)N(C2=O)c2cc(c(cc2)Oc2ccc(cc2)C(=O)c2nc(ccc2)C(=O)c2ccc(cc2)Oc2c(cc(cc2)N2C(=O)c3c(C2=O)cc(cc3)C(=O)*)C(F)(F)F)C(F)(F)F)cc1,225.2
*N1C(=O)c2c(C1=O)cc(cc2)Oc1ccc(cc1)C(c1ccc(cc1)Oc1cc2c(C(=O)N(C2=O)c2ccc(cc2)Oc2cc(ccc2)Oc2ccc(cc2)*)cc1)(C)C,246.0
*N1C(=O)c2c(C1=O)cc(cc2)NC(=O)Nc1nc(ccc1)NC(=O)Nc1cc2c(C(=O)N(C2=O)c2ccc(cc2)Oc2c(c3c(cc2)cccc3)c2c3c(ccc2Oc2ccc(cc2)*)cccc3)cc1,283.0
*N1C(=O)c2c(C1=O)cc(cc2)NC(=O)Nc1c2c(ccc1)c(ccc2)NC(=O)Nc1cc2c(C(=O)N(C2=O)c2ccc(cc2)Oc2c(c3c(cc2)cccc3)c2c3c(ccc2Oc2ccc(cc2)*)cccc3)cc1,297.0
*N1C(=O)c2c(C1=O)cc(cc2)NC(=O)Nc1ccc(cc1)Oc1ccc(cc1)NC(=O)Nc1cc2c(C(=O)N(C2=O)c2ccc(cc2)Oc2c(c3c(cc2)cccc3)c2c3c(ccc2Oc2ccc(cc2)*)cccc3)cc1,274.0
*N1C(=O)c2c(C1=O)cc(cc2)NC(=O)Nc1ccc(cc1)Oc1c(cccc1)c1c(cccc1)Oc1ccc(cc1)NC(=O)Nc1cc2c(C(=O)N(C2=O)c2ccc(cc2)Oc2c(c3c(cc2)cccc3)c2c3c(ccc2Oc2ccc(cc2)*)cccc3)cc1,285.0
*N1C(=O)c2c(C1=O)cc(cc2)NC(=O)Nc1ccc(cc1)c1nc(cc(c1)c1ccc(cc1)c1ccccc1)c1ccc(cc1)NC(=O)Nc1cc2c(C(=O)N(C2=O)c2ccc(cc2)Oc2c(c3c(cc2)cccc3)c2c3c(ccc2Oc2ccc(cc2)*)cccc3)cc1,302.0
*N1C(=O)c2c(C1=O)cc(cc2)c1cc2c(C(=O)N(C2=O)c2ccc(cc2)OCC2CCC(CC2)COc2ccc(cc2)*)cc1,254.4
*N1C(=O)c2c(C1=O)cc(cc2)NC(=O)Nc1ccc(cc1)Oc1c(cccc1)c1c(cccc1)Oc1ccc(cc1)NC(=O)Nc1cc2c(C(=O)N(C2=O)c2ccc(cc2)c2nc(cc(c2)c2ccc(cc2)c2ccccc2)c2ccc(cc2)*)cc1,249.0
*N1C(=O)c2c(C1=O)cc(cc2)NC(=O)Nc1ccc(cc1)c1nc(cc(c1)c1ccc(cc1)c1ccccc1)c1ccc(cc1)NC(=O)Nc1cc2c(C(=O)N(C2=O)c2ccc(cc2)c2nc(cc(c2)c2ccc(cc2)c2ccccc2)c2ccc(cc2)*)cc1,272.0
*N1C(=O)c2c(C1=O)cc(cc2)NC(=O)Nc1ccc(cc1)NC(=O)Nc1cc2c(C(=O)N(C2=O)c2ccc(cc2)c2nc(cc(c2)c2ccc(cc2)c2ccccc2)c2ccc(cc2)*)cc1,243.0
*N1C(=O)c2c(C1=O)cc(cc2)NC(=O)Nc1nc(ccc1)NC(=O)Nc1cc2c(C(=O)N(C2=O)c2ccc(cc2)c2nc(cc(c2)c2ccc(cc2)c2ccccc2)c2ccc(cc2)*)cc1,248.0
*N1C(=O)c2c(C1=O)cc(cc2)NC(=O)Nc1c2c(ccc1)c(ccc2)NC(=O)Nc1cc2c(C(=O)N(C2=O)c2ccc(cc2)c2nc(cc(c2)c2ccc(cc2)c2ccccc2)c2ccc(cc2)*)cc1,254.0
*N1C(=O)c2c(C1=O)cc(cc2)NC(=O)Nc1ccc(cc1)Oc1ccc(cc1)NC(=O)Nc1cc2c(C(=O)N(C2=O)c2ccc(cc2)c2nc(cc(c2)c2ccc(cc2)c2ccccc2)c2ccc(cc2)*)cc1,241.0
*c1cc2c(C(=O)N(C2=O)c2c3c(ccc2)c(ccc3)Oc2ccc(cc2)N2C(=O)c3c(C2=O)cc(cc3)C(=O)Nc2c3c(ccc2)c(ccc3)Oc2ccc(cc2)NC(=O)*)cc1,276.0
*c1cc2c(C(=O)N(C2=O)c2c3c(ccc2)c(ccc3)Oc2ccc(cc2)N2C(=O)c3c(C2=O)cc(cc3)C(=O)Nc2nc(ccc2)NC(=O)*)cc1,293.0
*c1cc2c(C(=O)N(C2=O)c2c3c(ccc2)c(ccc3)Oc2ccc(cc2)N2C(=O)c3c(C2=O)cc(cc3)C(=O)Nc2ccc(cc2)c2nc(cc(c2)c2ccccc2)c2ccc(cc2)NC(=O)*)cc1,295.0
*c1cc2c(C(=O)N(C2=O)c2c3c(ccc2)c(ccc3)Oc2ccc(cc2)N2C(=O)c3c(C2=O)cc(cc3)C(=O)Nc2nc(nc(n2)NC(=O)*)c2ccccc2)cc1,291.0
*c1cc2c(C(=O)N(C2=O)c2c3c(ccc2)c(ccc3)Oc2ccc(cc2)N2C(=O)c3c(C2=O)cc(cc3)C(=O)Nc2ccc(cc2)NC(=O)*)cc1,307.0
*c1cc2c(C(=O)N(C2=O)c2c3c(ccc2)c(ccc3)Oc2ccc(cc2)N2C(=O)c3c(C2=O)cc(cc3)C(=O)Nc2ccc(cc2)c2ccc(cc2)NC(=O)*)cc1,301.0
*c1cc2c(C(=O)N(C2=O)c2c3c(ccc2)c(ccc3)Oc2ccc(cc2)N2C(=O)c3c(C2=O)cc(cc3)C(=O)Nc2c(cc(cc2)c2cc(c(cc2)NC(=O)*)OC)OC)cc1,304.0
*c1cc2c(C(=O)N(C2=O)c2c3c(ccc2)c(ccc3)Oc2ccc(cc2)N2C(=O)c3c(C2=O)cc(cc3)C(=O)Nc2ccc(cc2)Oc2ccc(cc2)NC(=O)*)cc1,278.0
*c1cc2c(C(=O)N(C2=O)c2c3c(ccc2)c(ccc3)Oc2ccc(cc2)N2C(=O)c3c(C2=O)cc(cc3)C(=O)Nc2c3c(ccc2)c(ccc3)NC(=O)*)cc1,299.0
*c1cc2c(C(=O)N(C2=O)c2cc(ccc2)N2C(=O)c3c(C2=O)cc(cc3)C(=O)Nc2ccc(cc2)C2(c3ccccc3c3ccccc23)c2ccc(cc2)NC(=O)*)cc1,209.0
*c1cc2c(C(=O)N(C2=O)c2c(cc(cc2)c2cc(c(cc2)N2C(=O)c3c(C2=O)cc(cc3)C(=O)Nc2ccc(cc2)C2(c3ccccc3c3ccccc23)c2ccc(cc2)NC(=O)*)OC)OC)cc1,181.0
*c1cc2c(C(=O)N(C2=O)c2ccc(cc2)Oc2ccc(cc2)N2C(=O)c3c(C2=O)cc(cc3)C(=O)Nc2ccc(cc2)C2(c3ccccc3c3ccccc23)c2ccc(cc2)NC(=O)*)cc1,240.0
*c1cc2c(C(=O)N(C2=O)c2ccc(cc2)Oc2cc(ccc2)Oc2ccc(cc2)N2C(=O)c3c(C2=O)cc(cc3)C(=O)Nc2ccc(cc2)C2(c3ccccc3c3ccccc23)c2ccc(cc2)NC(=O)*)cc1,278.0
*N1C(=O)C(CC1=O)Nc1ccc(cc1)Cc1ccc(cc1)NC1C(=O)N(C(=O)C1)c1c(cc(cc1C)C(c1cc(c(c(c1)C)*)C)c1cnccc1)C,219.0
*N1C(=O)C(CC1=O)Nc1cc(ccc1)NC1C(=O)N(C(=O)C1)c1c(cc(cc1C)C(c1cc(c(c(c1)C)*)C)c1cnccc1)C,224.0
*N1C(=O)C(CC1=O)Nc1ccc(cc1)NC1C(=O)N(C(=O)C1)c1c(cc(cc1C)C(c1cc(c(c(c1)C)*)C)c1cnccc1)C,231.0
*N1C(=O)C(CC1=O)Nc1ccc(cc1)Cc1ccc(cc1)NC1C(=O)N(C(=O)C1)c1ccc(cc1)Oc1c(cc(cc1C)C(c1cc(c(c(c1)C)Oc1ccc(cc1)*)C)c1cnccc1)C,201.0
*N1C(=O)C(CC1=O)Nc1cc(ccc1)NC1C(=O)N(C(=O)C1)c1ccc(cc1)Oc1c(cc(cc1C)C(c1cc(c(c(c1)C)Oc1ccc(cc1)*)C)c1cnccc1)C,217.0
*N1C(=O)C(CC1=O)Nc1ccc(cc1)NC1C(=O)N(C(=O)C1)c1ccc(cc1)Oc1c(cc(cc1C)C(c1cc(c(c(c1)C)Oc1ccc(cc1)*)C)c1cnccc1)C,229.0
*N1C(=O)C(CC1=O)Nc1ccc(cc1)Cc1ccc(cc1)NC1C(=O)N(C(=O)C1)c1ccc(cc1)C(=O)Oc1c(cc(cc1C)C(c1cc(c(c(c1)C)OC(=O)c1ccc(cc1)*)C)c1cnccc1)C,186.0
*N1C(=O)C(CC1=O)Nc1cc(ccc1)NC1C(=O)N(C(=O)C1)c1ccc(cc1)C(=O)Oc1c(cc(cc1C)C(c1cc(c(c(c1)C)OC(=O)c1ccc(cc1)*)C)c1cnccc1)C,194.0
*N1C(=O)C(CC1=O)Nc1ccc(cc1)NC1C(=O)N(C(=O)C1)c1ccc(cc1)C(=O)Oc1c(cc(cc1C)C(c1cc(c(c(c1)C)OC(=O)c1ccc(cc1)*)C)c1cnccc1)C,212.0
*c1cc2c(C(=O)N(C2=O)C2CCC(CC2)N2C(=O)c3c(C2=O)cc(cc3)C(=O)Oc2ccc(cc2)OC(=O)*)cc1,360.0
*N1C(=O)c2c(C1=O)cc(cc2)Oc1cc2c(C(=O)N(C2=O)c2ccc(cc2)Oc2ccc(cc2)C(c2ccc(cc2)Oc2ccc(cc2)*)(C)C)cc1,227.5
*N1C(=O)c2c(C1=O)cc(cc2)Oc1ccc(cc1)C1(CCCCC1)c1ccc(cc1)Oc1cc2c(C(=O)N(C2=O)c2ccc(cc2)N(c2ccc(cc2)*)c2ccc(cc2)C#N)cc1,243.0
*N1C(=O)c2c(C1=O)cc(cc2)Oc1ccc(cc1)C1(c2ccccc2c2ccccc12)c1ccc(cc1)Oc1cc2c(C(=O)N(C2=O)c2ccc(cc2)N(c2ccc(cc2)*)c2ccc(cc2)C#N)cc1,279.0
*N1C(=O)c2c(C1=O)cc(cc2)Oc1ccc(cc1)C(c1ccc(cc1)Oc1cc2c(C(=O)N(C2=O)c2ccc(cc2)N(c2ccc(cc2)*)c2ccc(cc2)C#N)cc1)(C)C,230.0
*N1C(=O)c2c(C1=O)cc(cc2)Oc1ccc(cc1)C(c1ccc(cc1)Oc1cc2c(C(=O)N(C2=O)c2ccc(cc2)N(c2ccc(cc2)*)c2ccc(cc2)C#N)cc1)(C(F)(F)F)C(F)(F)F,234.0
*N1C(=O)c2c(C1=O)cc(cc2)Oc1ccc(cc1)C(c1ccc(cc1)C(c1ccc(cc1)Oc1cc2c(C(=O)N(C2=O)c2ccc(cc2)N(c2ccc(cc2)*)c2ccc(cc2)C#N)cc1)(C)C)(C)C,224.0
*N1C(=O)c2c(C1=O)cc(cc2)Oc1ccc(cc1)C(c1ccc(cc1)Oc1cc2c(C(=O)N(C2=O)c2c(ccc(c2)*)O)cc1)(C)C,246.0
*c1cc2c(C(=O)N(C2=O)c2c(ccc(c2)N2C(=O)c3c(C2=O)cc(cc3)C(=O)Oc2ccc(cc2)C(c2ccc(cc2)OC(=O)*)(C)C)O)cc1,225.0
*N1C(=O)c2c(C1=O)cc(cc2)Oc1cc2c(C(=O)N(C2=O)c2cc(ccc2)Oc2c(c(ccc2)Oc2cc(ccc2)*)C#N)cc1,206.33
*c1nc2c([nH]1)ccc(c2)N1C(=O)c2c(C1=O)cc(cc2)c1cc2c(C(=O)N(C2=O)c2ccc(cc2)*)cc1,425.0
*c1nc2c([nH]1)ccc(c2)N1C(=O)c2c(C1=O)cc(cc2)C(=O)c1cc2c(C(=O)N(C2=O)c2ccc(cc2)*)cc1,412.0
*c1nc2c([nH]1)ccc(c2)N1C(=O)c2c(C1=O)cc(cc2)Oc1ccc(cc1)C(c1ccc(cc1)Oc1cc2c(C(=O)N(C2=O)c2ccc(cc2)*)cc1)(C)C,324.0
*N1C(=O)c2c(C1=O)cc(cc2)NC(=O)OCCOc1ccc(cc1)C(c1ccc(cc1)OCCOC(=O)Nc1cc2c(C(=O)N(C2=O)c2cc(ccc2)P(=O)(c2cc(ccc2)*)C)cc1)(C)C,211.0
*N1C(=O)c2c(C1=O)cc(cc2)NC(=O)OCCOc1ccc(cc1)C(c1ccc(cc1)OCCOC(=O)Nc1cc2c(C(=O)N(C2=O)c2cc(ccc2)P(=O)(c2cc(ccc2)*)C)cc1)(C(F)(F)F)C(F)(F)F,204.0
*N1C(=O)c2c(C1=O)cc(cc2)NC(=O)OCCOc1c(cc(cc1Br)C(c1cc(c(c(c1)Br)OCCOC(=O)Nc1cc2c(C(=O)N(C2=O)c2cc(ccc2)P(=O)(c2cc(ccc2)*)C)cc1)Br)(C)C)Br,191.0
*N1C(=O)c2c(C1=O)cc(cc2)NC(=O)OCCOc1ccc(cc1)P(=O)(c1ccc(cc1)OCCOC(=O)Nc1cc2c(C(=O)N(C2=O)c2cc(ccc2)P(=O)(c2cc(ccc2)*)C)cc1)c1ccccc1,201.0
*N1C(=O)c2c(C1=O)cc(cc2)NC(=O)OCCOc1ccc(cc1)C(c1ccc(cc1)OCCOC(=O)Nc1cc2c(C(=O)N(C2=O)c2cc(ccc2)P(=O)(c2cc(ccc2)*)c2ccccc2)cc1)(C)C,220.0
*N1C(=O)c2c(C1=O)cc(cc2)NC(=O)OCCOc1ccc(cc1)C(c1ccc(cc1)OCCOC(=O)Nc1cc2c(C(=O)N(C2=O)c2cc(ccc2)P(=O)(c2cc(ccc2)*)c2ccccc2)cc1)(C(F)(F)F)C(F)(F)F,214.0
*N1C(=O)c2c(C1=O)cc(cc2)NC(=O)OCCOc1c(cc(cc1Br)C(c1cc(c(c(c1)Br)OCCOC(=O)Nc1cc2c(C(=O)N(C2=O)c2cc(ccc2)P(=O)(c2cc(ccc2)*)c2ccccc2)cc1)Br)(C)C)Br,201.0
*N1C(=O)c2c(C1=O)cc(cc2)NC(=O)OCCOc1ccc(cc1)P(=O)(c1ccc(cc1)OCCOC(=O)Nc1cc2c(C(=O)N(C2=O)c2cc(ccc2)P(=O)(c2cc(ccc2)*)c2ccccc2)cc1)c1ccccc1,218.0
*N1C(=O)c2c(C1=O)cc(cc2)S(=O)(=O)c1cc2c(C(=O)N(C2=O)C2CCC(CC2)*)cc1,363.0
*c1cc2c(C(=O)N(C2=O)c2ccc(cc2)c2cc(c(cc2)Oc2cc3c(C(CC3(c3ccc(cc3)Oc3c(cc(cc3)c3ccc(cc3)N3C(=O)c4c(C3=O)cc(cc4)C(=O)*)C(F)(F)F)C)(C)C)cc2)C(F)(F)F)cc1,252.0
*c1cc2c(C(=O)N(C2=O)c2ccc(cc2)c2cc(c(cc2)Oc2cc3c(C(CC3(c3ccc(cc3)Oc3c(cc(cc3)c3ccc(cc3)N3C(=O)c4c(C3=O)cc(cc4)C(*)(C(F)(F)F)C(F)(F)F)C(F)(F)F)C)(C)C)cc2)C(F)(F)F)cc1,262.0
*N1C(=O)c2c(C1=O)cc(cc2)Oc1cc2c(C(=O)N(C2=O)c2ccc(cc2)c2cc(c(cc2)Oc2cc3c(C(CC3(c3ccc(cc3)Oc3c(cc(cc3)c3ccc(cc3)*)C(F)(F)F)C)(C)C)cc2)C(F)(F)F)cc1,249.0
*N1C(=O)c2c(C1=O)cc(cc2)Oc1ccc(cc1)C(c1ccc(cc1)Oc1cc2c(C(=O)N(C2=O)c2ccc(cc2)c2cc(c(cc2)Oc2cc3c(C(CC3(c3ccc(cc3)Oc3c(cc(cc3)c3ccc(cc3)*)C(F)(F)F)C)(C)C)cc2)C(F)(F)F)cc1)(C)C,241.0
*N1C(=O)c2c(C1=O)cc(cc2)Oc1cc2c(C(=O)N(C2=O)c2cc(cc(c2)OCCCC)*)cc1,237.0
*N1C(=O)c2c(C1=O)cc(cc2)Oc1cc2c(C(=O)N(C2=O)c2cc(cc(c2)OCCCCCCCC)*)cc1,185.0
*N1C(=O)c2c(C1=O)cc(cc2)Oc1cc2c(C(=O)N(C2=O)c2cc(cc(c2)OCCCCCCCCCCCC)*)cc1,162.0
*N1C(=O)c2c(C1=O)cc(cc2)Oc1cc2c(C(=O)N(C2=O)c2cc(cc(c2)OCCCCCCCCCCCCCCCC)*)cc1,159.0
*c1cc2c(C(=O)N(C2=O)c2cc(cc(c2)OCCCC)N2C(=O)c3c(C2=O)cc(cc3)C(*)(C(F)(F)F)C(F)(F)F)cc1,246.0
*c1cc2c(C(=O)N(C2=O)c2cc(cc(c2)OCCCCCCCC)N2C(=O)c3c(C2=O)cc(cc3)C(*)(C(F)(F)F)C(F)(F)F)cc1,195.0
*c1cc2c(C(=O)N(C2=O)c2cc(cc(c2)OCCCCCCCCCCCC)N2C(=O)c3c(C2=O)cc(cc3)C(*)(C(F)(F)F)C(F)(F)F)cc1,165.0
*c1cc2c(C(=O)N(C2=O)c2cc(cc(c2)OCCCCCCCCCCCCCCCC)N2C(=O)c3c(C2=O)cc(cc3)C(*)(C(F)(F)F)C(F)(F)F)cc1,161.0
*c1cc2c(C(=O)N(C2=O)c2cc(cc(c2)OCCCC)N2C(=O)c3c(C2=O)cc(cc3)C(=O)*)cc1,244.0
*c1cc2c(C(=O)N(C2=O)c2cc(cc(c2)OCCCCCCCC)N2C(=O)c3c(C2=O)cc(cc3)C(=O)*)cc1,195.0
*c1cc2c(C(=O)N(C2=O)c2cc(cc(c2)OCCCCCCCCCCCC)N2C(=O)c3c(C2=O)cc(cc3)C(=O)*)cc1,182.0
*c1cc2c(C(=O)N(C2=O)c2cc(cc(c2)OCCCCCCCCCCCCCCCC)N2C(=O)c3c(C2=O)cc(cc3)C(=O)*)cc1,179.0
*N1C(=O)c2c(C1=O)cc(cc2)Oc1cc2c(C(=O)N(C2=O)c2cc(ccc2)Oc2c(ccc(c2)Oc2cc(ccc2)*)C#N)cc1,196.0
*N1C(=O)c2c(C1=O)cc(cc2)Oc1cc2c(C(=O)N(C2=O)c2cc(ccc2)Oc2c(c(ccc2)Oc2cc(ccc2)Oc2c(c(ccc2)Oc2cc(ccc2)*)C#N)C#N)cc1,176.0
*c1[nH]c(nc1c1ccc(cc1)NC1C(=O)N(C(=O)C1)c1ccc(cc1)c1sc(c(c1c1ccccc1)c1ccccc1)c1ccc(cc1)N1C(=O)C(CC1=O)Nc1ccc(cc1)*)c1ccc(cc1)c1[nH]c(c(n1)c1ccc(cc1)[N+](=O)[O-])c1ccc(cc1)[N+](=O)[O-],152.0
*c1cc2c(C(=O)N(C2=O)c2ccc(cc2)Oc2c(cc(cc2C(C)(C)C)c2ccc(cc2)N2C(=O)c3c(C2=O)cc(cc3)C(=O)*)C(C)(C)C)cc1,347.5
*N1C(=O)c2c(C1=O)cc(cc2)Oc1cc2c(C(=O)N(C2=O)c2ccc(cc2)Oc2c(cc(cc2C(C)(C)C)c2ccc(cc2)*)C(C)(C)C)cc1,342.0
*c1cc2c(C(=O)N(C2=O)c2ccc(cc2)Oc2c(cc(cc2C(C)(C)C)c2ccc(cc2)N2C(=O)c3c(C2=O)cc(cc3)C(*)(C(F)(F)F)C(F)(F)F)C(C)(C)C)cc1,355.0
*N1C(=O)c2c(C1=O)cc(cc2)c1cc2c(C(=O)N(C2=O)c2ccc(cc2)Oc2c(cc(cc2C(C)(C)C)c2ccc(cc2)*)C(C)(C)C)cc1,381.5
*N1C(=O)c2c(C1=O)cc(cc2)S(=O)(=O)c1cc2c(C(=O)N(C2=O)c2ccc(cc2)Oc2c(cc(cc2C(C)(C)C)c2ccc(cc2)*)C(C)(C)C)cc1,354.5
*c1cc2c(C(=O)N(C2=O)c2cc(c(cc2)Oc2c(cc(cc2C(C)(C)C)c2ccc(cc2)N2C(=O)c3c(C2=O)cc(cc3)C(=O)*)C(C)(C)C)C(F)(F)F)cc1,362.0
*N1C(=O)c2c(C1=O)cc(cc2)Oc1cc2c(C(=O)N(C2=O)c2cc(c(cc2)Oc2c(cc(cc2C(C)(C)C)c2ccc(cc2)*)C(C)(C)C)C(F)(F)F)cc1,353.0
*c1cc2c(C(=O)N(C2=O)c2cc(c(cc2)Oc2c(cc(cc2C(C)(C)C)c2ccc(cc2)N2C(=O)c3c(C2=O)cc(cc3)C(*)(C(F)(F)F)C(F)(F)F)C(C)(C)C)C(F)(F)F)cc1,362.5
*N1C(=O)c2c(C1=O)cc(cc2)c1cc2c(C(=O)N(C2=O)c2cc(c(cc2)Oc2c(cc(cc2C(C)(C)C)c2ccc(cc2)*)C(C)(C)C)C(F)(F)F)cc1,389.0
*N1C(=O)c2c(C1=O)cc(cc2)S(=O)(=O)c1cc2c(C(=O)N(C2=O)c2cc(c(cc2)Oc2c(cc(cc2C(C)(C)C)c2ccc(cc2)*)C(C)(C)C)C(F)(F)F)cc1,365.5
*N1C(=O)c2c(C1=O)cc(cc2)c1cc2c(C(=O)N(C2=O)c2cc(cc(c2)C(=O)Oc2ccc(cc2)c2ccc(cc2)O[Si](C(C)(C)C)(C)C)*)cc1,230.0
*N1C(=O)c2c(C1=O)cc(cc2)Sc1ccc(cc1)Sc1ccc(cc1)Sc1cc2c(C(=O)N(C2=O)c2ccc(cc2)Sc2ccc(cc2)Sc2ccc(cc2)*)cc1,190.75
*N1C(=O)c2c(C1=O)cc(cc2)Sc1ccc(cc1)Sc1ccc(cc1)Sc1cc2c(C(=O)N(C2=O)c2ccc(cc2)Sc2ccc(cc2)Sc2ccc(cc2)Sc2ccc(cc2)*)cc1,176.45
*N1C(=O)c2c(C1=O)cc(cc2)Oc1cc2c(C(=O)N(C2=O)c2ccc(cc2)Sc2ccc(cc2)Sc2ccc(cc2)Sc2ccc(cc2)*)cc1,202.65
*N1C(=O)c2c(C1=O)c(ccc2)c1cc2c(C(=O)N(C2=O)c2ccc(cc2)Sc2ccc(cc2)Sc2ccc(cc2)Sc2ccc(cc2)*)cc1,226.7
*N1C(=O)c2c(C1=O)cc(cc2)c1cc2c(C(=O)N(C2=O)c2ccc(cc2)Sc2ccc(cc2)Sc2ccc(cc2)Sc2ccc(cc2)*)cc1,227.1
*c1c2c(C(=O)N(C2=O)N2C(=O)c3c(C2=O)c(ccc3)Sc2ccc(cc2)Sc2ccc(cc2)S*)ccc1,266.0
*c1c2c(C(=O)N(C2=O)N2C(=O)c3c(C2=O)cc(cc3)Sc2ccc(cc2)Sc2ccc(cc2)S*)ccc1,242.0
*c1cc2c(C(=O)N(C2=O)N2C(=O)c3c(C2=O)cc(cc3)Sc2ccc(cc2)Sc2ccc(cc2)S*)cc1,223.5
*N1C(=O)c2c(C1=O)cc(cc2)c1cc2c(C(=O)N(C2=O)c2cc(c(cc2)Oc2c(cc(cc2)*)Br)Br)cc1,275.0
*c1cc2c(C(=O)N(C2=O)c2cc(c(cc2)Oc2c(cc(cc2)N2C(=O)c3c(C2=O)cc(cc3)C(=O)*)Br)Br)cc1,296.0
*N1C(=O)c2c(C1=O)cc(cc2)Oc1cc2c(C(=O)N(C2=O)c2cc(c(cc2)Oc2c(cc(cc2)*)Br)Br)cc1,251.0
*N1C(=O)c2c(C1=O)cc(cc2)S(=O)(=O)c1cc2c(C(=O)N(C2=O)c2cc(c(cc2)Oc2c(cc(cc2)*)Br)Br)cc1,281.0
*c1cc2c(C(=O)N(C2=O)c2cc(c(cc2)Oc2c(cc(cc2)N2C(=O)c3c(C2=O)cc(cc3)C(*)(C(F)(F)F)C(F)(F)F)Br)Br)cc1,299.0
*N1C(=O)c2c(C1=O)cc(cc2)c1cc2c(C(=O)N(C2=O)c2cc(c(c(c2)Br)Oc2c(cc(cc2Br)*)Br)Br)cc1,287.0
*c1cc2c(C(=O)N(C2=O)c2cc(c(c(c2)Br)Oc2c(cc(cc2Br)N2C(=O)c3c(C2=O)cc(cc3)C(=O)*)Br)Br)cc1,323.0
*N1C(=O)c2c(C1=O)cc(cc2)Oc1cc2c(C(=O)N(C2=O)c2cc(c(c(c2)Br)Oc2c(cc(cc2Br)*)Br)Br)cc1,283.0
*N1C(=O)c2c(C1=O)cc(cc2)S(=O)(=O)c1cc2c(C(=O)N(C2=O)c2cc(c(c(c2)Br)Oc2c(cc(cc2Br)*)Br)Br)cc1,328.0
*c1cc2c(C(=O)N(C2=O)c2cc(c(c(c2)Br)Oc2c(cc(cc2Br)N2C(=O)c3c(C2=O)cc(cc3)C(*)(C(F)(F)F)C(F)(F)F)Br)Br)cc1,303.0
*c1cc2c(C(=O)N(C2=O)c2c(ccc(c2)C(c2cc(c(cc2)OC(=O)C23CC4CC(CC(C2)C4)C3)N2C(=O)c3c(C2=O)cc(cc3)C(*)(C(F)(F)F)C(F)(F)F)(C(F)(F)F)C(F)(F)F)OC(=O)C23CC4CC(CC(C2)C4)C3)cc1,305.0
*N1C(=O)c2c(C1=O)cc(cc2)Oc1cc2c(C(=O)N(C2=O)c2ccc(cc2)Oc2cc(ccc2)c2nc(cc(c2)c2ccccc2)c2cc(ccc2)Oc2ccc(cc2)*)cc1,224.0
*c1cc2c(C(=O)N(C2=O)c2ccc(cc2)Oc2cc(ccc2)c2nc(cc(c2)c2ccccc2)c2cc(ccc2)Oc2ccc(cc2)N2C(=O)c3c(C2=O)cc(cc3)C(=O)*)cc1,260.0
*c1cc2c(C(=O)N(C2=O)c2ccc(cc2)Oc2cc(ccc2)c2nc(cc(c2)c2ccccc2)c2cc(ccc2)Oc2ccc(cc2)N2C(=O)c3c(C2=O)cc(cc3)C(*)(C(F)(F)F)C(F)(F)F)cc1,180.0
*c1cc2c(C(=O)N(C2=O)c2c(cc(cc2C)Cc2cc(c(c(c2)C)N2C(=O)c3c(C2=O)cc(cc3)C(=O)OCCN(CCOC(=O)*)c2ccccc2)C)C)cc1,177.0
*c1cc2c(C(=O)N(C2=O)c2c(cc(cc2C)Cc2cc(c(c(c2)C)N2C(=O)c3c(C2=O)cc(cc3)C(=O)OCCN(CCOC(=O)*)c2ccc(cc2)N=Nc2ccc(cc2)[N+](=O)[O-])C)C)cc1,179.0
*c1cc2c(C(=O)N(C2=O)c2c(cc(cc2C)Cc2cc(c(c(c2)C)N2C(=O)c3c(C2=O)cc(cc3)C(=O)OCCN(CCOC(=O)*)c2ccc(cc2)N=Nc2c(cc(cc2)[N+](=O)[O-])[N+](=O)[O-])C)C)cc1,176.0
*c1cc2c(C(=O)N(C2=O)c2c(cc(cc2C)Cc2cc(c(c(c2)C)N2C(=O)c3c(C2=O)cc(cc3)C(=O)OCCN(CCOC(=O)*)c2ccc(cc2)N=Nc2c(cc(cc2)[N+](=O)[O-])C#N)C)C)cc1,216.0
*N1C(=O)c2c(C1=O)cc(cc2)Oc1cc2c(C(=O)N(C2=O)c2cc(c(cc2)Oc2ccc(cc2)C(=O)c2cc(ccc2)*)C(F)(F)F)cc1,224.0
*c1cc2c(C(=O)N(C2=O)c2cc(c(cc2)Oc2ccc(cc2)C(=O)c2cc(ccc2)N2C(=O)c3c(C2=O)cc(cc3)C(=O)*)C(F)(F)F)cc1,242.0
*c1cc2c(C(=O)N(C2=O)c2cc(c(cc2)Oc2ccc(cc2)C(=O)c2cc(ccc2)N2C(=O)c3c(C2=O)cc(cc3)C(*)(C(F)(F)F)C(F)(F)F)C(F)(F)F)cc1,222.0
*N1C(=O)c2c(C1=O)cc(cc2)Oc1cc2c(C(=O)N(C2=O)c2ccc(cc2)Oc2ccc(cc2)C(=O)c2cc(ccc2)*)cc1,232.0
*c1cc2c(C(=O)N(C2=O)c2ccc(cc2)Oc2ccc(cc2)C(=O)c2cc(ccc2)N2C(=O)c3c(C2=O)cc(cc3)C(=O)*)cc1,251.0
*c1cc2c(C(=O)N(C2=O)c2ccc(cc2)Oc2ccc(cc2)C(=O)c2cc(ccc2)N2C(=O)c3c(C2=O)cc(cc3)C(*)(C(F)(F)F)C(F)(F)F)cc1,242.0
*c1cc2c(C(=O)N(C2=O)c2ccc(cc2)NC(=S)N=Cc2cc(c(cc2)Cl)N2C(=O)c3c(C2=O)cc(cc3)C(=O)*)cc1,274.0
*c1cc2c(C(=O)N(C2=O)c2ccc(cc2)NC(=S)N=Cc2cc(c(cc2)Cl)N2C(=O)c3c(C2=O)cc(cc3)C(*)(C(F)(F)F)C(F)(F)F)cc1,272.0
*c1oc(nn1)c1ccc(cc1)Oc1ccc(cc1)N1C(=O)c2c(C1=O)cc(cc2)[Si](O[Si](c1cc2c(C(=O)N(C2=O)c2ccc(cc2)Oc2ccc(cc2)*)cc1)(C)C)(C)C,190.5
*c1oc(nn1)c1ccc(cc1)Oc1cc(ccc1)N1C(=O)c2c(C1=O)cc(cc2)[Si](O[Si](c1cc2c(C(=O)N(C2=O)c2cc(ccc2)Oc2ccc(cc2)*)cc1)(C)C)(C)C,165.0
*N1C(=O)c2c(C1=O)c(ccc2)c1cc2c(C(=O)N(C2=O)c2cc(ccc2)*)cc1,341.0
*N1C(=O)c2c(C1=O)c(ccc2)c1cc2c(C(=O)N(C2=O)c2c(cc(cc2)c2cc(c(cc2)*)C)C)cc1,384.0
*N1C(=O)c2c(C1=O)c(ccc2)c1cc2c(C(=O)N(C2=O)c2cc(c(cc2)c2c(cc(cc2)*)C)C)cc1,372.0
*N1C(=O)c2c(C1=O)c(ccc2)c1cc2c(C(=O)N(C2=O)c2cc(c(cc2)c2c(cc(cc2)*)C(F)(F)F)C(F)(F)F)cc1,346.0
*N1C(=O)c2c(C1=O)c(ccc2)c1cc2c(C(=O)N(C2=O)c2cc(ccc2)Oc2ccc(cc2)*)cc1,286.0
*N1C(=O)c2c(C1=O)c(ccc2)c1cc2c(C(=O)N(C2=O)c2ccc(cc2)Oc2ccc(cc2)Oc2ccc(cc2)*)cc1,285.0
*N1C(=O)c2c(C1=O)c(ccc2)c1cc2c(C(=O)N(C2=O)c2ccc(cc2)Oc2cc(ccc2)Oc2ccc(cc2)*)cc1,259.0
*N1C(=O)c2c(C1=O)c(ccc2)c1cc2c(C(=O)N(C2=O)c2cc(ccc2)Oc2cc(ccc2)Oc2cc(ccc2)*)cc1,213.0
*N1C(=O)c2c(C1=O)cc(cc2)C(c1cc2c(C(=O)N(C2=O)CC*)cc1)(C(F)(F)F)C(F)(F)F,180.0
*N1C(=O)c2c(C1=O)cc(cc2)C(c1cc2c(C(=O)N(C2=O)CCC*)cc1)(C(F)(F)F)C(F)(F)F,190.0
*N1C(=O)c2c(C1=O)cc(cc2)C(c1cc2c(C(=O)N(C2=O)CCCC*)cc1)(C(F)(F)F)C(F)(F)F,185.0
*N1C(=O)c2c(C1=O)cc(cc2)C(c1cc2c(C(=O)N(C2=O)CCCCC*)cc1)(C(F)(F)F)C(F)(F)F,170.0
*N1C(=O)c2c(C1=O)cc(cc2)C(c1cc2c(C(=O)N(C2=O)CCCCCCC*)cc1)(C(F)(F)F)C(F)(F)F,150.0
*N1C(=O)c2c(C1=O)cc(cc2)C(c1cc2c(C(=O)N(C2=O)CCCCCCCC*)cc1)(C(F)(F)F)C(F)(F)F,138.5
*N1C(=O)c2c(C1=O)cc(cc2)C(c1cc2c(C(=O)N(C2=O)CCCCCCCCC*)cc1)(C(F)(F)F)C(F)(F)F,122.5
*N1C(=O)c2c(C1=O)cc(cc2)C(c1cc2c(C(=O)N(C2=O)CCCCCCCCCC*)cc1)(C(F)(F)F)C(F)(F)F,119.0
*N1C(=O)c2c(C1=O)cc(cc2)C(c1cc2c(C(=O)N(C2=O)CCCCCCCCCCCC*)cc1)(C(F)(F)F)C(F)(F)F,100.0
*N1C(=O)c2c(C1=O)cc(cc2)Sc1ccc(cc1)Sc1ccc(cc1)Sc1cc2c(C(=O)N(C2=O)c2ccc(cc2)Sc2sc(cc2)Sc2ccc(cc2)*)cc1,185.5
*N1C(=O)c2c(C1=O)cc(cc2)Oc1cc2c(C(=O)N(C2=O)c2ccc(cc2)Sc2sc(cc2)Sc2ccc(cc2)*)cc1,218.0
*N1C(=O)c2c(C1=O)cc(cc2)Sc1ccc(cc1)Sc1ccc(cc1)Sc1cc2c(C(=O)N(C2=O)c2ccc(cc2)Sc2sc(cc2)Sc2sc(cc2)Sc2sc(cc2)Sc2ccc(cc2)*)cc1,177.0
*N1C(=O)c2c(C1=O)cc(cc2)Oc1cc2c(C(=O)N(C2=O)c2ccc(cc2)Sc2sc(cc2)Sc2sc(cc2)Sc2sc(cc2)Sc2ccc(cc2)*)cc1,158.5
*c1cc2c(C(=O)N(C2=O)c2c(ccc(c2)NC(=O)OCCN(CCOC(=O)Nc2c(ccc(c2)N2C(=O)c3c(C2=O)cc(cc3)C(*)(C(F)(F)F)C(F)(F)F)C)c2ccc(cc2)N=Nc2ccc(cc2)[N+](=O)[O-])C)cc1,196.0
*C1C(=O)N(C(=O)C1)c1ccc(cc1)Cc1ccc(cc1)N1C(=O)C(CC1=O)CC=Cc1c(ccc(c1)C(c1cc(c(cc1)O)C=CC*)(C)C)O,215.0
*N1C(=O)C2C3C4C(C(C2C1=O)C=C3)C(=O)N(C4=O)c1cc(ccc1)Oc1cc(ccc1)Oc1cc(ccc1)*,162.0
*N1C(=O)c2c(C1=O)cc(cc2)Oc1cc2c(C(=O)N(C2=O)Cc2oc(cc2)C(c2oc(cc2)C*)(C)C)cc1,116.0
*N1C(=O)c2c(C1=O)cc(cc2)C(c1cc2c(C(=O)N(C2=O)Cc2oc(cc2)C(c2oc(cc2)C*)(C)C)cc1)(C(F)(F)F)C(F)(F)F,134.0
*N1C(=O)c2c(C1=O)cc(cc2)c1cc2c(C(=O)N(C2=O)Cc2oc(cc2)C(c2oc(cc2)C*)(C)C)cc1,129.0
*N1C(=O)c2c(C1=O)cc(cc2)Oc1cc2c(C(=O)N(C2=O)Cc2oc(cc2)C(c2oc(cc2)C*)C)cc1,129.0
*c1c2C(=O)N(C(=O)c2c(c2ccccc12)c1ccc(cc1)Oc1c(cc(cc1)c1cc(ccc1)c1cc(c(cc1)Oc1ccc(cc1)*)C(F)(F)F)C(F)(F)F)c1ccccc1,271.0
*c1c2C(=O)N(C(=O)c2c(c2ccccc12)c1ccc(cc1)Oc1c(cc(cc1)c1ccc(cc1)c1cc(c(cc1)Oc1ccc(cc1)*)C(F)(F)F)C(F)(F)F)c1ccccc1,317.0
*c1c2C(=O)N(C(=O)c2c(c2ccccc12)c1ccc(cc1)Oc1c(cc(cc1)c1ccc(cc1)c1ccc(cc1)c1cc(c(cc1)Oc1ccc(cc1)*)C(F)(F)F)C(F)(F)F)c1ccccc1,334.0
*c1c2C(=O)N(C(=O)c2c(c2ccccc12)c1ccc(cc1)Oc1c(cc(cc1)c1c2ccccc2c(c2ccccc12)c1cc(c(cc1)Oc1ccc(cc1)*)C(F)(F)F)C(F)(F)F)c1ccccc1,361.0
*c1c2C(=O)N(C(=O)c2c(c2ccccc12)c1ccc(cc1)Oc1c(cc(cc1)c1nc(ccc1)c1cc(c(cc1)Oc1ccc(cc1)*)C(F)(F)F)C(F)(F)F)c1ccccc1,298.0
*c1c2C(=O)N(C(=O)c2c(c2ccccc12)c1ccc(cc1)Oc1c(cc(cc1)c1sc(cc1)c1cc(c(cc1)Oc1ccc(cc1)*)C(F)(F)F)C(F)(F)F)c1ccccc1,287.0
*c1cc2c(C(=O)N(C2=O)c2cc(cc(c2)c2oc3c(n2)cccc3)N2C(=O)c3c(C2=O)cc(cc3)C(=O)Nc2nc(ccc2)NC(=O)*)cc1,365.0
*c1cc2c(C(=O)N(C2=O)c2cc(cc(c2)c2oc3c(n2)cccc3)N2C(=O)c3c(C2=O)cc(cc3)C(=O)Nc2ccc(cc2)S(=O)(=O)c2ccc(cc2)NC(=O)*)cc1,367.0
*c1cc2c(C(=O)N(C2=O)c2cc(cc(c2)c2oc3c(n2)cccc3)N2C(=O)c3c(C2=O)cc(cc3)C(=O)Nc2cc(cc(c2)c2nc3c([nH]2)cccc3)NC(=O)*)cc1,371.0
*c1cc2c(C(=O)N(C2=O)c2cc(cc(c2)c2sc3c(n2)cccc3)N2C(=O)c3c(C2=O)cc(cc3)C(=O)Nc2nc(ccc2)NC(=O)*)cc1,358.0
*c1cc2c(C(=O)N(C2=O)c2cc(cc(c2)c2sc3c(n2)cccc3)N2C(=O)c3c(C2=O)cc(cc3)C(=O)Nc2ccc(cc2)NC(=O)*)cc1,356.0
*c1cc2c(C(=O)N(C2=O)c2cc(cc(c2)c2sc3c(n2)cccc3)N2C(=O)c3c(C2=O)cc(cc3)C(=O)Nc2ccc(cc2)S(=O)(=O)c2ccc(cc2)NC(=O)*)cc1,357.0
*c1cc2c(C(=O)N(C2=O)c2cc(cc(c2)c2sc3c(n2)cccc3)N2C(=O)c3c(C2=O)cc(cc3)C(=O)Nc2cc(cc(c2)c2nc3c([nH]2)cccc3)NC(=O)*)cc1,368.0
*c1cc2c(C(=O)N(C2=O)c2cc(ccc2)N2C(=O)c3c(C2=O)cc(cc3)C(=O)Nc2nc(ccc2)NC(=O)*)cc1,339.0
*c1cc2c(C(=O)N(C2=O)c2cc(ccc2)N2C(=O)c3c(C2=O)cc(cc3)C(=O)Nc2ccc(cc2)NC(=O)*)cc1,341.0
*c1cc2c(C(=O)N(C2=O)c2cc(ccc2)N2C(=O)c3c(C2=O)cc(cc3)C(=O)Nc2ccc(cc2)S(=O)(=O)c2ccc(cc2)NC(=O)*)cc1,342.0
*c1cc2c(C(=O)N(C2=O)c2cc(ccc2)N2C(=O)c3c(C2=O)cc(cc3)C(=O)Nc2cc(cc(c2)c2nc3c([nH]2)cccc3)NC(=O)*)cc1,361.0
*Nc1cc(ccc1)NC(=O)c1cc(ccc1)C(=O)Nc1ccc(cc1)C(=O)NC(=S)*,270.0
*Nc1cc(ccc1)NC(=O)c1ccc(cc1)C(=O)Nc1ccc(cc1)C(=O)NC(=S)*,273.0
*Nc1cc(ccc1)NC(=O)CCCCC(=O)Nc1ccc(cc1)C(=O)NC(=S)*,267.0
*Nc1cc(ccc1)NC(=O)CCCCCCCCC(=O)Nc1ccc(cc1)C(=O)NC(=S)*,265.0
*c1cc2c(C(=O)N(C2=O)C2C(=O)N(C(=O)C2)c2ccc(cc2)Oc2ccc(cc2)NC(=O)*)cc1,223.0
*c1cc2c(C(=O)N(C2=O)C2C(=O)N(C(=O)C2)c2cc(ccc2)NC(=O)*)cc1,130.0
*c1cc2c(C(=O)N(C2=O)C2C(=O)N(C(=O)C2)c2ccc(cc2)c2ccc(cc2)NC(=O)*)cc1,219.0
*c1cc2c(C(=O)N(C2=O)C2C(=O)N(C(=O)C2)c2ccc(cc2)NC(=O)*)cc1,120.0
*c1cc2c(C(=O)N(C2=O)C2C(=O)N(C(=O)C2)c2ccc(cc2)S(=O)(=O)c2ccc(cc2)NC(=O)*)cc1,145.0
*c1cc2c(C(=O)N(C2=O)C2C(=O)N(C(=O)C2)c2ccc(cc2)Cc2ccc(cc2)NC(=O)*)cc1,123.0
*c1cc2c(C(=O)N(C2=O)C2C(=O)N(C(=O)C2)c2c(ccc(c2)C)NC(=O)*)cc1,237.0
*c1cc2c(C(=O)N(C2=O)C2C(=O)N(C(=O)C2)c2c3c(ccc2)cccc3NC(=O)*)cc1,193.0
*c1cc2c(C(=O)N(C2=O)c2cc(cc(c2)c2oc(nn2)c2ncccc2)N2C(=O)c3c(C2=O)cc(cc3)C(=O)Nc2cc(cc(c2)c2oc(nn2)c2ncccc2)NC(=O)*)cc1,164.0
*c1cc2c(C(=O)N(C2=O)c2cc(cc(c2)c2oc(nn2)c2ncccc2)N2C(=O)c3c(C2=O)cc(cc3)C(=O)Nc2cc(ccc2)S(=O)(=O)c2cc(ccc2)NC(=O)*)cc1,173.0
*c1cc2c(C(=O)N(C2=O)c2ccc(cc2)Sc2ccc(cc2)Oc2ccc(cc2)Sc2ccc(cc2)N2C(=O)c3c(C2=O)cc(cc3)C(=O)Nc2ccc(cc2)Oc2cc(ccc2)Oc2ccc(cc2)NC(=O)*)cc1,179.0
*c1cc2c(C(=O)N(C2=O)c2ccc(cc2)Sc2ccc(cc2)Oc2ccc(cc2)Sc2ccc(cc2)N2C(=O)c3c(C2=O)cc(cc3)C(=O)Nc2ccc(cc2)C2(c3ccccc3c3ccccc23)c2ccc(cc2)NC(=O)*)cc1,273.67
*N1C(=O)c2c(C1=O)cc(cc2)Oc1ccc(cc1)C(c1ccc(cc1)Oc1cc2c(C(=O)N(C2=O)c2ccc(cc2)Sc2ccc(cc2)Oc2ccc(cc2)Sc2ccc(cc2)*)cc1)(C)C,180.0
*c1cc2c(C(=O)N(C2=O)c2ccc(cc2)Sc2ccc(cc2)Oc2ccc(cc2)Sc2ccc(cc2)N2C(=O)c3c(C2=O)cc(cc3)C(*)(C(F)(F)F)C(F)(F)F)cc1,232.67
*N1C(=O)c2c(C1=O)cc(cc2)Sc1cc2c(C(=O)N(C2=O)c2c(cc(cc2)Cc2cc(c(cc2)*)C(C)(C)C)C(C)(C)C)cc1,300.5
*N1C(=O)c2c(C1=O)cc(cc2)S(=O)(=O)c1cc2c(C(=O)N(C2=O)c2c(cc(cc2)Cc2cc(c(cc2)*)C(C)(C)C)C(C)(C)C)cc1,336.0
*c1cc2c(C(=O)N(C2=O)c2cc(ccc2)Oc2c(c(ccc2)Oc2cc(ccc2)N2C(=O)c3c(C2=O)cc(cc3)C(=O)Nc2cc(ccc2)Oc2c(c(ccc2)Oc2cc(ccc2)Oc2c(c(ccc2)Oc2cc(ccc2)NC(=O)*)C#N)C#N)C#N)cc1,193.0
*c1cc2c(C(=O)N(C2=O)c2cc(ccc2)Oc2c(c(ccc2)Oc2cc(ccc2)N2C(=O)c3c(C2=O)cc(cc3)C(=O)Nc2cc(ccc2)Oc2c(c(ccc2)Oc2cc(ccc2)NC(=O)*)C#N)C#N)cc1,214.0
*c1cc2c(C(=O)N(C2=O)c2cc(ccc2)Oc2c(c(ccc2)Oc2cc(ccc2)N2C(=O)c3c(C2=O)cc(cc3)C(=O)Nc2ccc(cc2)Oc2cc(ccc2)Oc2ccc(cc2)NC(=O)*)C#N)cc1,207.0
*c1cc2c(C(=O)N(C2=O)c2ccc(cc2)Oc2c(c(ccc2)Oc2ccc(cc2)N2C(=O)c3c(C2=O)cc(cc3)C(=O)Nc2cc(ccc2)Oc2c(c(ccc2)Oc2cc(ccc2)Oc2c(c(ccc2)Oc2cc(ccc2)NC(=O)*)C#N)C#N)C#N)cc1,199.0
*c1cc2c(C(=O)N(C2=O)c2ccc(cc2)Oc2c(c(ccc2)Oc2ccc(cc2)N2C(=O)c3c(C2=O)cc(cc3)C(=O)Nc2ccc(cc2)Oc2c(c(ccc2)Oc2ccc(cc2)NC(=O)*)C#N)C#N)cc1,220.0
*c1cc2c(C(=O)N(C2=O)c2ccc(cc2)Oc2c(c(ccc2)Oc2ccc(cc2)N2C(=O)c3c(C2=O)cc(cc3)C(=O)Nc2ccc(cc2)Oc2cc(ccc2)Oc2ccc(cc2)NC(=O)*)C#N)cc1,217.0
*c1cc2c(C(=O)N(C2=O)c2cc(c(cc2)Oc2c(cc(cc2)N2C(=O)c3c(C2=O)cc(cc3)C(=O)Nc2ccc(cc2)c2ccc(cc2)NC(=O)*)c2ccccc2)c2ccccc2)cc1,358.0
*c1cc2c(C(=O)N(C2=O)c2cc(c(cc2)Oc2c(cc(cc2)N2C(=O)c3c(C2=O)cc(cc3)C(=O)Nc2ccc(cc2)Oc2ccc(cc2)NC(=O)*)c2ccccc2)c2ccccc2)cc1,345.0
*c1cc2c(C(=O)N(C2=O)c2cc(c(cc2)Oc2c(cc(cc2)N2C(=O)c3c(C2=O)cc(cc3)C(=O)Nc2c(ccc(c2)C(F)(F)F)Oc2c3c(ccc2)c(ccc3)Oc2c(cc(cc2)C(F)(F)F)NC(=O)*)c2ccccc2)c2ccccc2)cc1,376.0
*c1cc2c(C(=O)N(C2=O)c2cc(c(cc2)Oc2c(cc(cc2)N2C(=O)c3c(C2=O)cc(cc3)C(=O)Nc2cc(c(cc2)Oc2c(cc(cc2)NC(=O)*)c2ccccc2)c2ccccc2)c2ccccc2)c2ccccc2)cc1,369.0
*N1C(=O)c2c(C1=O)cc(cc2)Oc1ccc(cc1)Oc1cc2c(C(=O)N(C2=O)c2ccc(cc2)Oc2ccc(cc2)S(=O)(=O)c2ccc(cc2)Oc2ccc(cc2)*)cc1,201.0
*N1C(=O)c2c(C1=O)cc(cc2)Oc1ccc(cc1)C(c1ccc(cc1)Oc1cc2c(C(=O)N(C2=O)c2ccc(cc2)Oc2ccc(cc2)S(=O)(=O)c2ccc(cc2)Oc2ccc(cc2)*)cc1)(C)C,200.0
*N1C(=O)c2c(C1=O)cc(cc2)Oc1c2c(ccc1)c(ccc2)Oc1cc2c(C(=O)N(C2=O)c2ccc(cc2)Oc2ccc(cc2)S(=O)(=O)c2ccc(cc2)Oc2ccc(cc2)*)cc1,201.0
*N1C(=O)c2c(C1=O)cc(cc2)Oc1cc(ccc1)Oc1cc2c(C(=O)N(C2=O)c2ccc(cc2)Oc2ccc(cc2)C(=O)c2ccc(cc2)Oc2ccc(cc2)*)cc1,201.0
*N1C(=O)c2c(C1=O)cc(cc2)C(=O)c1cc2c(C(=O)N(C2=O)C(=S)Nc2ccc(cc2)Oc2ccc(cc2)NC(=S)*)cc1,262.0
*N1C(=O)c2c(C1=O)cc(cc2)C(c1cc2c(C(=O)N(C2=O)C(=S)Nc2ccc(cc2)Oc2ccc(cc2)NC(=S)*)cc1)(C(F)(F)F)C(F)(F)F,260.0
*N1C(=O)C2C(C1=O)C(=CC(C2)C1C(=O)N(C(=O)C1)c1ccc(cc1)Oc1ccc(cc1)*)C,278.0
*N1C(=O)C2C(C1=O)C(=CC(C2)C1C(=O)N(C(=O)C1)c1cc(ccc1)c1cc(cc(c1)C(=O)Nc1ccc(cc1)OC(=O)c1cc(c(c(c1)OCCCCCCCCCCCC)OCCCCCCCCCCCC)OCCCCCCCCCCCC)c1cc(ccc1)*)C,270.0
*N1C(=O)c2c(C1=O)cc(cc2)S(=O)(=O)c1cc2c(C(=O)N(C2=O)c2cc(ccc2)c2cc(cc(c2)C(=O)Nc2ccc(cc2)OC(=O)c2cc(c(c(c2)OCCCCCCCCCCCC)OCCCCCCCCCCCC)OCCCCCCCCCCCC)c2cc(ccc2)*)cc1,268.0
*c1cc2c(C(=O)N(C2=O)c2c(ccc(c2)C(c2cc(c(cc2)OC(=O)C)N2C(=O)c3c(C2=O)cc(cc3)C(*)(C(F)(F)F)C(F)(F)F)(C(F)(F)F)C(F)(F)F)OC(=O)C)cc1,266.5
*c1oc(nn1)c1ccc(cc1)Oc1cc(ccc1)n1c(=O)c2ccc3c(=O)n(c(=O)c4ccc(c1=O)c2c34)c1cc(ccc1)Oc1ccc(cc1)*,318.0
*c1cc2c(C(=O)N(C2=O)c2c(cc(cc2C)Cc2cc(c(c(c2)C)N2C(=O)c3c(C2=O)cc(cc3)C(=O)OCCN(CCOC(=O)*)c2ccc(cc2)C(=C(C#N)C#N)C#N)C)C)cc1,208.0
*c1cc2c(C(=O)N(C2=O)c2c(ccc(c2)N2C(=O)c3c(C2=O)cc(cc3)C(=O)OCCN(CCOC(=O)*)c2ccccc2)N=Nc2ccccc2)cc1,156.0
*c1cc2c(C(=O)N(C2=O)c2c(ccc(c2)N2C(=O)c3c(C2=O)cc(cc3)C(=O)OCCN(CCOC(=O)*)c2ccc(cc2)C(=C(C#N)C#N)C#N)N=Nc2ccc(cc2)C(=C(C#N)C#N)C#N)cc1,187.0
*c1cc2c(C(=O)N(C2=O)c2c(ccc(c2)N2C(=O)c3c(C2=O)cc(cc3)C(=O)OCCN(CCOC(=O)*)c2ccc(cc2)N=Nc2ccccc2)N=Nc2ccccc2)cc1,119.0
*c1cc2c(C(=O)N(C2=O)c2c(ccc(c2)N2C(=O)c3c(C2=O)cc(cc3)C(=O)OCCN(CCOC(=O)*)c2ccc(cc2)N=Nc2ccc(cc2)C(=C(C#N)C#N)C#N)N=Nc2ccc(cc2)C(=C(C#N)C#N)C#N)cc1,121.0
*C1C2C(C(=O)N(C2=O)c2c(cccc2)F)C(C1)C=C*,238.9
*C1C2C(C(=O)N(C2=O)c2cc(ccc2)F)C(C1)C=C*,207.8
*C1C2C(C(=O)N(C2=O)c2ccc(cc2)F)C(C1)C=C*,225.0
*C1C2C(C(=O)N(C2=O)c2c(cccc2)Cl)C(C1)C=C*,255.6
*C1C2C(C(=O)N(C2=O)c2cc(ccc2)Cl)C(C1)C=C*,204.8
*C1C2C(C(=O)N(C2=O)c2ccc(cc2)Cl)C(C1)C=C*,226.3
*C1C2C(C(=O)N(C2=O)c2c(cccc2)Br)C(C1)C=C*,270.2
*C1C2C(C(=O)N(C2=O)c2cc(ccc2)Br)C(C1)C=C*,203.5
*C1C2C(C(=O)N(C2=O)c2ccc(cc2)Br)C(C1)C=C*,227.8
*C1C2C(C(=O)N(C2=O)c2cc(ccc2)I)C(C1)C=C*,199.0
*N1C(=O)c2c(C1=O)cc(cc2)Oc1ccc(cc1)Oc1cc2c(C(=O)N(C2=O)c2c(cc(cc2)Cc2cc(c(cc2)*)C)C)cc1,268.0
*N1C(=O)c2c(C1=O)cc(cc2)Oc1ccc(cc1)Oc1cc2c(C(=O)N(C2=O)c2cc(c(cc2)Cc2c(cc(cc2)*)C)C)cc1,264.0
*c1cc2c(C(=O)N(C2=O)c2c(c(cc(c2)C(F)(F)F)N2C(=O)c3c(C2=O)cc(cc3)C(=O)Nc2ccc(cc2)Oc2ccc(cc2)NC(=O)*)Oc2ccc(cc2)C(F)(F)F)cc1,295.0
*c1cc2c(C(=O)N(C2=O)c2c(c(cc(c2)C(F)(F)F)N2C(=O)c3c(C2=O)cc(cc3)C(=O)Nc2cc(c(cc2)Oc2c(cc(cc2)NC(=O)*)c2ccccc2)c2ccccc2)Oc2ccc(cc2)C(F)(F)F)cc1,312.0
*c1cc2c(C(=O)N(C2=O)c2c(c(cc(c2)C(F)(F)F)N2C(=O)c3c(C2=O)cc(cc3)C(=O)Nc2c(c(cc(c2)C(F)(F)F)NC(=O)*)Oc2ccc(cc2)C(F)(F)F)Oc2ccc(cc2)C(F)(F)F)cc1,315.0
*c1cc2c(C(=O)N(C2=O)c2c(c(cc(c2)C(F)(F)F)N2C(=O)c3c(C2=O)cc(cc3)C(=O)Nc2ccc(cc2)Oc2c(c3c(cc2)cccc3)c2c3c(ccc2Oc2ccc(cc2)NC(=O)*)cccc3)Oc2ccc(cc2)C(F)(F)F)cc1,324.0
*N1C(=O)c2c(C1=O)cc(cc2)S(=O)(=O)c1cc2c(C(=O)N(C2=O)c2ccc(cc2)N(c2ccc(cc2)*)c2ccccc2)cc1,306.0
*N1C(=O)c2c(C1=O)cc(cc2)S(=O)(=O)c1cc2c(C(=O)N(C2=O)c2ccc(cc2)N(c2ccc(cc2)*)c2ccc(cc2)C#N)cc1,325.0
*N1C(=O)c2c(C1=O)cc(cc2)S(=O)(=O)c1cc2c(C(=O)N(C2=O)c2ccc(cc2)N(c2ccc(cc2)*)c2ccc(cc2)OC)cc1,304.0
*N1C(=O)c2c(C1=O)cc(cc2)S(=O)(=O)c1cc2c(C(=O)N(C2=O)c2ccc(cc2)N(c2ccc(cc2)*)c2ccc(cc2)N(C)C)cc1,331.0
*Nc1cc(ccc1)NC(=O)c1cc(ccc1)C(=O)Nc1cc(ccc1)NC(=S)NC(=O)c1cc(ccc1)C(=O)NC(=S)*,244.0
*Nc1cc(ccc1)NC(=O)c1cc(ccc1)C(=O)Nc1cc(ccc1)NC(=S)NC(=O)c1ccc(cc1)C(=O)NC(=S)*,248.0
*Nc1cc(ccc1)NC(=O)c1cc(ccc1)C(=O)Nc1cc(ccc1)NC(=S)NC(=O)CCCCC(=O)NC(=S)*,242.0
*Nc1cc(ccc1)NC(=O)c1cc(ccc1)C(=O)Nc1cc(ccc1)NC(=S)NC(=O)CCCCCCCCC(=O)NC(=S)*,240.0
*Nc1cc(ccc1)NC(=O)c1ccc(cc1)C(=O)Nc1cc(ccc1)NC(=S)NC(=O)c1cc(ccc1)C(=O)NC(=S)*,254.0
*Nc1cc(ccc1)NC(=O)c1ccc(cc1)C(=O)Nc1cc(ccc1)NC(=S)NC(=O)c1ccc(cc1)C(=O)NC(=S)*,258.0
*Nc1cc(ccc1)NC(=O)c1ccc(cc1)C(=O)Nc1cc(ccc1)NC(=S)NC(=O)CCCCC(=O)NC(=S)*,252.0
*Nc1cc(ccc1)NC(=O)c1ccc(cc1)C(=O)Nc1cc(ccc1)NC(=S)NC(=O)CCCCCCCCC(=O)NC(=S)*,248.0
*Nc1cc(ccc1)NC(=O)CCCCC(=O)Nc1cc(ccc1)NC(=S)NC(=O)c1ccc(cc1)C(=O)NC(=S)*,241.0
*Nc1cc(ccc1)NC(=O)CCCCC(=O)Nc1cc(ccc1)NC(=S)NC(=O)CCCCC(=O)NC(=S)*,236.0
*Nc1cc(ccc1)NC(=O)CCCCC(=O)Nc1cc(ccc1)NC(=S)NC(=O)CCCCCCCCC(=O)NC(=S)*,232.0
*c1cc2c(C(=O)N(C2=O)c2cc(c(cc2)Oc2c(cc(cc2)N2C(=O)c3c(C2=O)cc(cc3)C(=O)*)c2cc(c(c(c2)F)F)F)c2cc(c(c(c2)F)F)F)cc1,342.0
*C1C(=O)OC(=O)C1C(C*)OCC,146.0
*C1C(=O)OC(=O)C1C(C*)OCC(C)C,145.0
*C1C(=O)OC(=O)C1C(C*)OCCCC,118.0
*C1(C(=O)OC(=O)C1(C(C*)OC)C)C,170.2
*C1(C(=O)OC(=O)C1(C(C*)OCC)C)C,244.0
*C1(C(=O)OC(=O)C1(C(C*)OCC(C)C)C)C,219.0
*C1(C(=O)OC(=O)C1(C(C*)OCCCC)C)C,197.0
*C1C(=O)OC(=O)C1C(C*)c1ccccc1,177.0
*C1C(=O)OC(=O)C1C(C*)(N=C=O)C,100.0
*C1C(=O)OC(=O)C1C(C*)(C)C,141.0
*C1C(=O)OC(=O)C1C(C*)OC(C)C,142.0
*C1C(=O)OC(=O)C1C(C*)OC1CCCCC1,201.0
*C1C(=O)OC(=O)C1C1C2CC(C(C1*)C2)C(=O)OCCOCC,155.0
*C1C(=O)OC(=O)C1C1C2CC(C(C1*)C2)C(=O)OC(CC)C,175.0
*C1C(=O)OC(=O)C1C1C2CC(C(C1*)C2)C(=O)OC1CCCCC1,195.0
*C1C(=O)OC(=O)C1C1C2CC(C(C1*)C2)COCCC,209.0
*Oc1c(cc(cc1)C1(C2CCC(C1)C2)c1cc(c(cc1)OC(=O)*)C)C,161.0
*Oc1c(cc(cc1)C1(C2CCC(C1)C2)c1cc(c(cc1)OC(=O)*)Cl)Cl,200.0
*Oc1c(cc(cc1Cl)C1(C2CCC(C1)C2)c1cc(c(c(c1)Cl)OC(=O)*)Cl)Cl,290.0
*Oc1c(cc(cc1Br)C1(C2CCC(C1)C2)c1cc(c(c(c1)Br)OC(=O)*)Br)Br,283.0
*Oc1ccc(cc1)C(c1ccc(cc1)OC(=O)*)C1C2CCC(C1)C2,207.0
*Oc1c(cc(cc1Cl)C(c1cc(c(c(c1)Cl)OC(=O)*)Cl)C1C2CCC(C1)C2)Cl,270.0
*Oc1ccc(cc1)C(c1ccc(cc1)OC(=O)*)C1C2CCC(C1C)C2,218.67
*Oc1ccc(cc1)C(c1ccc(cc1)OC(=O)*)C1C2CCC(C1c1ccccc1)C2,196.0
*Oc1ccc(cc1)C(c1ccc(cc1)OC(=O)*)C1CCCCC1,190.0
*Oc1ccc(cc1)C(c1ccc(cc1)OC(=O)OCCN(CCOC(=O)*)c1ccccc1)(C)C,70.0
*Oc1ccc(cc1)C(c1ccc(cc1)OC(=O)OCCN(CCOC(=O)*)c1ccc(cc1)OC)(C)C,60.0
*Oc1ccc(cc1)C(c1ccc(cc1)OC(=O)OCCN(CCOC(=O)*)c1ccc2[nH]c3c(c2c1)cccc3)(C)C,90.0
*Oc1ccc(cc1)C1(C2C3C(CCC3)C(C1)C2)c1ccc(cc1)OC(=O)*,251.5
*Oc1c(cc(cc1)C1(C2C3C(CCC3)C(C1)C2)c1cc(c(cc1)OC(=O)*)C)C,217.0
*Oc1c(cc(cc1Cl)C1(C2C3C(CCC3)C(C1)C2)c1cc(c(c(c1)Cl)OC(=O)*)Cl)Cl,281.0
*Oc1ccc(cc1)C1(C2C3C(C(C1)C2)C1CCC3C1)c1ccc(cc1)OC(=O)*,267.5
*Oc1c(cc(cc1)C1(C2C3C(C(C1)C2)C1CCC3C1)c1c(cc(cc1)OC(=O)*)C)C,232.0
*Oc1ccc(cc1)C(c1ccc(cc1)OC(=O)*)C1C2C3C(C(C1)C2)C1CCC3C1,253.0
*Oc1ccc(cc1)C(c1ccc(cc1)OC(=O)*)(CC)c1ccccc1,147.0
*Oc1ccc(cc1)C1(c2c(CC1)cccc2)c1ccc(cc1)OC(=O)*,219.0
*Oc1ccc(cc1)Cc1ccc(cc1)Cc1ccc(cc1)OC(=O)*,79.5
*OC(COC(=O)*)C,31.72
*Oc1ccc(cc1)C1(CC(CC(C1)C)(C)C)c1ccc(cc1)OC(=O)*,234.25
*Oc1c(cc(cc1C)C(c1cc(c(c(c1)C)OC(=O)*)C)(C(F)(F)F)C(F)(F)F)C,208.0
*OC1CCC(CC1)OC(=O)*,138.0
*OC(=O)OCCCS(=O)(=O)CCCCS(=O)(=O)CCC*,43.0
*Oc1cc2c(C(CC32CC(c2ccc(cc32)OC(=O)*)(C)C)(C)C)cc1,227.5
*OC(=O)OCC*,15.33
*Oc1c(cc(cc1)C(c1cc(c(cc1)OC(=O)*)CC)(C)C)CC,65.0
*Oc1ccc(cc1)C(c1ccc(cc1)OC(=O)*)(CCC#N)C,150.0
*Oc1c(cc(cc1)C(c1cc(c(cc1)OC(=O)*)C)(CCC#N)C)C,117.0
*Oc1c(cc(cc1)C(c1cc(c(cc1)OC(=O)*)C)(CCC)CCC)C,101.0
*OC(=O)OCC(C(C*)OC(=O)OCC)OC(=O)OCC,49.8
*OC1CCC(CC1)OC(=O)OCCCCOC(=O)*,30.0
*OC(=O)OCC(C(C*)O)O,51.38
*OC(=O)OCC(C(C*)OC=O)OC=O,51.38
*OC(=O)OCC(C(C*)OC(=O)C)OC(=O)C,51.38
*OC(=O)OCC(C(C*)OC(=O)C(=O)OCC)OC(=O)C(=O)OCC,51.38
*OC(=O)OCC(C(C*)OC(=O)Oc1ccc(cc1)C(=O)OC)OC(=O)Oc1ccc(cc1)C(=O)OC,51.38
*OC(=O)OCC(C(C*)OC(=O)C(NC(=O)OC(C)(C)C)Cc1ccccc1)OC(=O)C(NC(=O)OC(C)(C)C)Cc1ccccc1,51.38
*OC(=O)OCC(C(C*)OC(=O)C(NC(=O)OCc1ccccc1)CC(C)C)OC(=O)C(NC(=O)OCc1ccccc1)CC(C)C,51.38
*OC(=O)OCCC*,-22.38
*OC1CCC(CC1)OC(=O)OCCCCCOC(=O)*,-5.0
*OC1CCC(CC1)OC(=O)OCCCCCCOC(=O)*,10.0
*OC1CCC(CC1)OC(=O)OCCCCCCCOC(=O)*,-5.0
*OC(=O)OCC(C*)(C)C,14.76
*Oc1ccc(cc1)C(c1ccc(cc1)OC(=O)*)CC,128.0
*Oc1c(cc(cc1)C(c1cc(c(cc1)OC(=O)*)C)(CC)C)C,119.0
*Oc1c(cc(cc1)C(c1cc(c(cc1)OC(=O)*)Cl)(CC)C)Cl,142.0
*Oc1ccc(cc1)C(c1cc(c(cc1)OC(=O)*)Cl)(C)C,146.0
*Oc1ccc(cc1)C(c1cc(c(c(c1)Cl)OC(=O)*)Cl)(C)C,186.0
*Oc1c(cc(cc1)C(c1cc(c(cc1)OC(=O)*)Cl)(C)C)C,138.0
*Oc1ccc(cc1)C(c1ccc(cc1)OC(=O)*)(CCCC)CCCC,113.0
*Oc1ccc(cc1)C1(CCCCCC1)c1ccc(cc1)OC(=O)*,155.0
*Oc1ccc(cc1)C(c1ccc(cc1)OC(=O)OC1C(C(C1(C)C)OC(=O)*)(C)C)(C)C,130.0
*Oc1ccc(cc1)C(c1ccc(cc1)OC(=O)OC1C(C(C1(C)C)OC(=O)*)(C)C)(CC)C,124.0
*Oc1ccc(cc1)C1(CCCCC1)c1ccc(cc1)OC(=O)OC1C(C(C1(C)C)OC(=O)*)(C)C,136.0
*Oc1ccc(cc1)C1(C2CCC(C1)C2)c1ccc(cc1)OC(=O)OC1C(C(C1(C)C)OC(=O)*)(C)C,184.0
*Oc1ccc(cc1)C1(CCC(CC1)C(C)(C)C)c1ccc(cc1)OC(=O)OC1C(C(C1(C)C)OC(=O)*)(C)C,172.0
*Oc1ccc(cc1)C(c1ccc(cc1)OC(=O)OC1C(C(C1(C)C)OC(=O)*)(C)C)(c1ccccc1)C,149.0
*Oc1ccc(cc1)C(c1ccc(cc1)OC(=O)OC1C(C(C1(C)C)OC(=O)*)(C)C)(c1ccccc1)c1ccccc1,161.0
*Oc1ccc(cc1)C1(c2ccccc2c2ccccc12)c1ccc(cc1)OC(=O)OC1C(C(C1(C)C)OC(=O)*)(C)C,214.0
*Oc1ccc(cc1)c1ccc(cc1)OC(=O)OC1C(C(C1(C)C)OC(=O)*)(C)C,165.0
*Oc1ccc(cc1)C(c1ccc(cc1)OC(=O)OC1C(C(C1(C)C)OC(=O)*)(C)C)(C(F)(F)F)C(F)(F)F,142.0
*Sc1ccc(cc1)Cc1ccc(cc1)SC(=O)*,117.0
*OC(=O)OCC(C*)OCCOc1ccc(cc1)C=Cc1ccc(cc1)[N+](=O)[O-],53.0
*OC(=O)OCC(C*)OCCCCOc1ccc(cc1)C=Cc1ccc(cc1)[N+](=O)[O-],42.0
*OC(=O)OCC(C*)OCCCCCCOc1ccc(cc1)C=Cc1ccc(cc1)[N+](=O)[O-],32.0
*OC(=O)OCC(C*)OCCCCCCCCCCCOc1ccc(cc1)C=Cc1ccc(cc1)[N+](=O)[O-],21.0
*Oc1ccc(cc1)C1(c2cc(ccc2c2ccc(cc12)[N+](=O)[O-])N(C)C)c1ccc(cc1)OC(=O)*,278.0
*Oc1ccc(cc1)C1(c2cc(ccc2c2ccc(cc12)[N+](=O)[O-])OC)c1ccc(cc1)OC(=O)*,294.0
*Oc1ccc(cc1)C(c1ccc(cc1)OC(=O)*)C(Cl)Cl,165.0
*Oc1c(cc(cc1Br)C(c1cc(c(c(c1)Br)OC(=O)*)Br)(C(F)(F)F)C(F)(F)F)Br,206.0
*Oc1ccc(cc1)C(=O)c1ccc(cc1)OC(=O)OC1C(C(C1(C)C)OC(=O)*)(C)C,125.0
*Oc1ccc(cc1)S(=O)(=O)c1ccc(cc1)OC(=O)OC1C(C(C1(C)C)OC(=O)*)(C)C,162.0
*Oc1ccc(cc1)C(c1ccc(cc1)OC(=O)SCCCSC(=O)*)(C)C,90.0
*Oc1ccc(cc1)C(c1ccc(cc1)OC(=O)SCCCCCCSC(=O)*)(C)C,58.0
*Oc1ccc(cc1)C(c1ccc(cc1)OC(=O)Sc1ccc(cc1)C(c1ccc(cc1)SC(=O)*)(C)C)(C)C,154.0
*Oc1c(cc(cc1Br)S(=O)(=O)c1cc(c(c(c1)Br)OC(=O)*)Br)Br,196.0
*Oc1cc2c(C(CC2(c2ccc(cc2)OC(=O)*)C)(C)C)cc1,201.7
*Oc1c(cc(cc1Cl)C(c1cc(c(c(c1)Cl)OC(=O)*)Cl)C(Cl)(Cl)Cl)Cl,273.0
*Oc1c(cc(cc1Cl)C(=C(Cl)Cl)c1cc(c(c(c1)Cl)OC(=O)*)Cl)Cl,250.0
*OC(=O)OCC1CCC(CC1)C*,38.7
*OC(=O)OCC(C*)(C(=O)OCc1ccccc1)C,-2.0
*OC(=O)OCc1ccc(cc1)COC(=O)OCCN(CC*)c1ccc(cc1)N=Nc1ccc(cc1)[N+](=O)[O-],138.8
*OC1C(CCCC1)OC(=O)*,117.3
*Oc1ccc(cc1)C(=Cc1ccc(cc1)c1ccc(cc1)C=C(c1ccc(cc1)OC(=O)*)c1ccccc1)c1ccccc1,203.0
*Oc1ccc(cc1)C(c1ccc(cc1)OC(=O)OCCCOC(=O)*)(C)C,68.1
*Oc1ccc(cc1)C(c1ccc(cc1)OC(=O)OCCCCOC(=O)*)(C)C,56.5
*Oc1ccc(cc1)C(c1ccc(cc1)OC(=O)OCCCCCOC(=O)*)(C)C,49.5
*Oc1cc(ccc1)OC(=O)Oc1ccc(cc1)C(c1ccc(cc1)OC(=O)*)(C)C,83.1
*Oc1ccc(cc1)OC(=O)Oc1ccc(cc1)C(c1ccc(cc1)OC(=O)*)(C)C,97.0
*Oc1ccc(cc1)C(c1ccc(cc1)OC(=O)Oc1ccc(cc1)Cc1ccc(cc1)OC(=O)*)(C)C,107.8
*OC(=O)OCC1CCC(CC1)COC(=O)OCCCC*,13.0
*Oc1ccc(cc1)C(c1ccc(cc1)OC(=O)OCC1CCC(CC1)COC(=O)*)(C)C,90.4
*Oc1ccc(cc1)Cc1ccc(cc1)OC(=O)OCC1CCC(CC1)COC(=O)*,56.9
*OC(COC(=O)*)COc1ccccc1,45.0
*OC(COC(=O)*)COC(C)(C)C,11.0
*OC(COC(=O)*)COCCCC,-24.0
*OC(COC(=O)*)COCCOC,-45.0
*OC(=O)OCC1(CC=CCC1)C*,30.0
*Oc1c(cc(cc1)c1ccc(cc1)C(c1ccc(cc1)c1cc(c(cc1)OC(=O)*)F)(C)C)F,234.0
*OC(COC(=O)*)COCC,-5.0
*OC(COC(=O)*)COC(C)C,-9.0
*OC(COC(=O)*)CCC,-10.0
*c1cc2c(nc(c(n2)c2ccccc2)c2ccc(cc2)c2nc3c(nc2c2ccccc2)cc(cc3)C(=O)*)cc1,325.0
*c1nc2c([nH]1)ccc(c2)c1ccc2c(nc([nH]2)c2ccc(cc2)Nc2nc(nc(n2)Nc2ccc(cc2)*)N(c2ccccc2)c2ccccc2)c1,329.0
*c1c(nnc(n1)c1nc(ccc1)c1nc(c(nn1)c1ccccc1)c1ccc(cc1)*)c1ccccc1,260.0
*c1c(nnc(n1)c1nc(ccc1)c1nc(c(nn1)c1ccccc1)c1ccc(cc1)Cc1ccc(cc1)*)c1ccccc1,205.0
*c1nc2c([nH]1)ccc(c2)c1ccc2c(nc([nH]2)CCC*)c1,275.0
*c1nc2c([nH]1)ccc(c2)c1ccc2c(nc([nH]2)CCCCCCCC*)c1,234.0
*c1nc2c([nH]1)ccc(c2)c1ccc2c(nc([nH]2)CCCCCNc2nc(nc(n2)NCCCCC*)N(CC)CC)c1,190.0
*c1ncc(nc1)C1C(C(C1c1ccccc1)*)c1ccccc1,150.0
*N=P(*)(Oc1cc(ccc1)Cl)Oc1cc(ccc1)Cl,-24.0
*N=P(*)(Oc1ccc(cc1)CC)Oc1ccc(cc1)CC,-18.0
*c1nc2cc3c(cc2c(c1)c1ccccc1)c(cc(n3)c1ccc(cc1)c1ccc(cc1)*)c1ccccc1,392.0
*c1nc2cc3c(cc2c(c1)c1ccccc1)nc(cc3c1ccccc1)c1ccc(cc1)c1ccc(cc1)*,383.0
*c1[nH]c(cc1)*,132.55
*N=P(*)(OCCOCCOCCOC)OCCOCCOCCOC,-66.0
*Nc1ccc(cc1)*,91.75
*N(CC*)CC[Si](C)(C)C,-65.6
*c1nc2c([nH]1)ccc(c2)*,398.0
*Nc1c(cc(cc1)*)OC,90.0
*N([Si](C[Si](*)(C)C)(C)C)CCC,-47.5
*N(CC(C*)O)c1ccccc1,65.75
*S(=O)(=NP(=NP(=N*)(NC)NC)(NC)NC)NC,22.0
*S(=O)(=NP(=NP(=N*)(NCC)NCC)(NCC)NCC)NCC,4.0
*S(=O)(=NP(=NP(=N*)(NCCC)NCCC)(NCCC)NCCC)NCCC,6.0
*S(=O)(=NP(=NP(=N*)(NCCCC)NCCCC)(NCCCC)NCCCC)NCCCC,-17.0
*S(=O)(=NP(=NP(=N*)(NCCCCCC)NCCCCCC)(NCCCCCC)NCCCCCC)NCCCCCC,-17.0
*N(CC*)C(=O)C12CC3CC(CC(C1)C3)C2,123.0
*N(CC*)C(=O)CC12CC3CC(CC(C1)C3)C2,139.0
*c1nc2c(c(c1)c1ccccc1)cc(cc2)c1cc2c(nc(cc2c2ccccc2)c2ccc(cc2)c2ccc(cc2)*)cc1,372.0
*c1nc2c([nH]1)ccc(c2)c1ccc2c(nc([nH]2)c2cc(ccc2)*)c1,415.89
*c1nc2c(c(c1)c1ccccc1)cc(cc2)c1ccc(cc1)*,383.0
*c1nc2c(nc1c1ccccc1)cc(cc2)c1cc2c(nc(c(n2)c2ccccc2)c2ccc(cc2)*)cc1,354.5
*c1c(nc2c(c1c1ccccc1)cc(cc2)c1cc2c(nc(c(c2c2ccccc2)c2ccc(cc2)*)c2ccccc2)cc1)c1ccccc1,376.25
*c1c(nc2c(c1c1ccccc1)cc(cc2)c1cc2c(nc(c(c2c2ccccc2)c2ccc(cc2)c2ccc(cc2)*)c2ccccc2)cc1)c1ccccc1,372.0
*c1nc2c(c(c1)c1ccccc1)cc(cc2)C1(c2ccccc2c2ccccc12)c1cc2c(nc(cc2c2ccccc2)c2ccc(cc2)C2(c3ccccc3c3ccccc23)c2ccc(cc2)*)cc1,390.0
*c1nc2c(c(c1)c1ccccc1)cc(cc2)C1(c2ccccc2c2ccccc12)c1cc2c(nc(cc2c2ccccc2)c2ccc(cc2)C2(c3ccccc3C(=O)c3ccccc23)c2ccc(cc2)*)cc1,385.0
*c1nc2c(c(c1)c1ccccc1)cc(cc2)C1(c2ccccc2C(=O)c2ccccc12)c1cc2c(nc(cc2c2ccccc2)c2ccc(cc2)C2(c3ccccc3c3ccccc23)c2ccc(cc2)*)cc1,405.0
*c1nc2c(c(c1)c1ccccc1)cc(cc2)C1(c2ccccc2C(=O)c2ccccc12)c1cc2c(nc(cc2c2ccccc2)c2ccc(cc2)C2(c3ccccc3C(=O)c3ccccc23)c2ccc(cc2)*)cc1,390.0
*c1nc2c(c(c1)c1ccccc1)cc(cc2)c1cc2c(nc(cc2c2ccccc2)c2ccc(cc2)C2(c3ccccc3c3ccccc23)c2ccc(cc2)*)cc1,420.0
*c1nc2c(c(c1)c1ccccc1)cc(cc2)c1cc2c(nc(cc2c2ccccc2)c2ccc(cc2)C2(c3ccccc3C(=O)c3ccccc23)c2ccc(cc2)*)cc1,417.0
*c1nc2c(c(c1)c1ccccc1)cc(cc2)C1(c2ccccc2c2ccccc12)c1cc2c(nc(cc2c2ccccc2)c2ccc(cc2)c2ccc(cc2)*)cc1,380.0
*c1nc2c(c(c1)c1ccccc1)cc(cc2)C1(c2ccccc2C(=O)c2ccccc12)c1cc2c(nc(cc2c2ccccc2)c2ccc(cc2)c2ccc(cc2)*)cc1,350.0
*c1nc2c(c(c1)c1ccccc1)cc(cc2)c1cc2c(nc(cc2c2ccccc2)c2ccc(cc2)*)cc1,370.0
*c1nc2c(c(c1)c1ccccc1)cc(cc2)c1cc2c(nc(cc2c2ccccc2)c2ccc(cc2)c2ccc(cc2)c2ccc(cc2)*)cc1,351.67
*c1nc2c(c(c1)c1ccccc1)cc(cc2)c1cc2c(nc(cc2c2ccccc2)c2ccc(cc2)c2ccc(cc2)c2ccc(cc2)c2ccc(cc2)*)cc1,355.0
*c1nc2c(c(c1c1ccccc1)c1ccccc1)cc(cc2)c1cc2c(nc(c(c2c2ccccc2)c2ccccc2)c2ccc(cc2)*)cc1,376.25
*c1nc2c(c(c1c1ccccc1)c1ccccc1)cc(cc2)c1cc2c(nc(c(c2c2ccccc2)c2ccccc2)c2ccc(cc2)c2ccc(cc2)*)cc1,381.67
*c1nc2c(c(c1)c1ccc(cc1)c1ccc(cc1)Oc1ccccc1)cc(cc2)c1cc2c(nc(cc2c2ccc(cc2)c2ccc(cc2)Oc2ccccc2)c2ccc(cc2)c2ccc(cc2)*)cc1,352.0
*c1nc2c(c(c1)c1ccc(cc1)Oc1ccc(cc1)c1ccccc1)cc(cc2)c1cc2c(nc(cc2c2ccc(cc2)Oc2ccc(cc2)c2ccccc2)c2ccc(cc2)c2ccc(cc2)*)cc1,318.0
*c1nc2c(c(c1)c1ccc(cc1)Oc1ccc(cc1)Oc1ccccc1)cc(cc2)c1cc2c(nc(cc2c2ccc(cc2)Oc2ccc(cc2)Oc2ccccc2)c2ccc(cc2)c2ccc(cc2)*)cc1,348.33
*Nc1c2c(ccc1)c(ccc2)N[Se]*,53.0
*S(=O)(=O)c1ccc(cc1)N[Se]Nc1ccc(cc1)*,62.0
*S(=O)(=O)c1ccc(cc1)C#Cc1ccc(cc1)N(CC(CCC*)O)CCCC,48.0
*S(=O)(=O)c1ccc(cc1)N=CNc1ccc(cc1)*,163.0
*Nc1ccc(cc1)N[Se]*,55.0
*N=P(*)(OCC=Cc1ccccc1)OCC=Cc1ccccc1,1.0
*N(c1ccc(cc1)c1ccc(cc1)N(c1ccc(cc1)Cc1ccc(cc1)*)c1ccc(cc1)C)c1ccc(cc1)C,183.0
*N(c1ccc(cc1)c1ccc(cc1)N(c1ccc(cc1)C(c1ccc(cc1)*)c1ccccc1)c1ccc(cc1)C)c1ccc(cc1)C,239.0
*S(=O)(=O)c1cc(ccc1)N/C=C\C(=O)c1cc(ccc1)C(=O)/C=C\Nc1cc(ccc1)*,215.0
*N(CC(C(C*)O)O)c1ccc(cc1)N(C)C,72.0
*N(CC(CCCCC(C*)O)O)c1ccc(cc1)N(C)C,72.0
*N=Nc1ccc(cc1)[Te]c1ccc(cc1)*,300.0
*c1ccc2ccc3c(c2n1)nc(cc3)c1ccc(cc1)c1c(cc(c(c1)CCCCCC)c1ccc(cc1)*)CCCCCC,190.0
*N=P(*)(OCCOCCOCCOP1(=NP(=NP(=N1)(OCCOCCOC)OCCOCCOC)(OCCOCCOC)OCCOCCOC)OCCOCCOC)OCCOCCOCCOP1(=NP(=NP(=N1)(OCCOCCOC)OCCOCCOC)(OCCOCCOC)OCCOCCOC)OCCOCCOC,-74.0
*Nc1c2C(=O)c3c(C(=O)c2ccc1)c(ccc3)N[Se]*,52.0
*N(c1cc2c(cc1)ccc(c2)N(c1ccc(cc1)c1ccc(cc1)*)c1ccc(cc1)OC)c1ccc(cc1)OC,232.0
*Nc1cc(ccc1)NC(=C(C#N)C#N)c1cc(ccc1)C(=C(C#N)C#N)*,278.0
*Nc1ccc(cc1)/C=C/c1ccc(cc1)NC(=C(C#N)C#N)c1ccc(cc1)C(=C(C#N)C#N)*,250.0
*Nc1ccc(cc1)C(c1cc(ccc1)C(c1ccc(cc1)NC(=C(C#N)C#N)c1ccc(cc1)C(=C(C#N)C#N)*)(C)C)(C)C,208.0
*N=C(NCCCCCCCCCC*)c1ccccc1,10.0
*N=C(NCCCCCCCCCC*)C,5.0
*N(c1ccc(cc1)C=C(c1ccc(cc1)C(=Cc1ccc(cc1)*)c1ccc(cc1)OC)c1ccc(cc1)OC)c1ccccc1,197.0
*N(c1ccc(cc1)c1ccc(cc1)*)c1ccc(cc1)C,85.0
*N(c1ccc(cc1)c1ccc(cc1)*)c1ccc(cc1)CCCC,180.0
*N(c1ccc(cc1)C=Cc1c(cc(c(c1)OCCCCCCCC)C=Cc1ccc(cc1)*)OCCCCCCCC)c1ccccc1,74.0
*N(c1ccc(cc1)C(c1ccc(cc1)*)c1ccccc1)c1ccc(cc1)C,199.0
*N(c1ccc(cc1)C(c1ccc(cc1)*)c1ccc(cc1)OCCCC)c1ccc(cc1)C,170.0
*N(c1ccc(cc1)C(c1ccc(cc1)*)c1ccc(cc1)C#N)c1ccc(cc1)C,230.0
*N(c1ccc(cc1)C(c1ccc(cc1)*)c1ccc(cc1)[N+](=O)[O-])c1ccc(cc1)C,215.0
*N(c1ccc(cc1)C(c1ccc(cc1)*)c1ccc(cc1)C(=O)OC)c1ccc(cc1)C,222.0
*c1ccc2n(c3c(c2c1)cc(cc3)C=Cc1ccc(cc1)c1n(c(nn1)c1ccc(cc1)C=C*)c1ccccc1)CCCCCCCC,147.0
*c1ccc2n(c3c(c2c1)cc(cc3)c1ccc2n(c3c(c2c1)cc(cc3)C=Cc1ccc(cc1)c1n(c(nn1)c1ccc(cc1)C=C*)c1ccccc1)CCCCCCCC)CCCCCCCC,157.0
*N(c1ccc(cc1)C=Cc1c(cc(c(c1)OC)C=Cc1ccc(cc1)*)OCC(CCCC)CC)c1ccccc1,147.0
*N(c1ccc(cc1)C=C(c1c(cc(c(c1)OCCCCCCCC)C(=Cc1ccc(cc1)*)C#N)OCCCCCCCC)C#N)c1ccccc1,78.0
*Nc1c(cc(cc1)*)OCCCCCCCCCCOc1ccc(cc1)C1CCC(CC1)CCCCC,54.0
*N(CC*)C,-31.0
*N(c1ccc(cc1)c1c2c(c(cc1)c1c3c(c(cc1)c1ccc(cc1)*)c(ccc3C)C)c(ccc2C)C)c1ccc(cc1)C,148.0
*N(c1ccc(cc1)c1cc2ccc3c(c2cc1c1ccc(cc1)*)cccc3)c1ccc(cc1)C,126.0
*[N+](CCCCCCCCCC*)(C)C,66.69
*[n+]1ccc(cc1)c1cc[n+](cc1)Cc1ccc(cc1)C*,95.0
*[n+]1ccc(cc1)c1cc[n+](cc1)Cc1cc(ccc1)C*,128.0
*[n+]1ccc(cc1)c1cc[n+](cc1)Cc1c(cccc1)C*,70.5
*C1C[N+](CC1CC*)(C)C,8.0
*c1nc2c(n1C)ccc(c2)c1ccc2c(nc([nH]2)c2cc(ccc2)*)c1,346.66
*c1ccc2n(c3c(c2c1)cc(cc3)c1cc2C(c3c(c2cc1)ccc(c3)*)(CCCCCC)CCCCCC)c1ccccc1,170.0
*c1ccc2n(c3c(c2c1)cc(cc3)c1cc2C(c3c(c2cc1)ccc(c3)*)(CCCCCC)CCCCCC)c1ccc(cc1)C,155.0
*c1ccc2n(c3c(c2c1)cc(cc3)c1cc2C(c3c(c2cc1)ccc(c3)*)(CCCCCC)CCCCCC)c1ccc(cc1)OC,174.0
*N(Cc1c(c(cc(c1)C12CC3CC(CC(C1)C3)C2)C*)O)c1ccccc1,109.4
*N(Cc1c(c(cc(c1)C12CC3CC(CC(C1)C3)C2)C*)O)C,188.8
*c1nc(c(c(c1C#N)C=Cc1ccc(cc1)N(c1ccccc1)c1ccccc1)C#N)C=Cc1cc2C(c3c(c2cc1)ccc(c3)C=C*)(CCCCCC)CCCCCC,178.0
*c1ccc2n(c3c(c2c1)cc(cc3)C=Cc1nc(c(c(c1C#N)C=Cc1ccc(cc1)N(c1ccccc1)c1ccccc1)C#N)C=C*)CCCCCC,134.0
*c1nc(c(c(c1C#N)C=Cc1ccc(cc1)N(c1ccccc1)c1ccccc1)C#N)C=Cc1c(cc(c(c1)CCCCCCCCCCCCCCCC)C=C*)CCCCCCCCCCCCCCCC,165.0
*O[Si](CCCN=C1c2c(C(=NCCC[Si](*)(C)C)C=C1)c(ccc2O)O)(C)C,32.9
*O[Si](CCCN=C1c2c(ccc(c2C(=NCCC[Si](*)(C)C)c2ccccc12)O)O)(C)C,7.5
*c1nc2c([nH]1)cc(cc2)c1cc2c(nc([nH]2)c2ccc(cc2)C(c2ccc(cc2)*)(C(F)(F)F)C(F)(F)F)cc1,269.0
*O[Si](CCCN=C1C(=CC(=NCCC[Si](*)(C)C)C(=C1)O)O)(C)C,-25.71
*N=Nc1ccc(cc1)Nc1ccc(cc1)C(=O)c1ccc(cc1)Nc1ccc(cc1)*,216.42
*c1ccc2n(c3c(c2c1)cc(cc3)Nc1ccc(cc1)C(=O)c1ccc(cc1)N*)CC(CCCC)CC,236.06
*N(CC(CN(CC(C*)O)c1ccc(cc1)N=Nc1ccc(cc1)[N+](=O)[O-])O)c1ccccc1,70.0
*N(CC(C*)O)c1ccc(cc1)N=Nc1ccc(cc1)C(=O)O,99.0
*N(CC*)C(=O)C1(CCC1)c1ccc(cc1)Cl,112.0
*N(CC*)C(=O)Cc1ccc(cc1)C(F)(F)F,75.0
*N(CC*)C(=O)CSC,39.0
*N(CC*)C(=O)C(OC)(c1ccccc1)C(F)(F)F,89.0
*N(CC*)C(=O)c1ccc(cc1)SC(F)(F)F,100.0
*c1c2n(c3c(c2cc(c1)C(C)(C)C)cc(cc3C#CC#C*)C(C)(C)C)CCCCCCCCCCCCCCCC,67.0
*c1c2n(c3c(c2cc(c1)C(C)(C)C)cc(cc3C#C*)C(C)(C)C)CCCCCCCCCCCCCCCC,80.0
*O[Si](CCCN=Cc1c(ccc(c1)Cc1cc(c(cc1)O)C=NCCC[Si](*)(C)C)O)(C)C,-51.62
*N(CC*)C(=O)c1c(cccc1)F,109.0
*N(CC*)C(=O)c1cc(ccc1)F,97.0
*N(CC*)C(=O)c1ccc(cc1)F,104.0
*N(CC*)C(=O)c1cc(cc(c1)F)F,106.0
*N(CC*)C(=O)c1c(cccc1F)F,121.5
*N(CC*)C(=O)c1cc(c(cc1)F)F,101.0
*N(CC*)C(=O)c1c(c(ccc1)F)F,110.0
*N(CC*)C(=O)c1c(ccc(c1)F)F,112.0
*N(CC*)C(=O)c1c(cc(cc1)F)F,108.0
*N(CC*)C(=O)c1c(cc(cc1F)F)F,135.0
*N(CC*)C(=O)c1c(cc(c(c1)F)F)F,105.0
*N(CC*)C(=O)c1c(ccc(c1F)F)F,124.0
*N(CC*)C(=O)c1c(c(cc(c1)F)F)F,110.0
*N(CC*)C(=O)c1c(c(c(cc1)F)F)F,102.0
*N(CC*)C(=O)c1cc(c(c(c1)F)F)F,65.0
*N(CC*)C(=O)c1c(c(c(c(c1)F)F)F)F,97.0
*N(CC*)C(=O)c1c(cc(c(c1F)F)F)F,122.0
*N(CC*)C(=O)c1c(c(cc(c1F)F)F)F,122.0
*N(CC*)C(=O)c1c(c(c(c(c1F)F)F)F)F,136.0
*c1ccc2n(c3c(c2c1)cc(cc3)Nc1ccc(cc1)c1ccc(cc1)N*)CC(CCCC)CC,231.0
*c1ccc2n(c3c(c2c1)cc(cc3)Nc1ccc(cc1)C(=O)c1ccc(cc1)C(=O)c1ccc(cc1)N*)CC(CCCC)CC,213.0
*N=Nc1ccc(cc1)Nc1ccc(cc1)C(=O)c1ccc(cc1)C(=O)c1ccc(cc1)Nc1ccc(cc1)*,203.0
*Nc1ccc(cc1)C(c1cc(ccc1)C(c1ccc(cc1)Nc1ccc(cc1)C(=O)c1ccc(cc1)C(=O)c1ccc(cc1)*)(C)C)(C)C,177.0
*Nc1ccc(cc1)Nc1ccc(cc1)C(=O)c1ccc(cc1)C(=O)c1ccc(cc1)*,203.5
*Nc1ccc(cc1)C(c1ccc(cc1)C(c1ccc(cc1)Nc1ccc(cc1)C(c1ccc(cc1)C(c1ccc(cc1)*)(c1ccccc1)O)(c1ccccc1)O)(C)C)(C)C,177.0
*Nc1ccc(cc1)C(c1ccc(cc1)C(c1ccc(cc1)Nc1ccc(cc1)C(=O)c1ccc(cc1)C(=O)c1ccc(cc1)*)(C)C)(C)C,157.0
*Nc1ccc(cc1)Nc1ccc(cc1)C(c1ccc(cc1)C(c1ccc(cc1)*)(c1ccccc1)O)(c1ccccc1)O,200.0
*N(c1ccc(cc1)C(=O)c1ccc(cc1)N(CCCCCC*)C)C,75.5
*N(c1ccc(cc1)C(=O)c1ccc(cc1)N(CCC*)C)C,101.0
*N(c1ccc(cc1)C(=O)c1ccc(cc1)N(CCCCCCCC*)C)C,50.0
*N(c1ccc(cc1)c1cc2C(c3c(c2cc1)ccc(c3)c1ccc(cc1)*)(CCCCCCCC)CCCCCCCC)c1ccc(cc1)N(c1ccc(cc1)C(c1ccccc1)(C)C)c1ccc(cc1)C(c1ccccc1)(C)C,137.0
*c1cc2n(c3c(c2cc1)ccc(c3)C=C*)c1cc(c(cc1)OCCCCCCCCCC)OCCCCCCCCCC,95.0
*N(C(C*)CC)C(=O)CCCC,50.67
*N(CC*)CC,-32.0
*N(CC*)Cc1ccccc1,-16.0
*N(CCC*)C,-88.0
*N(CC*)CCOCCOC,-76.0
*N(c1ccc(cc1)c1ccc(cc1)*)c1ccc(cc1)C(F)(F)F,225.0
*N(c1ccc(cc1)c1ccc(cc1)*)c1cc(cc(c1)C(F)(F)F)C(F)(F)F,209.0
*c1ccc2n(c3c(c2c1)cc(cc3)c1ccc(cc1)[Si](c1ccc(cc1)*)(c1ccccc1)c1ccccc1)CCCCCC#N,165.0
*N(CC(C*)O)c1ccc(cc1)N=Nc1ccc(cc1)Cl,160.0
*N(CC(C*)O)c1ccc(cc1)N=Nc1c(cc(cc1)[N+](=O)[O-])C,156.0
*N(CC(C*)O)c1cc(c(c(c1)C)N=Nc1ccc(cc1)Cl)C,150.0
*N(CC(C*)O)c1cc(c(c(c1)C)N=Nc1ccc(cc1)C#N)C,150.0
*N(CC(C*)O)c1cc(c(c(c1)C)N=Nc1ccc(cc1)[N+](=O)[O-])C,152.0
*N(CC(C*)O)c1cc(c(c(c1)C)N=Nc1c(cc(cc1)[N+](=O)[O-])C)C,149.0
*N(CC(C*)O)c1cc(cc(c1)C)C,80.0
*S(=O)(=O)c1ccc(cc1)Nc1ccc(cc1)Nc1ccc(cc1)*,145.0
*S(=O)(=O)c1ccc(cc1)Nc1cc(ccc1)Nc1ccc(cc1)*,145.0
*S(=O)(=O)c1ccc(cc1)Nc1ccc(cc1)C(c1ccc(cc1)Nc1ccc(cc1)*)(C(F)(F)F)C(F)(F)F,145.0
*S(=O)(=O)c1ccc(cc1)Nc1c(c(c(c(c1F)F)c1c(c(c(c(c1F)F)Nc1ccc(cc1)*)F)F)F)F,332.0
*S(=O)(=O)c1ccc(cc1)Nc1ccc(cc1)C1(c2ccccc2c2ccccc12)c1ccc(cc1)Nc1ccc(cc1)*,221.0
*S(=O)(=O)c1ccc(cc1)Nc1c(cc(cc1)C1(c2ccccc2c2ccccc12)c1cc(c(cc1)Nc1ccc(cc1)*)F)F,145.0
*S(=O)(=O)c1ccc(cc1)Nc1c(cc(cc1)C1(c2ccccc2c2ccccc12)c1cc(c(cc1)Nc1ccc(cc1)*)C)C,269.0
*N(CC*)C(=O)C1CC1,77.0
*N(CC*)C(=O)C(CCCC)CC,33.0
*c1ccc2n(c3c(c2c1)cc(cc3)c1c2cc(ccc2c(c2cc(ccc12)C=Cc1ccc(cc1)N(CCCCCC)CCCCCC)*)C=Cc1ccc(cc1)N(CCCCCC)CCCCCC)CCCCCCCC,131.0
*c1cc2n(c3c(c2cc1)ccc(c3)c1c2cc(ccc2c(c2cc(ccc12)C=Cc1ccc(cc1)N(CCCCCC)CCCCCC)*)C=Cc1ccc(cc1)N(CCCCCC)CCCCCC)CCCCCCCC,152.0
*O[Si](O[Si](O[Si](CCC(C(C(C(C(C(CC[Si](*)(CCC(F)(F)F)C)(F)F)(F)F)(F)F)(F)F)(F)F)(F)F)(CCC(F)(F)F)C)(CCC(F)(F)F)C)(CCC(F)(F)F)C,-43.0
*[Si](C=C*)(c1ccccc1)c1ccccc1,-9.0
*[Si](C=C[Ge](C=C*)(c1ccccc1)c1ccccc1)(c1ccccc1)c1ccccc1,28.0
*O[Si](CCCCCC[Si](*)(C)C)(C)C,-90.0
*O[Si](c1cc(ccc1)[Si](*)(C)C)(C)C,-52.0
*O[Si](*)(OCCOCCOCCOCCOCCOCCOCCOCCOC)C,-78.0
*O[Si](CC[Si](Oc1c(cc(cc1C)c1cc(c(c(c1)C)*)C)C)(C)C)(C)C,55.0
*O[Si](c1ccc(cc1)[Si](Oc1c(cc(cc1C)c1cc(c(c(c1)C)*)C)C)(C)C)(C)C,67.0
*[Si](C*)(c1ccccc1)C,28.0
*O[Si](*)(CCC(C(C(C(F)(F)F)(F)F)(F)F)(F)F)C,-75.0
*[Si]([Si]([Si]([Si](C*)(C)C)(C)C)(C)C)(C)C,-68.0
*[SiH](C#Cc1cc(ccc1)C#C*)C,72.0
*[SiH2]C#Cc1cc(ccc1)C#C*,72.0
*[SiH](C#Cc1cc(ccc1)C#C*)c1ccccc1,61.67
*[SiH](C#Cc1c(cccc1)C#C*)c1ccccc1,71.0
*O[Si](c1ccc(cc1)[Si](O[SiH](*)C)(C)C)(C)C,-70.33
*O[Si](O[Si](c1ccc(cc1)[Si](*)(C)C)(C)C)(C)C=C,-63.0
*O[Si](c1ccc(cc1)[Si](O[SiH](*)CCC(F)(F)F)(C)C)(C)C,-37.0
*O[Si](O[Si](c1ccc(cc1)[Si](*)(C)C)(C)C)(CCC(C(C(C(C(C(F)(F)F)(F)F)(F)F)(F)F)(F)F)(F)F)C,-55.0
*[Si](c1c(cccc1)C*)(C)C,48.0
*[Si](c1c(cccc1)C*)(c1ccccc1)C,93.8
*[Si](c1c(cccc1)C*)(c1ccccc1)c1ccccc1,122.0
*[Si](Cc1c(cccc1)C*)(C)C,75.0
*[Si](C/C=C\C*)(c1ccccc1)c1ccccc1,23.63
*[Si](CC=CC*)(C=C)C=C,-65.0
*O[Si](O[Si](*)(CCCCOc1ccc(cc1)c1ccc(cc1)C#N)C)(C)C,-9.3
*O[Si](*)(c1ccc(cc1)C)C,-14.65
*O[Si](*)(CCCCCCOc1ccc(cc1)C(=O)Oc1ccc(cc1)C(=O)OCC(CC)C)C,-10.9
*O[Si](*)(CCCCCn1c2ccccc2c2ccccc12)C,7.0
*O[Si](*)(CCCCCCn1c2ccccc2c2ccccc12)C,-5.0
*O[Si](*)(CCCCCCCCCCCn1c2ccccc2c2ccccc12)C,-45.0
*O[Si](*)(CCCOCC1OC(=O)OC1)C,-32.2
*[Si](C/C=C\CC*)(c1ccccc1)C,-12.65
*[Si](CCCCC*)(c1ccccc1)C,-12.65
*O[Si](C#C[Si](C#C[Si](C#C[Si](C#C[Si](C#C[Si](C#C[Si](*)(C)C)(C)C)(C)C)(C)C)(C)C)(C)C)(C)C,-12.6
*O[Si](C#C[Si](C#C[Si](C#C[Si](C#C[Si](C#C[Si](*)(C)C)(C)C)(C)C)(C)C)(C)C)(C)C,-16.1
*O[Si](C#C[Si](C#C[Si](C#C[Si](C#C[Si](*)(C)C)(C)C)(C)C)(C)C)(C)C,-23.0
*O[Si](*)(CCCOc1ccc(cc1)C(=O)Oc1ccc(cc1)c1ccc(cc1)OC(=O)c1cc(c(c(c1)OCC(CC)C)OCC(CC)C)OCC(CC)C)C,57.67
*O[Si](*)(CCCOc1ccc(cc1)C(=O)Oc1ccc(cc1)c1ccc(cc1)OC(=O)c1cc(c(c(c1)OCCCCC)OCCCCC)OCCCCC)C,48.67
*O[Si](*)(CCCOc1ccc(cc1)C(=O)Oc1ccc(cc1)c1ccc(cc1)OC(=O)c1cc(c(c(c1)OCCCCCCCCCCCC)OCCCCCCCCCCCC)OCCCCCCCCCCCC)C,40.33
*O[Si](O[Si](c1ccc(cc1)[Si](*)(C)C)(C)C)(C=C)C=C,-71.0
*O[Si](O[Si](O[Si](c1ccc(cc1)[Si](*)(C)C)(C)C)(C)C=C)(C)C=C,-86.0
*O[Si](*)(CCCOc1ccc(cc1)C(=O)Oc1ccc(cc1)OC)C,8.7
*O[Si](*)(CCCOc1ccc(cc1)N=Nc1ccc(cc1)S(=O)(=O)O)C,9.2
*[Si](CCC*)(O[Si](CCCOc1ccc(cc1)C#N)(C)C)C,-45.5
*[Si](CCC*)(O[Si](CCCOc1ccc(cc1)c1ccc(cc1)C#N)(C)C)C,-4.6
*[Si](CCC*)(O[Si](CCCOc1ccc(cc1)C(=O)Oc1ccc(cc1)C#N)(C)C)C,-19.1
*[Si](CCC*)(O[Si](CCCOc1ccc(cc1)C(=O)Oc1ccc(cc1)c1ccc(cc1)C#N)(C)C)C,10.1
*O[Si](*)(CCCOc1ccc(cc1)C(=O)Oc1ccc(cc1)C(=O)Oc1ccc(cc1)OC)C,38.0
*O[Si](*)(CCCCCCCCCCCOc1ccc(cc1)/C=C/c1ccc(cc1)OCCCC)C,-33.0
*O[Si](*)(CCCCCCCCCCCOc1ccc(cc1)/C=C/c1ccc(cc1)OC)C,55.0
*O[Si](*)(CCCCCCCCCCCOc1ccc(cc1)/C=C/c1ccc(cc1)C#N)C,-55.0
*O[Si](*)(CCCCCOc1ccc(cc1)/C=C/c1ccc(cc1)OC)C,52.0
*[Si](CC(C*)c1ccccc1)(C)C,5.67
*[Si](C(CC*)c1ccccc1)(C)C,5.67
*O[Si](*)(CCc1ccc(cc1)O)C,39.0
*O[Si](*)(CCCOCCOC)CCCOCCOC,-55.0
*O[Si](*)(CCCOCCOCCOC)CCCOCCOCCOC,-63.4
*O[Si](*)(CCCOCCOCCOCCOC)CCCOCCOCCOCCOC,-69.2
*O[Si](*)(CCCOCCOCCOCCOCCOC)CCCOCCOCCOCCOCCOC,-69.8
*O[Si](*)(CCCOCCOCCOCCOCCOCCOC)CCCOCCOCCOCCOCCOCCOC,-69.7
*O[Si](*)(CCCOCCOCCOCCOCCOCCOCCOC)CCCOCCOCCOCCOCCOCCOCCOC,-68.9
*O[Si](*)(CCCOCCOCCOCCOCCOCCOCCOCCOC)CCCOCCOCCOCCOCCOCCOCCOCCOC,-66.4
*[Si](CC(C*)Cc1c2c(ccc1)cccc2)(C)C,17.0
*[Si](CC(C*)Cc1ccc(cc1)c1ccccc1)(C)C,28.0
*[Si](CC(C*)c1c2c(ccc1)cccc2)(C)C,39.0
*O[Si](CC[Si](*)(O[Si](C)(C)C)C)(C)C,-89.0
*O[Si](*)(CCC)c1ccccc1,40.6
*O[Si](*)(CCCOc1ccc(cc1)C(=O)OC1CC2=CCC3C(CCC4(C(CCC34)C(CCCC(C)C)C)C)C2(CC1)C)C,72.08
*O[Si](*)(CCCOc1c(cc(cc1)C(=O)OC1CC2=CCC3C(CCC4(C(CCC34)C(CCCC(C)C)C)C)C2(CC1)C)S(=O)(=O)O[K])C,112.6
*[Si](CCC*)(C[Si](c1ccccc1)(C)C)C[Si](c1ccccc1)(C)C,-36.0
*[Si](CCC*)(C[Si](C)(C)C)C,-51.0
*[Si](CCC*)(CCC[Si](C)(C)C)C,-46.0
*[Si](CCC*)(c1cc(ccc1)C)C,-25.0
*[Si](CCC*)(c1c2c(ccc1)cccc2)C1CCCCC1,47.5
*O[Si](*)(CCCCCCCCCCC(=O)Oc1ccc(cc1)c1ccc(cc1)OC(=O)c1ccc(cc1)OCC)C,103.4
*O[Si](c1ccc(cc1)[Si](*)(c1ccccc1)c1ccccc1)(c1ccccc1)c1ccccc1,114.13
*O[Si](c1ccc(cc1)c1ccc(cc1)[Si](*)(c1ccccc1)c1ccccc1)(c1ccccc1)c1ccccc1,94.0
*O[Si](c1ccc(cc1)c1ccc(cc1)[Si](*)(C)C)(C)C,67.0
*O[Si](c1c2c(c(cc1)[Si](*)(C)C)cccc2)(C)C,60.0
*O[Si](c1c2c(ccc1)c(ccc2)[Si](*)(C)C)(C)C,62.0
*O[Si](c1cc2c(cc1)cc(cc2)[Si](*)(C)C)(C)C,29.0
*O[Si](c1cc2c(cc1)ccc(c2)[Si](*)(C)C)(C)C,26.0
*O[Si](c1c(cc(c(c1)OCCOCc1ccccc1)[Si](*)(C)C)OCCOCc1ccccc1)(C)C,76.0
*O[Si](c1c(cc(c(c1)OCCO)[Si](*)(C)C)OCCO)(C)C,73.0
*O[Si](c1cc2cc3c(cc2cc1)cc(cc3)[Si](*)(C)C)(C)C,118.0
*O[Si](c1c2ccc3c(c2ccc1)cccc3[Si](*)(C)C)(C)C,100.0
*[Si](C#Cc1cc(ccc1)C#C*)(C)C,50.0
*O[Si](C#Cc1ccc(cc1)C#C[Si](*)(C)C)(C)C,126.0
*O[Si](O[Si](C#Cc1ccc(cc1)C#C[Si](*)(C)C)(C)C)(C)C,104.0
*O[Si](O[Si](O[Si](C#Cc1ccc(cc1)C#C[Si](*)(C)C)(C)C)(C)C)(C)C,96.0
*O[Si](O[Si](O[Si](O[Si](C#Cc1ccc(cc1)C#C[Si](*)(C)C)(C)C)(C)C)(C)C)(C)C,84.0
*O[Si](O[Si](O[Si](O[Si](O[Si](C#Cc1ccc(cc1)C#C[Si](*)(C)C)(C)C)(C)C)(C)C)(C)C)(C)C,78.0
*O[Si](O[Si](O[Si](O[Si](CC[Si](O[Si](CC[Si](*)(c1ccccc1)c1ccccc1)(C)C)(C)C)(c1ccccc1)c1ccccc1)(c1ccccc1)c1ccccc1)(c1ccccc1)c1ccccc1)(c1ccccc1)c1ccccc1,11.0
*O[Si](O[Si](O[Si](O[Si](CC[Si](O[Si](O[Si](CC[Si](*)(c1ccccc1)c1ccccc1)(C)C)(C)C)(C)C)(c1ccccc1)c1ccccc1)(c1ccccc1)c1ccccc1)(c1ccccc1)c1ccccc1)(c1ccccc1)c1ccccc1,4.5
*O[Si](O[Si](O[Si](O[Si](CC[Si](O[Si](O[Si](O[Si](CC[Si](*)(c1ccccc1)c1ccccc1)(C)C)(C)C)(C)C)(C)C)(c1ccccc1)c1ccccc1)(c1ccccc1)c1ccccc1)(c1ccccc1)c1ccccc1)(c1ccccc1)c1ccccc1,-4.5
*O[Si](O[Si](O[Si](O[Si](CC[Si](O[Si](O[Si](O[Si](O[Si](CC[Si](*)(c1ccccc1)c1ccccc1)(C)C)(C)C)(C)C)(C)C)(C)C)(c1ccccc1)c1ccccc1)(c1ccccc1)c1ccccc1)(c1ccccc1)c1ccccc1)(c1ccccc1)c1ccccc1,-22.0
*O[Si](c1c2ccc3ccc(c4ccc(cc1)c2c34)[Si](*)(C)C)(C)C,65.0
*C(C(=O)C*)c1ccccc1,103.33
*C(C(=O)C*)C,23.0
*C(C(=O)C*)c1ccc(cc1)C(C)(C)C,158.0
*S(=O)(=O)c1ccc(cc1)C(=O)c1ccc(cc1)C(=O)c1ccc(cc1)*,213.5
*S(=O)(=O)c1ccc(cc1)C(=O)c1cc(ccc1)C(=O)c1ccc(cc1)*,198.0
*c1ccc(cc1)c1c(cc(c(c1)OCCCCCC)c1ccc(cc1)C=C1C(=O)C(=C*)CCC1)OCCCCCC,85.0
*c1ccc(cc1)C=C1C(=O)C(=Cc2ccc(cc2)C(=O)c2cc(ccc2)C(=O)*)CC1,190.0
*C1=C(C2C=CC1C2)C(=O)*,85.5
*C1C2C=CC(C1C(=O)*)C2,85.5
*S(=O)(=O)C(C*)CC,32.73
*OS(=O)(=O)c1cc(c(c(c1)C)*)C,153.0
*S(=O)(=O)NCCNS(=O)(=O)c1cc(ccc1)*,107.0
*S(=O)(=O)NCCCCCCNS(=O)(=O)c1cc(ccc1)*,67.0
*OS(=O)(=O)c1c(ccc(c1)S(=O)(=O)Oc1ccc(cc1)C1(CCCC1)c1ccc(cc1)*)C,134.0
*OS(=O)(=O)c1cc(ccc1)S(=O)(=O)Oc1ccc(cc1)C1(CCCCC1)c1ccc(cc1)*,126.0
*OS(=O)(=O)c1c(ccc(c1)S(=O)(=O)Oc1ccc(cc1)C1(CCCCC1)c1ccc(cc1)*)C,140.0
*OS(=O)(=O)c1cc(ccc1)S(=O)(=O)Oc1ccc(cc1)C(c1ccc(cc1)*)(CC)C,136.5
*OS(=O)(=O)c1c(ccc(c1)S(=O)(=O)Oc1c(cc(cc1)C1(CCCCC1)c1cc(c(cc1)*)C)C)C,141.0
*S(=O)(=O)NCCCNS(=O)(=O)c1cc(ccc1)*,92.0
*S(=O)(=O)NCCCCNS(=O)(=O)c1cc(ccc1)*,82.0
*S(=O)(=O)NCCCCCNS(=O)(=O)c1cc(ccc1)*,74.0
*S(=O)(=O)C(C=CC*)CC,70.1
*S(=O)(=O)C(C(=CC*)C)C,73.0
*S(=O)(=O)C(C=CC*)C,71.0
*S(=O)(=O)C(C=C(C*)C)C,83.0
*S(=O)(=O)CC(=CC*)C,88.2
*S(=O)(=O)CC=CC*,86.0
*S(=O)(=O)C(C*)CC(C)C,23.0
*S(=O)(=O)C1C2CCC(C1*)C2,33.0
*S(=O)(=O)c1ccc(cc1)*,219.5
*S(=O)(=O)c1c(cc(cc1C)C(c1cc(c(c(c1)C)*)C)(C)C)C,229.0
*c1c(cc(cc1)CC*)CCCC,20.0
*c1ccc(cc1)C(C(*)(C(=O)OCCCC)C#N)(C(=O)OCCCC)C#N,108.0
*c1ccc(cc1)C(C(*)(C(=O)OC)C#N)(C(=O)OC)C#N,108.0
*c1ccc(cc1)C(C(*)(C(=O)OCC)C#N)(C(=O)OCC)C#N,108.0
*c1ccc(cc1)C(C(*)(C(=O)OCC(C)C)C#N)(C(=O)OCC(C)C)C#N,108.0
*c1ccc(cc1)C(C(*)(C(=O)O)C#N)(C(=O)O)C#N,108.0
*c1cc(cc(c1)c1oc2c(n1)cccc2)*,250.0
*c1c(ccc(c1)*)c1oc2c(n1)cccc2,229.0
*c1c(ccc(c1)*)c1oc2c(n1)cc(cc2)C,221.0
*c1c(cc(c(c1)OCCCC)*)OCCCC,37.0
*c1ccc(cc1)C(=C(*)c1ccc(cc1)Oc1ccccc1)c1ccc(cc1)Oc1ccccc1,163.0
*c1ccc(cc1)c1ccc(cc1)C(=Nc1ccccc1)*,225.0
*c1c(cc(cc1)*)C(=O)c1ccccc1,180.0
*c1c(cc(cc1)*)C(=O)c1ccc(cc1)C,202.0
*c1c(cc(cc1)*)C(=O)c1ccc(cc1)F,194.0
*c1c(cc(c(c1)OC)C=C*)OCC(CCCC)CC,70.67
*c1c(cc(c(c1)OC)C=C*)OCCCC,65.0
*c1ccc(cc1)c1ccc(cc1)C(*)(C(F)(F)F)C(F)(F)F,259.5
*Oc1c(c(cc(c1)Br)Br)*,170.0
*c1c(c(cc(c1)C(C)(C)C)C*)O,50.0
*c1c(c(cc(c1)C(c1ccc(cc1)O)(C)C)*)O,135.0
*c1cc2C(c3c(c2cc1)ccc(c3)c1ccc(cc1)*)(CCCCCCCC)CCCCCCCC,81.0
*c1cc2C(c3c(c2cc1)ccc(c3)c1c(cc(cc1)*)F)(CCCCCCCC)CCCCCCCC,34.0
*c1cc2C(c3c(c2cc1)ccc(c3)c1c(cc(c(c1)F)*)F)(CCCCCCCC)CCCCCCCC,34.0
*c1cc2C(c3c(c2cc1)ccc(c3)c1c(c(c(c(c1F)F)*)F)F)(CCCCCCCC)CCCCCCCC,29.0
*c1c(cc(c(c1)OC)C(=Cc1c(cc(c(c1)OC)C=C(*)C#N)OCCCCCCCC)C#N)OCCCCCCCC,174.0
*c1c(cc(c(c1)OC)C(=Cc1c(cc(c(c1)OC)C=C(*)C#N)OCCCCCCCCCC)C#N)OCCCCCCCCCC,198.0
*c1c(cc(c(c1)OC)C(=Cc1c(cc(c(c1)OC)C=C(*)C#N)OCCCCCCCCCCCC)C#N)OCCCCCCCCCCCC,181.0
*c1c(cc(c(c1)OC)C(=Cc1c(cc(c(c1)OC)C=C(*)C#N)OCCCCCCCCCCCCCCCC)C#N)OCCCCCCCCCCCCCCCC,190.0
*c1ccc(cc1)C(=C*)c1ccc(cc1)C(F)(F)F,199.0
*c1ccc(cc1)c1ccc(cc1)C(=Cc1ccc(cc1)C=C(*)c1ccccc1)c1ccccc1,220.0
*c1ccc(cc1)c1ccc(cc1)C(=Cc1c(cc(c(c1)OC)C=C(*)c1ccc(cc1)F)OC)c1ccc(cc1)F,201.0
*c1ccc(cc1)c1ccc(cc1)C(=Cc1c(cc(c(c1)OC)C=C(*)c1ccccc1)OC)c1ccccc1,223.0
*c1cc2c(cc1)cc(cc2)C(=Cc1c(cc(c(c1)OC)C=C(*)c1ccccc1)OC)c1ccccc1,198.0
*c1ccc(cc1)C(=Cc1c(cc(c(c1)OC)C=C(*)c1ccc(cc1)C(F)(F)F)OC)c1ccc(cc1)C(F)(F)F,208.0
*c1ccc(cc1)C(=Cc1c(cc(c(c1)OC)C=C(*)c1ccc(cc1)F)OC)c1ccc(cc1)F,193.0
*c1ccc(cc1)C(=Cc1c(cc(c(c1)OC)C=C(*)c1ccc(cc1)OC)OC)c1ccc(cc1)OC,170.0
*c1cc2c(cc1)cc(cc2)C(=Cc1c(cc(c(c1)OC)C=C(*)c1ccc(cc1)F)OC)c1ccc(cc1)F,208.0
*c1c(cc(c(c1)OC)C=Cc1c(cc(c(c1)OC)C=C*)OCC(CCCC)CC)OC,110.0
*c1ccc(cc1)C=C(c1ccc(cc1)C(=Cc1ccc(cc1)C=Cc1c(cc(c(c1)OC)C=C*)OC)Oc1ccccc1)c1ccc(cc1)Oc1ccccc1,175.0
*c1c(c(cc(c1)N=Nc1ccc(cc1)OC)*)O,134.0
*c1c(c(cc(c1)N=Nc1ccc(cc1)C#N)*)O,176.0
*c1cc2C(c3c(c2cc1)ccc(c3)c1ccc(cc1)c1c(c(cc(c1)c1ccc(cc1)OCCCCCC)c1ccc(cc1)*)c1ccc(cc1)OCCCCCC)(CCCCCC)CCCCCC,98.5
*c1cc2C(c3c(c2cc1)ccc(c3)c1ccc(cc1)c1c(c(cc(c1)c1ccc(cc1)OCC(CCCC)CC)c1ccc(cc1)*)c1ccc(cc1)OCC(CCCC)CC)(CCCCCC)CCCCCC,110.0
*c1cc2C(c3c(c2cc1)ccc(c3)c1ccc(cc1)c1c(c(cc(c1)c1ccc(cc1)OCCCCCCCCCCCC)c1ccc(cc1)*)c1ccc(cc1)OCCCCCCCCCCCC)(CCCCCC)CCCCCC,98.5
*c1c(cc(cc1)C=C*)OCc1cc(cc(c1)OCC(CCCC)CC)OCCC(CCCC(C)C)C,227.0
*c1c(cc(cc1)C=C*)OCc1cc(cc(c1)OCc1cc(cc(c1)OCC(CCCC)CC)OCC(CCCC)CC)OCc1cc(cc(c1)OCCC(CCCC(C)C)C)OCCC(CCCC(C)C)C,223.0
*c1cc2C(c3c(c2cc1)ccc(c3)c1ccc(cc1)*)(CCCCCCBr)CCCCCCBr,117.2
*c1cc2C(c3c(c2cc1)ccc(c3)c1ccc(cc1)*)(CCCCCCC#N)CCCCCCC#N,90.0
*c1c(cc(cc1)C=C*)c1c(cc(c(c1)OCCC(C)C)OCCC(C)C)c1ccccc1,164.0
*c1ccc(cc1)c1ccc(cc1)C1(CCCCC1)*,287.0
*C1(c2ccccc2c2ccccc12)c1ccc(cc1)c1ccc(cc1)*,297.0
*c1c(cc(c(c1)OC)C=C*)OCC1C2C3C(CCC3)C(C1)C2,174.0
*c1cc2C(c3c(c2cc1)ccc(c3)c1ccc(cc1)*)(CCCCCC)CCCCCC,105.87
*c1cc2C(c3c(c2cc1)ccc(c3)c1c(cc(c(c1)CCCCCC)*)CCCCCC)(CCCCCC)CCCCCC,78.8
*c1cc2C(c3c(c2cc1)ccc(c3)c1c(cc(c(c1)CCCCCCCC)*)CCCCCCCC)(CCCCCC)CCCCCC,74.5
*c1c(cc(c(c1)OC)C=C*)OCCCCCCCC,58.0
*c1c(cc(c(c1)OC)C=C*)OCCCCCCCCCCCC,36.0
*c1c(cc(c(c1)OC)C=C*)OCCCCCC,60.0
*c1cc2C(c3c(c2cc1)ccc(c3)C=Cc1ccc(cc1)C=C*)(CCCCCCOc1ccc2c(c1)oc(=O)cc2)CCCCCCOc1ccc2c(c1)oc(=O)cc2,104.0
*c1cc2C(c3c(c2cc1)ccc(c3)c1c(cc(c(c1)OCCCCCCCC)*)OCCCCCCCC)(CCCCCC)CCCCCC,58.0
*c1cc2C(c3c(c2cc1)ccc(c3)c1c(cc(c(c1)OCc1ccccc1)*)OCc1ccccc1)(CCCCCC)CCCCCC,73.0
*c1c(cc(c(c1)c1ccc(cc1)N(c1ccc(cc1)OC)c1ccc(cc1)OC)C=C*)OCC(CCCC)CC,163.0
*c1c(cc(c(c1)c1cc(c(cc1)F)C(F)(F)F)C=C*)OCC(CCCC)CC,122.0
*c1cc2C(c3c(c2cc1)ccc(c3)C(=Cc1cc(cc(c1)N(c1ccccc1)c1ccccc1)C=C(*)C#N)C#N)(CCCCCCCC)CCCCCCCC,136.0
*c1c(cc(c(c1)OC)C=C*)OCCc1ccccc1,111.2
*c1c(c(cc(c1)*)N=Cc1ccc(cc1)F)O,154.0
*c1c(c(c(c(c1)N=Cc1ccc(cc1)F)O)*)C,156.0
*[Ge](C=C*)(c1ccccc1)c1ccccc1,-36.0
*c1c(c(c(c(c1Cl)Cl)[Se]*)Cl)Cl,104.0
*C(C*)(C(=O)OCC(F)(F)F)F,117.75
*C(C*)(C(=O)OCC(C(F)(F)F)(F)F)F,99.0
*C(C*)(C(=O)OCC(C(F)F)(F)F)F,90.5
*C(C*)(C(=O)OCC(C(C(C(F)F)(F)F)(F)F)(F)F)F,60.0
*C(C*)(C(=O)OCCC(C(C(C(C(C(C(C(F)(F)F)(F)F)(F)F)(F)F)(F)F)(F)F)(F)F)(F)F)F,87.5
*C(C*)(C(=O)OCC(C(C(F)(F)F)(F)F)(F)F)F,75.0
*C(C*)(C(=O)OCC(C(C(C(F)(F)F)(F)F)(F)F)(F)F)F,63.0
*C(C*)(C(=O)OCCC(C(C(C(F)(F)F)(F)F)(F)F)(F)F)F,6.0
*C(C*)(C(=O)OCCC(C(C(C(C(C(F)(F)F)(F)F)(F)F)(F)F)(F)F)(F)F)F,53.0
*C(C*)(C(=O)OCCC(C(C(C(C(C(C(C(C(C(F)(F)F)(F)F)(F)F)(F)F)(F)F)(F)F)(F)F)(F)F)(F)F)(F)F)F,53.0
*C(C*)(C(=O)OC(C(F)(F)F)C(F)(F)F)F,102.0
*C(C*)(C(=O)OCC)F,94.0
*C(C*)(C(=O)OCCC)F,62.0
*c1cc2C3(CCC(CC3)C(C)(C)C)c3c(c2cc1)ccc(c3)c1cc2C(c3c(c2cc1)ccc(c3)*)(CCCCCCCC)CCCCCCCC,166.0
*c1cc2C3(CC(CC(C3)(C)C)(C)C)c3c(c2cc1)ccc(c3)c1cc2C(c3c(c2cc1)ccc(c3)*)(CCCCCCCC)CCCCCCCC,132.0
*C1C(C(C(C1)(O)C(F)(F)F)(F)F)(C(C*)(F)F)F,152.0
*C1C(CC(C1)CC(O)(C(F)(F)F)C(F)(F)F)(C(C*)(F)F)F,98.0
*C1C(CC(C1)C(O)(C(F)(F)F)C(F)(F)F)(C(C*)(F)F)F,118.0
*c1cc2C3(CCC(CC3)(C3=NC(CO3)c3ccccc3)C3=NC(CO3)c3ccccc3)c3c(c2cc1)ccc(c3)c1cc2C(c3c(c2cc1)ccc(c3)*)(CCCCCC)CCCCCC,161.0
*c1cc2C3(CCC(CC3)(C3=NC(CO3)Cc3ccccc3)C3=NC(CO3)Cc3ccccc3)c3c(c2cc1)ccc(c3)c1cc2C(c3c(c2cc1)ccc(c3)*)(CCCCCC)CCCCCC,142.0
C(CCC[*])CCC=C[*],-23.0
C(CCC[*])CC(C=C[*])C,-58.0
C(C(CC[*])C1=CC=CC=C1)C(CC=C[*])C,-4.0
C(C(CC[*])C1=CC=CC=C1)C(CC=C[*])C2=CC=CC=C2,39.0
C(CCC[*])(CCC=C[*])CCCCCC,-79.0
C(CCC=CC(CC[*])C1=CC=CC=C1)[*],-21.0
C(CCC=CC(CC[*])CCCCCC)[*],-71.0
C(CCC=CC(CC[*])CC)[*],-57.0
C(CCC=CC(CC[*])C)[*],-67.0
C(CCC[*])(CCC=C[*])SCC(C)C,-26.0
C(CCC[*])(CCC=C[*])Br,-54.0
C(CCC[*])(CCC=C[*])Cl,-35.0
C(C(CC[*])C(Cl)Cl)(CCC=C[*])C(Cl)Cl,-21.0
C(CCC[*])(CCC=C[*])C(OCCCCCCCCCCCOC1=CC=C(C=C1)C2=CC=C(C=C2)CN)=O,-5.0
C(CCC[*])(CCC=C[*])C#N,27.0
C(C(CC[*])C#N)(CCC=C[*])C#N,3.4
C(CCC[*])(CCC=C[*])O,10.0
C(CCC[*])(CCC=C[*])=O,-58.0
C(CCC[*])(CCC=C[*])C(OC1=CC=C(C=C1)C(F)(F)F)=O,-7.0
C(CCC[*])(CCC=C[*])OC=O,-41.0
C(CCC[*])C(CC=C[*])OC=O,-40.0
C(CCC[*])CC(C=C[*])OC=O,-33.0
C(CCC[*])(CC(C=C[*])OC=O)C,-21.0
C(CCC[*])(CC(C=C[*])OC=O)C1=CC=CC=C1,10.0
C(CCC[*])C(C(C=C[*])C)OC=O,-22.0
C(CCC[*])C(C(C=C[*])C1=CC=CC=C1)OC=O,25.0
C(C(CC[*])C)C(CC=C[*])OC=O,-26.0
C(C(CC[*])C1=CC=CC=C1)C(CC=C[*])OC=O,6.0
C1(CCC[*])C(CC=C[*])OC(O1)(C)C,-10.0
C1(CCC[*])C(CCC[*])OC(O1)(C)C,-8.0
C(CCC[*])(C(CCC[*])O)O,42.0
C(CCC[*])(CCC=C[*])B(CC)CC,11.0
C(=CCC[C@H]1[C@@H](CC1)CC[*])[*],-55.0
C(=CCC[C@H]1[C@@H]([C@H]([C@H]1OC)OC)CC[*])[*],-34.0
C(=CCC[C@@H]1CCC[C@H]1CC[*])[*],-31.0
C(=CCC[C@H]1[C@@H]([C@H]([C@H]1C(OCCCC)=O)C(OCCCC)=O)CC[*])[*],-33.0
C(=CCC[C@H]1[C@H](CC[*])OCO1)[*],-30.0
C(=CCC[C@H]1[C@H](CC[*])OC(O1)(CCCC)CCCC)[*],-27.0
C(=CCC[C@H]1[C@H](CC[*])OC(O1)C)[*],-14.0
C(=CCC[C@H]1[C@H](CC[*])OC(O1)(C)C)[*],-4.0
C(=CCC[C@H]1[C@@H]([C@H]([C@H]1C(OCC(C(C(F)(F)F)(F)F)(F)F)=O)C(OCC(C(C(F)(F)F)(F)F)(F)F)=O)CC[*])[*],-2.0
C(=CCC[C@H]1[C@@H]([C@H]([C@@H]1C(OC)=O)C(OC)=O)CC[*])[*],-1.0
C(=CCC[C@H]2[C@H](CC[*])OC1(CCCCC1)O2)[*],8.0
C(=CCC[C@H]1[C@@H]([C@@]2([C@]1([C@@]3([C@]2(C(=C3F)F)F)F)F)F)CC[*])[*],13.0
C(=CCC[C@H]1[C@@H]([C@@H]([C@@H]1C(OC)=O)C(OC)=O)CC[*])[*],18.0
C(=CCC[C@H]1[C@@H](C2=C1C=CC=C2)CC[*])[*],21.0
C(=CCC[C@H]1[C@@H]([C@@H]2[C@H]1C(OC2)=O)CC[*])[*],49.0
C(=CCC[C@H]1[C@@H]([C@@]([C@@]1(C(=O)OC)C)(C(=O)OC)C)CC[*])[*],50.0
C(=CCC[C@H]1[C@@H]([C@]2([C@]1(C(=O)OC)CCCC2)C(=O)OC)CC[*])[*],61.0
C(=CCC[C@H]1[C@@H]([C@@H]2[C@H]1C(=O)N(C2=O)C3=C(C(=C(C(=C3F)F)F)F)F)CC[*])[*],88.0
C(=CCC[C@H]1[C@@H]([C@@H]2[C@H]1C(=O)N(C2=O)C3=CC=CC=C3)CC[*])[*],100.0
O(C2=CC=C(C(C)(C)C1=CC=C(O[S](=O)(=O)[*])C=C1)C=C2)[*],97.2
O(C4=CC=C(C(C1=CC=CC=C1)(C2=CC=CC=C2)C3=CC=C(O[S](=O)(=O)[*])C=C3)C=C4)[*],152.8
O(C4=CC=C(C2(C1=C(C=CC=C1)C(O2)=O)C3=CC=C(O[S](=O)(=O)[*])C=C3)C=C4)[*],197.6
[S](OC1=CC=C(C=C1)C3(C2=C(C=CC=C2)C4=CC=CC=C34)C5=CC=C(C=C5)O[*])(=O)(=O)[*],224.7
O(C3=CC=C(C1(CCCCCCCCCCC1)C2=CC=C(O[S](=O)(=O)[*])C=C2)C=C3)[*],172.2
O(C5=CC=C([Si]2(C1=C(C=CC=C1)C3=CC=CC=C23)C4=CC=C(O[S](=O)(=O)[*])C=C4)C=C5)[*],176.4
O(C4=CC=C([Si](C1=CC=CC=C1)(C2=CC=CC=C2)C3=CC=C(O[S](=O)(=O)[*])C=C3)C=C4)[*],113.1
[S](OC1=CC2=C(C=C1)C=C(C=C2)C4(C3=C(C=CC=C3)C5=CC=CC=C45)C7=CC6=C(C=C(O[*])C=C6)C=C7)(=O)(=O)[*],298.0
O(C5=CC3=C(C2(C1=C(C=CC=C1)C(O2)=O)C4=C(O3)C=C(O[S](=O)(=O)[*])C=C4)C=C5)[*],238.9
O(C4=C(C)C=C(C(C1=CC=CC=C1)(C2=CC=CC=C2)C3=CC(=C(O[S](=O)(=O)[*])C(=C3)C)C)C=C4C)[*],102.5
O(C6=CC4=C(C2(C1=C(C=CC=C1)C3=CC=CC=C23)C5=C(O4)C=C(O[S](=O)(=O)[*])C=C5)C=C6)[*],241.6
O(C4=CC=C(C(C1=CC=C(O[S](=O)(=O)[*])C=C1)=C(C2=CC=CC=C2)C3=CC=CC=C3)C=C4)[*],153.2
O(C2=CC=C(C(C1=CC=C(O[S](=O)(=O)[*])C=C1)=O)C=C2)[*],97.2
 O(C5=C(C)C=C(C2(C1=C(C=CC(=C1)Br)C3=CC=C(C=C23)Br)C4=CC(=C(O[S](=O)(=O)[*])C(=C4)C)C)C=C5C)[*],176.6
O(C6=CC4=C(C2(C1=C(C=CC=C1)C3=CC=CC=C23)C5=C4C=C(O[S](=O)(=O)[*])C=C5)C=C6)[*],253.2
O(C8=CC4=C(C2(C1=C(C=CC=C1)C3=CC=CC=C23)C7=C(O4)C=C(O[S](OC6=CN=C(C5=NC=C(O[S](=O)(=O)[*])C=C5)C=C6)(=O)=O)C=C7)C=C8)[*],191.3
O(C5=CC=C(C2(C1=C(C=CC(=C1)Br)C3=CC=C(C=C23)Br)C4=CC=C(O[S](=O)(=O)[*])C=C4)C=C5)[*],256.9
O(C8=CC4=C(C2(C1=C(C=CC=C1)C3=CC=CC=C23)C7=C(O4)C=C(O[S](OC6=CC=C(C5=CC=C(O[S](=O)(=O)[*])C=C5)C=C6)(=O)=O)C=C7)C=C8)[*],191.3
O(C2=CC=C(C(C(F)(F)F)(C(F)(F)F)C1=CC=C(O[S](=O)(=O)[*])C=C1)C=C2)[*],106.8
O(C1=CC=C2C(=C1)C=C(O[S](=O)(=O)[*])C=C2)[*],100.4
O(C2=CC=C(C1=CC=C(O[S](=O)(=O)[*])C=C1)C=C2)[*],120.4
CC(C1=CC=C(O[S](CCC[S](=O)(=O)[*])(=O)=O)C=C1)(C)C2=CC=C(O[*])C=C2,85.9
O(C4=CC=C(C(C)(C)C3=CC=C(O[S](OC2=C(C)C=C(C(C)(C)C1=CC(=C(O[S](=O)(=O)[*])C(=C1)C)C)C=C2C)(=O)=O)C=C3)C=C4)[*],116.1
O(C5=CC=C(C(C)(C)C4=CC=C(O[S](OC3=CC=C(C1(CCCCC1)C2=CC=C(O[S](=O)(=O)[*])C=C2)C=C3)(=O)=O)C=C4)C=C5)[*],108.4
O(C1=CC(=CC(=C1)O[S](OC3=CC=C(C(C)(C)C2=CC=C(O[S](=O)(=O)[*])C=C2)C=C3)(=O)=O)OC)[*],72.6
CC(C1=CC=C(O[S](CCCCC[S](=O)(=O)[*])(=O)=O)C=C1)(C)C2=CC=C(O[*])C=C2,85.9
CC(C3=CC=C(O[S](C2=CC=C(C1=CC=C([S](=O)(=O)[*])C=C1)C=C2)(=O)=O)C=C3)(C)C4=CC=C(O[*])C=C4,176.2
N1(C(C2=C(C1=O)C=CC(=C2)C5=CC3=C(C(N(C3=O)C4=CC=C(C=C4)[*])=O)C=C5)=O)[*],377.1
N1(C(C3=C(C1=O)C=C2C(=O)N(C(C2=C3)=O)C5=CC=C(OC4=CC=C(C=C4)[*])C=C5)=O)[*],368.9
N1(C(C7=C(C1=O)C=C(OC6=CC=C(C(C)(C)C5=CC=C(OC4=CC2=C(C(N(C2=O)C3=CC(=CC=C3)[*])=O)C=C4)C=C5)C=C6)C=C7)=O)[*],217.1
N1(C(C2=C(C1=O)C=CC(=C2)C(C(F)(F)F)(C(F)(F)F)C6=CC=C5C(N(C4=CC=C(C3=C(C(F)(F)F)C=C(C=C3)[*])C(=C4)C(F)(F)F)C(=O)C5=C6)=O)=O)[*],340.0
O(C6=CC=C(C2(C1=C(C=CC=C1)C3=CC=CC=C23)C5=CC=C(OC(C4=CC(=CC=C4)C(=O)[*])=O)C=C5)C=C6)[*],311.2
CC(C1=CC=C(O[*])C=C1)(C)C2=CC=C(C=C2)OC(=O)[*],145.0
O(C2=CC=C(OC1=CC=C(O[S](=O)(=O)[*])C=C1)C=C2)[*],63.1
O(C2=CC=C(SC1=CC=C(O[S](=O)(=O)[*])C=C1)C=C2)[*],61.8
O(C2=CC=C([S](C1=CC=C(O[S](=O)(=O)[*])C=C1)(=O)=O)C=C2)[*],139.3
O=[S](OC1=CC=C(C=C1)C(C(F)(F)F)(C(F)(F)F)C2=CC=C(C=C2)O[S](=O)(=O)[*])(OC4=CC=C(C(C)(C)C3=CC=C(O[*])C=C3)C=C4)=O,99.8
CC(C3=CC=C(O[S](OC1=CC(=CC=C1)SC2=CC=CC(=C2)O[*])(=O)=O)C=C3)(C)C4=CC=C(C=C4)O[S](=O)(=O)[*],75.4
CC(C3=CC=C(O[S](OC1=CC(=CC=C1)[S](C2=CC=CC(=C2)O[*])(=O)=O)(=O)=O)C=C3)(C)C4=CC=C(C=C4)O[S](=O)(=O)[*],114.1
CC(C6=CC=C(O[S](OC1=CC(=CC=C1)C3(C2=C(C=CC=C2)C4=CC=CC=C34)C5=CC=CC(=C5)O[*])(=O)=O)C=C6)(C)C7=CC=C(C=C7)O[S](=O)(=O)[*],134.6
CC(C3=CC=C(O[S](OC1=CC(=CC=C1)C(C(F)(F)F)(C(F)(F)F)C2=CC=CC(=C2)O[*])(=O)=O)C=C3)(C)C4=CC=C(C=C4)O[S](=O)(=O)[*],101.7
CC(C4=CC=C(O[S](OC1=CC(=CC=C1)C2(CCCCC2)C3=CC=CC(=C3)O[*])(=O)=O)C=C4)(C)C5=CC=C(C=C5)O[S](=O)(=O)[*],98.8
CC(C3=CC=C(O[S](OC2=CC1=C(C=CC(=C1)O[*])C=C2)(=O)=O)C=C3)(C)C4=CC=C(C=C4)O[S](=O)(=O)[*],94.9
CC(C3=CC=C(O[S](OC2=CC=C(C1=CC=C(O[*])C=C1)C=C2)(=O)=O)C=C3)(C)C4=CC=C(C=C4)O[S](=O)(=O)[*],95.2
O=[S](OC2=CC=C(OC1=CC=C(C=C1)O[S](=O)(=O)[*])C=C2)(OC3=CC(=CC=C3)SC4=CC=CC(=C4)O[*])=O,60.6
O=[S](OC3=CC=C(C1(CCCCC1)C2=CC=C(C=C2)O[S](=O)(=O)[*])C=C3)(OC4=CC(=CC=C4)C6(C5=C(C=CC=C5)C7=CC=CC=C67)C8=CC=CC(=C8)O[*])=O,148.0
O=[S](OC2=CC=C(C(C1=CC=C(C=C1)O[S](=O)(=O)[*])=O)C=C2)(OC4=CC=C(C(C)(C)C3=CC=C(O[*])C=C3)C=C4)=O,88.6
O=[S](OC2=CC=C(C1=CC=C(C=C1)O[S](=O)(=O)[*])C=C2)(OC4=CC=C(C(C)(C)C3=CC=C(O[*])C=C3)C=C4)=O,104.4
O(C8=CC=C(C(C)(C)C7=CC=C([S](=O)(OC6=CC=C(OC5=CC=C(O[S](=O)(OC4=CC=C(C(C)(C)C3=CC=C(O[S](=O)(OC2=CC=C(C(C)(C)C1=CC=C(O[S](=O)(=O)[*])C=C1)C=C2)=O)C=C3)C=C4)=O)C=C5)C=C6)=O)C=C7)C=C8)[*],87.3
O(C%11=CC=C([S](C%10=CC=C([S](=O)(OC9=CC=C(C(C8=CC=C(O[S](=O)(OC7=CC=C(C2(C1=C(C=CC=C1)C3=CC=CC=C23)C6=CC=C(O[S](=O)(OC5=CC=C(SC4=CC=C(O[S](=O)(=O)[*])C=C4)C=C5)=O)C=C6)C=C7)=O)C=C8)=O)C=C9)=O)C=C%10)(=O)=O)C=C%11)[*],134.3
CC(C3=CC=C(O[S](=O)(C2=CC=C(C1=CC=C([S](=O)(=O)[*])C=C1)C=C2)=O)C=C3)(C)C4=CC=C(C=C4)O[*],91.1
N2(C(C1=CC(=CC=C1C2=O)C(C3=CC4=C(C=C3)C(N(C4=O)C5=CC6=C(C=C5)C(CC6(C)C7=CC=C(C=C7)[*])(C)C)=O)=O)=O)[*],320.0
C1=C(C=CC2=C1C(N(C2=O)C3=CC(=CC=C3)N5C(C4=CC=C(C=C4C5=O)OC6=CC=C(C=C6)C(C7=CC(=CC=C7)O[*])(C)C)=O)=O)[*],217.0
C1=CC(=CC=C1C(C2=CC=C(C=C2)OC3=CC=C(C=C3)O[*])=O)[*],150.0
C1=CC(=CC=C1O[*])[S](=O)(=O)C2=CC=C(C=C2)[*],220.0
C1(=CC=C(S1)[*])[*],215.0
CCCCC1=C(SC(=C1)[*])[*],50.0
CCCCCCC1=C(SC(=C1)[*])[*],9.0
CCCCCCCCC1=C(SC(=C1)[*])[*],-16.3
CCCCCCCCCCC1=C(SC(=C1)[*])[*],-26.0
CCCCCCCCCCCCC1=C(SC(=C1)[*])[*],-22.0
C1(=C(SC(=C1)[*])C4=CC2=C(C=C(S2)C3=C(C=C(S3)[*])CCCCCCCCCCCCCC)S4)CCCCCCCCCCCCCC,5.0
CCCCCCC2(CCCCCC)C1=C(C=CC(=C1)[*])C3=C2C=C(C=C3)[*],99.3
CCCCCCCCC2(CCCCCCCC)C1=C(C=CC(=C1)[*])C3=C2C=C(C=C3)[*],66.0
CCCCCCCCCCCCC2(CCCCCCCCCCCC)C1=C(C=CC(=C1)[*])C3=C2C=C(C=C3)[*],31.5
C2(C1=C(C=CC(=C1)[*])C3=C2C=C(C=C3)[*])(CC(CC)CCCC)CC(CC)CCCC,57.5
CCCCCCCCC2(CCCCCCCC)C1=C(C=CC(=C1)[*])C3=C2C=C(C=C3)C5=CC=C(C4=CC=C(S4)[*])S5,90.75
CCCCCCCCC2(CCCCCCCC)C1=C(C=CC(=C1)[*])C3=C2C=C(C=C3)C4=CC=C(C5=NSN=C45)[*],108.0
CCCCCCCCC2(CCCCCCCC)C1=C(C=CC(=C1)[*])C3=C2C=C(C=C3)C7=CC=C(C5=CC=C(C4=CC=C(S4)[*])C6=NSN=C56)S7,128.0
CCCCCCCCC2(CCCCCCCC)C1=C(C=CC(=C1)[*])C3=C2C=C(C=C3)C9=CC=C(C5=C4N=C(C(=NC4=C(C=C5)C6=CC=C(S6)[*])C7=CC=CC=C7)C8=CC=CC=C8)S9,142.0
CCCCCCCCC2(CCCCCCCC)C1=C(C=CC(=C1)[*])C3=C2C=C(C=C3)C%12=CC=C(C5=C4N=C(C(=NC4=C(C6=NC(=C(N=C56)C7=CC=CC=C7)C8=CC=CC=C8)C9=CC=C(S9)[*])C%10=CC=CC=C%10)C%11=CC=CC=C%11)S%12,184.5
CCCCCCCCC2(CCCCCCCC)C1=C(C=CC(=C1)[*])C3=C2C=C(C=C3)C4=CC=C(C=C4)C(C5=CC=C(C=C5)[*])C6=CC=C(C=C6)C(C)CC,140.0
CCCCCCCCC2(CCCCCCCC)C1=C(C=CC(=C1)[*])C3=C2C=C(C=C3)C4=CC=C(C=C4)C(C5=CC=C(C=C5)[*])C6=CC=C(C=C6)CCCC,156.0
C6(C1=C(C=C2C(=C1)C5=C(C2(CCCCCCCCCCCCCCCC)CCCCCCCCCCCCCCCC)C=C(C3=CC=C(C4=NSN=C34)[*])S5)C7=C6C=C(S7)[*])(CCCCCCCCCCCCCCCC)CCCCCCCCCCCCCCCC,17.6
C6(C1=C(C=C2C(=C1)C5=C(C2(CCCCCCCCCCCCCCCC)CCCCCCCCCCCCCCCC)C=C(C3=C4C(=C(S3)[*])C(N(C4=O)C)=O)S5)C7=C6C=C(S7)[*])(CCCCCCCCCCCCCCCC)CCCCCCCCCCCCCCCC,-0.6
C6(C1=C(C=C2C(=C1)C5=C(C2(CCCCCCCCCCCCCCCC)CCCCCCCCCCCCCCCC)C=C(C3=CC=C(C4C(=O)N(C)C(=O)C34)[*])S5)C7=C6C=C(S7)[*])(CCCCCCCCCCCCCCCC)CCCCCCCCCCCCCCCC,-8.1
C(CCCCCCCC)([N]2C1=C(C=CC(=C1)[*])C3=C2C=C(C=C3)C7=CC=C(C5=CC=C(C4=CC=C(C)S4)C6=NSN=C56)S7)CCCCCCCC,121.2
C7(=CC=C(C2=C1SC(=CC1=C(C5=C2C=C(C4=C3SC(=C(C3=C(S4)[*])F)C(=O)OCC(CCCC)CC)S5)C6=CC=C(S6)CC(CC)CCCC)[*])S7)CC(CC)CCCC,138.0
CCCCC(CC)COC(=O)C2=C(C1=C(SC(=C1S2)C5=CC4=C(C(=C3C=C(SC3=C4OCC(CC)CCCC)[*])OCC(CC)CCCC)S5)[*])F,40.0
CCCCCCCCC2(CC(CC)CCCC)C1=C(SC(=C1)[*])C3=C2C=C(S3)C4=CC=C(C5=NSN=C45)[*],174.0
CCCCC(CC)CC2(CCCCCCO)C1=C(SC(=C1)[*])C3=C2C=C(S3)C4=CC=C(C5=NSN=C45)[*],198.0
CCCCC(CC)CC2(CCCCCC(=O)OCC)C1=C(SC(=C1)[*])C3=C2C=C(S3)C4=CC=C(C5=NSN=C45)[*],161.0
CCCCCCCCN2C(=O)C1=C(SC(=C1C2=O)C3=CC5=C(S3)C4=C(C=C(S4)[*])[Si]5(CC(CCCC)CC)CC(CC)CCCC)[*],107.3
CCCCCCN2C(=O)C1=C(SC(=C1C2=O)C3=CC5=C(S3)C4=C(C=C(S4)[*])[Si]5(CC(CCCC)CC)CC(CC)CCCC)[*],109.0
CCCCN2C(=O)C1=C(SC(=C1C2=O)C3=CC5=C(S3)C4=C(C=C(S4)[*])[Si]5(CC(CCCC)CC)CC(CC)CCCC)[*],109.0
C(CN4C(=O)C3=C(C2=CC=C(C1=CC=C(S1)[*])S2)N(CC(CCCCCCCCCC)CCCCCCCCCCCC)C(=O)C3=C4C5=CC=C(S5)[*])(CCCCCCCCCC)CCCCCCCCCCCC,-8.4
C(CN5C(=O)C4=C(C3=CC=C(C2=CC=C(C1=CC=C(S1)[*])S2)S3)N(CC(CCCCCCCCCCCC)CCCCCCCCCC)C(=O)C4=C5C6=CC=C(S6)[*])(CCCCCCCCCCCC)CCCCCCCCCC,15.4
C(CCCCCCCCCC)(CN3C(=O)C2=C(C1=CC=C(S1)[*])N(CC(CCCCCCCCCCCC)CCCCCCCCCC)C(=O)C2=C3C7=CC=C(C6=CC=C(C5=CC=C(C4=CC=C(S4)[*])S5)S6)S7)CCCCCCCCCCCC,19.0
C(CCCCCCCCCC)(CN5C(=O)C4=C(C3=CC=C(C2=CC1=C(C=C(S1)[*])S2)S3)N(CC(CCCCCCCCCCCC)CCCCCCCCCC)C(=O)C4=C5C6=CC=C(S6)[*])CCCCCCCCCCCC,3.15
C(CN6C(=O)C5=C(C4=CC=C(C3=CC1=C(C2=C(S1)C=C(S2)[*])S3)S4)N(CC(CCCCCCCCCC)CCCCCCCCCCCC)C(=O)C5=C6C7=CC=C(S7)[*])(CCCCCCCCCC)CCCCCCCCCCCC,13.0
C(CN5C(=O)C4=C(C3=CC=C(C2=CC=C(C=CC1=CC=C(S1)[*])S2)S3)N(CC(CCCCCCCCCCCC)CCCCCCCCCC)C(=O)C4=C5C6=CC=C(S6)[*])(CCCCCCCCCCCC)CCCCCCCCCC,24.5
C(CN6C(=O)C5=C(C4=CC=C(C3=CC(=C(C2=CC=C(C1=CC(=C(S1)[*])CCCCCCCC)S2)S3)CCCCCCCC)S4)N(CC(CCCCCCCCCC)CCCCCCCCCCCC)C(=O)C5=C6C7=CC=C(S7)[*])(CCCCCCCCCC)CCCCCCCCCCCC,-11.8
N7(C(=O)C6=C(C5=CC=C(C1=C(C2=C(S1)C4=C(S2)C3=C(C(=C(S3)[*])CCCCCCCCCCCCCCCCC)S4)CCCCCCCCCCCCCCCCC)S5)N(CCCCCCCCCCCCCCCC)C(=O)C6=C7C8=CC=C(S8)[*])CCCCCCCCCCCCCCCC,4.3
C1(=C(SC(=C1)C5=CC=C(C3=C2C(=O)N(CC(CCCCCCCCCC)CCCCCCCCCCCC)C(=C2C(=O)N3CC(CCCCCCCCCCCC)CCCCCCCCCC)C4=CC=C(S4)[*])S5)C%10=CC=C(C8=CC=C(C7=CC=C(C6=CC(=C(S6)[*])CCCCCCCCCCCC)S7)C9=NSN=C89)S%10)CCCCCCCCCCCC,32.0
C(CCCCCCCC)(CCCN5C(=O)\C(=C1\C(=O)N(CCCC(CCCCCCCCCCCC)CCCCCCCC)C2=C1C=CC(=C2)C4=CC=C(C3=CC=C(S3)[*])S4)C6=C5C=C(C=C6)[*])CCCCCCCCCCCC,43.0
C(=CC1=CC=C(C=C1)[*])[*],220.0
C(=CC1=C(C=C(C(=C1)OC)[*])OCCC(C)CCCC(C)C)[*],34.0
C(=CC1=C(C=C(C(=C1)OC)[*])OCC(CC)CCCC)[*],65.5
C(=CC1=C(C=C(C(=C1)OC)[*])OCCC2=CC=CC=C2)[*],111.0
C1(=CC(=CC=C1)C3=C(N=C2C(=CC=C(C2=N3)[*])C4=CC=C(S4)[*])C5=CC(=CC=C5)OCCCCCCCC)OCCCCCCCC,99.0
C1(=CC(=CC=C1)C3=C(N=C2C(=NC=C(C2=N3)[*])C4=CC=C(S4)[*])C5=CC(=CC=C5)OCCCCCCCC)OCCCCCCCC,46.0
CCCCCCCCC1=CC(=CC=C1)C3=C(N=C2C(=CC=C(C2=N3)[*])C4=CC=C(S4)[*])C5=CC(=CC=C5)CCCCCCCC,96.0
C1(=CC(=CC=C1)C3=C(N=C2C(=C(C(=C(C2=N3)[*])F)F)C4=CC=C(S4)[*])C5=CC(=CC=C5)OCCCCCCCC)OCCCCCCCC,48.0
C(COC4=NC(=CC3=CC=C(C2=CC=C(C1=CC=C(S1)[*])S2)S3)C(=NC4=C[*])OCC(CCCCCCCCCCCC)CCCCCCCCCC)(CCCCCCCCCC)CCCCCCCCCCCC,-18.4
C(COC5=NC(=CC4=CC=C(C3=CC=C(C2=CC=C(C1=CC=C(S1)[*])S2)S3)S4)C(=NC5=C[*])OCC(CCCCCCCCCCCC)CCCCCCCCCC)(CCCCCCCCCCCC)CCCCCCCCCC,6.7
C(CN4C(=O)C3=C(C2=CC=C(C1=CC=C(S1)[*])S2)N(CC(CCCCCCCC)CCCCCC)C(=O)C3=C4C5=CC=C(S5)[*])(CCCCCC)CCCCCCCC,1.88
C(CN4C(=O)C3=C(C2=CC=C(C1=CC=C(S1)[*])S2)N(CC(CCCCCCCC)CCCCCCCCCC)C(=O)C3=C4C5=CC=C(S5)[*])(CCCCCCCCCC)CCCCCCCC,-6.53
C(CN4C(=O)C3=C(C2=CC=C(C1=CC=C(S1)[*])S2)N(CC(CCCCCCCCCCCCCC)CCCCCCCCCCCC)C(=O)C3=C4C5=CC=C(S5)[*])(CCCCCCCCCCCC)CCCCCCCCCCCCCC,-13.26
C(CCCCCC)(CN5C(=O)C4=C(C3=CC=C(C2=CC=C(C1=CC=C(S1)[*])S2)S3)N(CC(CCCCCC)CCCCCCCC)C(=O)C4=C5C6=CC=C(S6)[*])CCCCCCCC,64.69
C(CCCCCCCCCC)(CN5C(=O)C4=C(C3=CC=C(C2=CC=C(C1=CC=C(S1)[*])S2)S3)N(CC(CCCCCCCCCC)CCCCCCCC)C(=O)C4=C5C6=CC=C(S6)[*])CCCCCCCC,25.09
C(CCCCCCCCCCCC)(CN5C(=O)C4=C(C3=CC=C(C2=CC=C(C1=CC=C(S1)[*])S2)S3)N(CC(CCCCCCCCCCCC)CCCCCCCCCCCCCC)C(=O)C4=C5C6=CC=C(S6)[*])CCCCCCCCCCCCCC,1.38
O(C(=O)OC1=CC=C(C=C1)C(C)(C)C2=CC=C(C=C2)[*])[*],147.0
O(C1=CC=C(C=C1)OC2=CC=C(C=C2)C(=O)C3=CC=C(C=C3)[*])[*],143.0
O(CCOC(=O)C1=CC=C(C=C1)C(=O)[*])[*],80.0
O(C1=CC=C(C=C1)C(=O)C2=CC=C(C=C2)[*])[*],163.0
O(C1=CC=C(C=C1)C(=O)C2=CC=C(C=C2)C(=O)C3=CC=C(C=C3)[*])[*],165.0
O(C4=CC=C(OC3=CC=C(C(=O)C2=CC=C(C(=O)C1=CC=C(C=C1)[*])C=C2)C=C3)C=C4)[*],154.0
C1(=CC=C(C=C1)N(C2=CC=C(C=C2)C)C3=CC=C(C=C3)[*])[*],185.0
CCCCCCCCC(CCCCCCCCCC)CC1=C(SC(=C1)C5=C(F)C(=C(C4=CC(=C(C3=CC=C(C2=CC=C(S2)[*])S3)S4)CC(CCCCCCCC)CCCCCCCCCC)C6=NSN=C56)F)[*],28.0
C1(=C(SC(=C1)C6=CC=C(C5=CC(=C(C2=CC4=C(S2)C3=C(C=C(S3)[*])[N]4CC(CC)CC)S5)CCCCCC)C7=NSN=C67)[*])CCCCCC,90.0
C1(=C(SC(=C1)C6=CC=C(C5=CC(=C(C2=CC4=C(C=C2)C3=C(C=C(C=C3)[*])[N]4C(CCCCCCCC)CCCCCCCC)S5)CCCCCC)C7=NSN=C67)[*])CCCCCC,74.0
C1(=C(SC(=C1)C3=CC=C(C2=CC(=C(S2)[*])CCCCCC)C4=NSN=C34)C5=CC7=C(C=C5)C6=CC=C(C=C6C7(CCCCCCCC)CCCCCCCC)[*])CCCCCC,79.0
CCCCOC1=C(C=C(C=C1)[*])C2=C(C=CC(=C2)C3=CC=C(C=C3)[*])OCCCC,164.0
CCCCCCOC1=C(C=C(C=C1)[*])C2=C(C=CC(=C2)C3=CC=C(C=C3)[*])OCCCCCC,117.0
CCCCCCCCOC1=C(C=C(C=C1)[*])C2=C(C=CC(=C2)C3=CC=C(C=C3)[*])OCCCCCCCC,87.0
CCCCCCCCCCOC1=C(C=C(C=C1)[*])C2=C(C=CC(=C2)C3=CC=C(C=C3)[*])OCCCCCCCCCC,58.0
C(CCCCCCCC)(CN6C(=O)C2=C1C(=C(C=C5C1=C(C(=C2)C4=CC=C(C3=CC=C(S3)[*])S4)C(N(C5=O)CC(CCCCCCCCCC)CCCCCCCC)=O)[*])C6=O)CCCCCCCCCC,74.0
C(CN5C(=O)\C(=C1\C(=O)N(CC(CCCCCCCC)CCCCCCCCCC)C2=C1C=CC(=C2)C4=CC=C(C3=CC=C(S3)[*])S4)C6=C5C=C(C=C6)[*])(CCCCCCCC)CCCCCCCCCC,65.0
C(=CC1=C(C=C(C(=C1)OC)C=CC2=C(C=C(C(=C2)OC)[*])OC)OCC(CC)CCCC)[*],113.0
C1=C(C=CC2=C1C(C3=CC(=CC=C23)C4=CC=C(C5=NSN=C45)[*])(CCCCCCCC)CCCCCCCC)[*],121.65
C1(=C7C(=C(S1)C3=CC2=C(C5=C(C(=C2S3)C4=CC=C(S4)CC(CC)CCCC)C=C(S5)[*])C6=CCC(S6)CC(CC)CCCC)SC(=C7F)C(=O)OCC(CC)CCCC)[*],130.3
C1(=C5C(=C(S1)C3=CC2=C(C4=C(C(=C2S3)OCC(CC)CCC)C=C(S4)[*])OCC(CC)CCCC)SC(=C5F)C(=O)OCC(CC)CCCC)[*],73.8
C1=CC(=CC(=C1)C3=NC2=C(C=CC(=C2N=C3C4=CC(=CC=C4)OCCCCCCCC)C5=CC=C(S5)[*])[*])OCCCCCCCC,81.4
C1=C(C4=C3C2=C1C(N(C(C2=C(C=C3C(N(C4=O)CC(CCCCCCCCCC)CCCCCCCC)=O)C5=CC=C(S5)C6=CC=C(S6)[*])=O)CC(CCCCCCCCCC)CCCCCCCC)=O)[*],112.0
C1=C(C2=C(C=C1)\C(C(N2CC(CCCCCCCCCC)CCCCCCCCCC)=O)=C4\C3=CC(=CC=C3N(CC(CCCCCCCCCC)CCCCCCCCCC)C4=O)C5=CC=C(S5)C6=CC=C(S6)[*])[*],69.2
C1=C(C2=C(C=C1)\C(C(N2CCC(CCCCCCCCCCC)CCCCCCCCC)=O)=C4\C3=CC(=CC=C3N(C4=O)CCC(CCCCCCCCCC)CCCCCCCCCC)C5=CC=C(S5)C6=CC=C(S6)[*])[*],49.1
C1=C(C2=C(C=C1)\C(C(N2CCCCC(CCCCCCCCCCC)CCCCCCCCC)=O)=C4\C3=CC(=CC=C3N(C4=O)CCCCC(CCCCCCCCCC)CCCCCCCCCC)C5=CC=C(S5)C6=CC=C(S6)[*])[*],20.0
C1=C(C4=C3C2=C1C(N(C(C2=C(C=C3C(N(C4=O)CC(CCCCCC)CCCCCCCC)=O)C5=CC=C(S5)[*])=O)CC(CCCCCC)CCCCCCCC)=O)[*],120.4
C1=C(C4=C3C2=C1C(N(C(C2=C(C=C3C(N(C4=O)CC(CCCCCCCCCC)CCCCCCCC)=O)C5=CC=C(S5)[*])=O)CC(CCCCCCCCCC)CCCCCCCC)=O)[*],94.85
C1=C(C4=C3C2=C1C(N(C(C2=C(C=C3C(N(C4=O)CC(CCCCCCCCCC)CCCCCCCCCCCC)=O)C5=CC=C(S5)[*])=O)CC(CCCCCCCCCC)CCCCCCCCCCCC)=O)[*],42.3
C1=C(C4=C3C2=C1C(N(C(C2=C(C=C3C(N(C4=O)CC(CCCCCCCCCCCCC)CCCCCCCCCCCC)=O)C5=CC=C(S5)[*])=O)CC(CCCCCCCCCCCCCC)CCCCCCCCCCCC)=O)[*],24.5
C(CC(CC)CC%10=C(F)C=C(C2=C9C(=C(C1=CC(=C(CC(CCCC)CC)S1)F)C8=C2C=C(C7=CC=C(C6=C4C(=O)C3=C(CC(CCCC)CC)SC(=C3C(=O)C4=C(C5=CC=C(S5)[*])S6)CC(CCCC)CC)S7)S8)C=C(S9)[*])S%10)CC,130.4
C(CC(CC)CC%10=C(C=C(C2=C9C(=C(C1=CC(=C(CC(CCCC)CC)S1)Cl)C8=C2C=C(C7=CC=C(C6=C4C(=O)C3=C(CC(CCCC)CC)SC(=C3C(=O)C4=C(C5=CC=C(S5)[*])S6)CC(CCCC)CC)S7)S8)C=C(S9)[*])S%10)Cl)CC,145.6
CCCCCCCCC2(CCCCCCCC)C1=C(C=CC(=C1)[*])C3=C2C=C(C=C3)C4=CC=C(C=C4)N(C5=CC=C(C=C5)[*])C6=CC=C(C=C6)C(C)CC,133.0
CCCCC(CC)CC2(CC(CC)CCCC)C1=C(SC(=C1)[*])C3=C2C=C(S3)C4=CC=C(C5=NSN=C45)[*],175.8
C(CCCCCCCC)(CN6C(=O)C2=C1C(=C(C=C5C1=C(C(=C2)C4=CC=C(C3=CC=C(S3)[*])S4)C(N(C5=O)CC(CCCCCC)CCCCCCCC)=O)[*])C6=O)CCCCCC,136.0
C12=NSN=C1C(=CC=C2C3=CC=C(S3)C4=CC6=C(C=C4)C5=C(C=C(C=C5)[*])C6(CCCCCCCC)CCCCCCCC)C7=CC=C(S7)[*],126.0
C12=NSN=C1C(=CC=C2C3=CC=C(S3)C4=CC6=C(C=C4)C5=C(C=C(C=C5)[*])[N]6C(CCCCCCCC)CCCCCCCC)C7=CC=C(S7)[*],116.0
C12=NSN=C1C(=CC=C2C3=CC(=C(S3)C4=CC6=C(C=C4)C5=C(C=C(C=C5)[*])C6(CCCCCCCC)CCCCCCCC)CCCCCC)C7=CC(=C(S7)[*])CCCCCC,79.0
C12=NSN=C1C(=CC=C2C3=CC(=C(S3)C4=CC6=C(C=C4)C5=C(C=C(C=C5)[*])[N]6C(CCCCCCCC)CCCCCCCC)CCCCCC)C7=CC(=C(S7)[*])CCCCCC,74.0
C12=NSN=C1C(=CC=C2C3=CC(=C(S3)C6=CC5=C(C4=C(C=C(S4)[*])[N]5CC(CCCC)CC)S6)CCCCCC)C7=CC(=C(S7)[*])CCCCCC,90.0
C12=NSN=C1C(=CC=C2C3=CC5=C(C=C3)C4=C(C=C(C=C4)[*])C5(CCCCCCCC)CCCCCCCC)[*],112.0
C1(=CC3=C(C=C1)C2=C(C=C(C=C2)[*])C3(CCCCCCCC)CCCCCCCC)C5=CC=C(C4=CC=C([*])S4)S5,102.0
C1(=CC3=C(C=C1)C2=C(C=C(C=C2)[*])C3(CCCCCCCC)CCCCCCCC)C4=CC=C(C=C4)N(C5=CC=C(C=C5)[*])C6=CC=C(C=C6)C(CC)C,140.0
C1=C(SC(=C1)[*])[*],215.0
C(CCCCCCCC1=C(SC(=C1)[*])[*])CC,-27.0
C(CCCCCCCC1=C(SC(=C1)[*])[*])CCCC,-30.0
C1(C3=C(C2=C1C=C(C=C2)[*])C=CC(=C3)[*])(CCCCCC)CCCCCC,101.0
C1(C3=C(C2=C1C=C(C=C2)[*])C=CC(=C3)[*])(CC(CCCC)CC)CC(CCCC)CC,59.0
C1(C3=C(C2=C1C=C(C=C2)[*])C=CC(=C3)[*])(CCCCCCCC)CCCCCCCC,71.0
C1(C3=C(C2=C1C=C(C=C2)[*])C=CC(=C3)[*])(CCCCCCCCCCCC)CCCCCCCCCCCC,16.0
C6=C(C5=C(C=C(C1=C(C(=C(C2=NSN=C12)C4=CC(=C(C3=CC=C(S3)[*])S4)CC(CCCCCCCCCC)CCCCCCCC)F)F)S5)CC(CCCCCCCC)CCCCCCCCCC)SC(=C6)[*],28.0
C15=C(C(=C2C(=C1OCC(CC)CCCC)SC(=C2)C3=C4C(=C(S3)[*])C(=C(S4)C(=O)OCC(CC)CCCC)F)OCC(CC)CCCC)SC(=C5)[*],40.0
C14=CC(=C3C2=C1C(=C(C=C2C(N(C3=O)CC(CCCCCCCC)CCCCCCCCCC)=O)[*])C(N(C4=O)CC(CCCCCCCC)CCCCCCCCCC)=O)C6=CC=C(C5=CC=C([*])S5)S6,74.0
C12=CC(=CC=C1\C(C(=O)N2CC(CCCCCCCCCC)CCCCCCCC)=C3\C4=C(N(C3=O)CC(CCCCCCCC)CCCCCCCCCC)C=C(C=C4)C5=CC=C(S5)C6=CC=C(S6)[*])[*],65.0
C1=C(C(=CC(=C1[*])OC)C=CC2=C(C=C(C(=C2)OCC(CCCC)CC)C=C[*])OC)OC,113.0
C1(=CC(=C(C=C1C=C[*])OC)[*])OCCC(CCCC(C)C)C,50.0
C1(=CC(=C(C=C1C=C[*])OC)[*])OCC(CC)CCCC,66.0
C4(=CC3=C(C=C(C2=CC(=C(C1=C(C=C(S1)[*])CCCCCCCCCCCCCC)S2)CCCCCCCCCCCCCC)S3)S4)[*],5.0
C1=CC(=CC(=C1OCCCC)C2=CC(=CC=C2OCCCC)C3=CC=C(C=C3)[*])[*],164.0
C1=CC(=CC(=C1OCCCCCC)C2=CC(=CC=C2OCCCCCC)C3=CC=C(C=C3)[*])[*],117.0
C1=CC(=CC(=C1OCCCCCCCC)C2=CC(=CC=C2OCCCCCCCC)C3=CC=C(C=C3)[*])[*],87.0
C1=CC(=CC(=C1OCCCCCCCCCC)C2=CC(=CC=C2OCCCCCCCCCC)C3=CC=C(C=C3)[*])[*],58.0
C1(=CC3=C(C=C1)C2=C(C=C(C=C2)[*])C3(CCCCCCCC)CCCCCCCC)C9=CC=C(C4=CC=C(C5=C4N=C(C(=C5)C6=CC=CC=C6)C7=CC=CC=C7)C8=CC=C([*])S8)S9,142.0
C1(=CC3=C(C=C1)C2=C(C=C(C=C2)[*])C3(CCCCCCCC)CCCCCCCC)C%11=CC=C(C4=C(C(=C(C5=C4N=C(C(=N5)C6=CC=CC=C6)C7=CC=CC=C7)C8=CC=C([*])S8)C9=CC=CC=C9)C%10=CC=CC=C%10)S%11,192.0
